ANO_ELEICAO;NR_TURNO;SG_UE;NM_MUNICIPIO;NR_ZONA;CD_CARGO;DS_CARGO;NR_PARTIDO;SG_PARTIDO;NM_PARTIDO;DS_COMPOSICAO_COLIGACAO;QT_VOTOS_NOMINAIS_VALIDOS
2022;1;RO;CAMPO NOVO DE RONDÔNIA;34;6;Deputado Federal;70;AVANTE;AVANTE;AVANTE;58
2022;1;RO;JI-PARANÁ;3;6;Deputado Federal;70;AVANTE;AVANTE;AVANTE;107
2022;1;RO;CHUPINGUAIA;8;6;Deputado Federal;70;AVANTE;AVANTE;AVANTE;4
2022;1;RO;GUAJARÁ-MIRIM;1;7;Deputado Estadual;10;REPUBLICANOS;REPUBLICANOS;REPUBLICANOS;744
2022;1;RO;JI-PARANÁ;3;3;Governador;50;PSOL;Partido Socialismo e Liberdade;Federação PSOL REDE(PSOL/REDE);68
2022;1;RO;PIMENTA BUENO;9;6;Deputado Federal;19;PODE;Podemos;PODE;5193
2022;1;RO;ESPIGÃO DO OESTE;12;6;Deputado Federal;19;PODE;Podemos;PODE;2422
2022;1;RO;SÃO FRANCISCO DO GUAPORÉ;5;6;Deputado Federal;19;PODE;Podemos;PODE;462
2022;1;RO;ESPIGÃO DO OESTE;12;6;Deputado Federal;50;PSOL;Partido Socialismo e Liberdade;Federação PSOL REDE(PSOL/REDE);34
2022;1;RO;PORTO VELHO;6;6;Deputado Federal;50;PSOL;Partido Socialismo e Liberdade;Federação PSOL REDE(PSOL/REDE);79
2022;1;RO;NOVA BRASILÂNDIA D OESTE;15;7;Deputado Estadual;19;PODE;Podemos;PODE;7
2022;1;RO;SÃO FRANCISCO DO GUAPORÉ;5;7;Deputado Estadual;19;PODE;Podemos;PODE;43
2022;1;RO;MACHADINHO D OESTE;32;7;Deputado Estadual;13;PT;Partido dos Trabalhadores;Federação Brasil da Esperança - FE BRASIL(PT/PC do B/PV);407
2022;1;RO;MINISTRO ANDREAZZA;11;7;Deputado Estadual;65;PC do B;Partido Comunista do Brasil;Federação Brasil da Esperança - FE BRASIL(PT/PC do B/PV);0
2022;1;RO;NOVA MAMORÉ;1;7;Deputado Estadual;65;PC do B;Partido Comunista do Brasil;Federação Brasil da Esperança - FE BRASIL(PT/PC do B/PV);1
2022;1;RO;JARU;10;7;Deputado Estadual;43;PV;Partido Verde;Federação Brasil da Esperança - FE BRASIL(PT/PC do B/PV);1
2022;1;RO;THEOBROMA;27;7;Deputado Estadual;43;PV;Partido Verde;Federação Brasil da Esperança - FE BRASIL(PT/PC do B/PV);1
2022;1;RO;MIRANTE DA SERRA;28;7;Deputado Estadual;43;PV;Partido Verde;Federação Brasil da Esperança - FE BRASIL(PT/PC do B/PV);0
2022;1;RO;THEOBROMA;27;7;Deputado Estadual;55;PSD;Partido Social Democrático;PSD;535
2022;1;RO;ALTO ALEGRE DOS PARECIS;19;7;Deputado Estadual;55;PSD;Partido Social Democrático;PSD;118
2022;1;RO;JI-PARANÁ;3;7;Deputado Estadual;55;PSD;Partido Social Democrático;PSD;4048
2022;1;RO;NOVA BRASILÂNDIA D OESTE;15;7;Deputado Estadual;55;PSD;Partido Social Democrático;PSD;1279
2022;1;RO;CABIXI;8;7;Deputado Estadual;36;AGIR;AGIR;AGIR;0
2022;1;RO;COSTA MARQUES;5;7;Deputado Estadual;36;AGIR;AGIR;AGIR;9
2022;1;RO;JI-PARANÁ;30;6;Deputado Federal;40;PSB;Partido Socialista Brasileiro;PSB;775
2022;1;RO;SÃO MIGUEL DO GUAPORÉ;35;6;Deputado Federal;40;PSB;Partido Socialista Brasileiro;PSB;210
2022;1;RO;ALTA FLORESTA D OESTE;17;6;Deputado Federal;40;PSB;Partido Socialista Brasileiro;PSB;143
2022;1;RO;SERINGUEIRAS;35;6;Deputado Federal;40;PSB;Partido Socialista Brasileiro;PSB;154
2022;1;RO;CUJUBIM;26;6;Deputado Federal;77;SOLIDARIEDADE;Solidariedade;SOLIDARIEDADE;2
2022;1;RO;CASTANHEIRAS;15;6;Deputado Federal;77;SOLIDARIEDADE;Solidariedade;SOLIDARIEDADE;0
2022;1;RO;ESPIGÃO DO OESTE;12;6;Deputado Federal;77;SOLIDARIEDADE;Solidariedade;SOLIDARIEDADE;5
2022;1;RO;ALVORADA DO OESTE;18;6;Deputado Federal;77;SOLIDARIEDADE;Solidariedade;SOLIDARIEDADE;3
2022;1;RO;RIO CRESPO;26;7;Deputado Estadual;18;REDE;Rede Sustentabilidade;Federação PSOL REDE(PSOL/REDE);0
2022;1;RO;ALTA FLORESTA D OESTE;17;7;Deputado Estadual;18;REDE;Rede Sustentabilidade;Federação PSOL REDE(PSOL/REDE);26
2022;2;RO;GOVERNADOR JORGE TEIXEIRA;27;3;Governador;44;UNIÃO;UNIÃO BRASIL;UNIÃO / REPUBLICANOS / AVANTE / MDB / PATRIOTA / PSC / Federação PSDB Cidadania(PSDB/CIDADANIA);2431
2022;2;RO;COSTA MARQUES;5;3;Governador;44;UNIÃO;UNIÃO BRASIL;UNIÃO / REPUBLICANOS / AVANTE / MDB / PATRIOTA / PSC / Federação PSDB Cidadania(PSDB/CIDADANIA);3097
2022;1;RO;ARIQUEMES;7;7;Deputado Estadual;40;PSB;Partido Socialista Brasileiro;PSB;507
2022;1;RO;PRESIDENTE MÉDICI;3;3;Governador;44;UNIÃO;UNIÃO BRASIL;UNIÃO / REPUBLICANOS / AVANTE / MDB / PATRIOTA / PSC / Federação PSDB Cidadania(PSDB/CIDADANIA);3999
2022;1;RO;ALTO ALEGRE DOS PARECIS;19;3;Governador;44;UNIÃO;UNIÃO BRASIL;UNIÃO / REPUBLICANOS / AVANTE / MDB / PATRIOTA / PSC / Federação PSDB Cidadania(PSDB/CIDADANIA);4144
2022;1;RO;THEOBROMA;27;7;Deputado Estadual;23;CIDADANIA;Cidadania;Federação PSDB Cidadania(PSDB/CIDADANIA);0
2022;1;RO;CABIXI;8;3;Governador;77;SOLIDARIEDADE;Solidariedade;Federação Brasil da Esperança - FE BRASIL(PT/PC do B/PV) / PSB / SOLIDARIEDADE / PDT;475
2022;1;RO;PIMENTEIRAS DO OESTE;16;3;Governador;77;SOLIDARIEDADE;Solidariedade;Federação Brasil da Esperança - FE BRASIL(PT/PC do B/PV) / PSB / SOLIDARIEDADE / PDT;159
2022;1;RO;MINISTRO ANDREAZZA;11;6;Deputado Federal;13;PT;Partido dos Trabalhadores;Federação Brasil da Esperança - FE BRASIL(PT/PC do B/PV);448
2022;1;RO;GUAJARÁ-MIRIM;1;6;Deputado Federal;13;PT;Partido dos Trabalhadores;Federação Brasil da Esperança - FE BRASIL(PT/PC do B/PV);363
2022;1;RO;SERINGUEIRAS;35;5;Senador;11;PP;PROGRESSISTAS;PP;929
2022;1;RO;SÃO FRANCISCO DO GUAPORÉ;5;5;Senador;11;PP;PROGRESSISTAS;PP;1098
2022;1;RO;BURITIS;34;5;Senador;11;PP;PROGRESSISTAS;PP;2087
2022;2;RO;PORTO VELHO;2;3;Governador;22;PL;Partido Liberal;PL / DC / PMB / PTB;30712
2022;1;RO;JI-PARANÁ;30;3;Governador;19;PODE;Podemos;PODE / PMN / PSD;3217
2022;1;RO;ALTA FLORESTA D OESTE;17;3;Governador;19;PODE;Podemos;PODE / PMN / PSD;791
2022;1;RO;PIMENTEIRAS DO OESTE;16;3;Governador;19;PODE;Podemos;PODE / PMN / PSD;45
2022;1;RO;VALE DO PARAÍSO;28;6;Deputado Federal;18;REDE;Rede Sustentabilidade;Federação PSOL REDE(PSOL/REDE);0
2022;1;RO;COSTA MARQUES;5;6;Deputado Federal;20;PSC;Partido Social Cristão;PSC;342
2022;1;RO;GUAJARÁ-MIRIM;1;6;Deputado Federal;20;PSC;Partido Social Cristão;PSC;1131
2022;1;RO;JI-PARANÁ;30;6;Deputado Federal;44;UNIÃO;UNIÃO BRASIL;UNIÃO;5732
2022;1;RO;PIMENTEIRAS DO OESTE;16;7;Deputado Estadual;11;PP;PROGRESSISTAS;PP;32
2022;1;RO;JI-PARANÁ;3;7;Deputado Estadual;11;PP;PROGRESSISTAS;PP;834
2022;1;RO;MACHADINHO D OESTE;32;7;Deputado Estadual;11;PP;PROGRESSISTAS;PP;174
2022;1;RO;CASTANHEIRAS;15;7;Deputado Estadual;50;PSOL;Partido Socialismo e Liberdade;Federação PSOL REDE(PSOL/REDE);0
2022;1;RO;COSTA MARQUES;5;7;Deputado Estadual;15;MDB;Movimento Democrático Brasileiro;MDB;258
2022;1;RO;ALTA FLORESTA D OESTE;17;6;Deputado Federal;12;PDT;Partido Democrático Trabalhista;PDT;41
2022;1;RO;VALE DO PARAÍSO;28;6;Deputado Federal;12;PDT;Partido Democrático Trabalhista;PDT;8
2022;1;RO;COLORADO DO OESTE;8;6;Deputado Federal;12;PDT;Partido Democrático Trabalhista;PDT;16
2022;1;RO;CORUMBIARA;16;6;Deputado Federal;12;PDT;Partido Democrático Trabalhista;PDT;8
2022;1;RO;THEOBROMA;27;6;Deputado Federal;12;PDT;Partido Democrático Trabalhista;PDT;18
2022;1;RO;SANTA LUZIA D OESTE;19;7;Deputado Estadual;20;PSC;Partido Social Cristão;PSC;524
2022;1;RO;SÃO FELIPE D OESTE;19;7;Deputado Estadual;20;PSC;Partido Social Cristão;PSC;90
2022;1;RO;PORTO VELHO;20;3;Governador;22;PL;Partido Liberal;PL / DC / PMB / PTB;15670
2022;1;RO;CABIXI;8;3;Governador;22;PL;Partido Liberal;PL / DC / PMB / PTB;1163
2022;1;RO;CACOAL;11;3;Governador;22;PL;Partido Liberal;PL / DC / PMB / PTB;16935
2022;1;RO;SÃO FRANCISCO DO GUAPORÉ;5;7;Deputado Estadual;35;PMB;Partido da Mulher Brasileira;PMB;8
2022;1;RO;VALE DO PARAÍSO;28;7;Deputado Estadual;35;PMB;Partido da Mulher Brasileira;PMB;1
2022;1;RO;COLORADO DO OESTE;8;7;Deputado Estadual;35;PMB;Partido da Mulher Brasileira;PMB;5
2022;1;RO;NOVA BRASILÂNDIA D OESTE;15;6;Deputado Federal;51;PATRIOTA;Patriota;PATRIOTA;4
2022;1;RO;JI-PARANÁ;3;6;Deputado Federal;51;PATRIOTA;Patriota;PATRIOTA;34
2022;1;RO;CASTANHEIRAS;15;6;Deputado Federal;51;PATRIOTA;Patriota;PATRIOTA;5
2022;1;RO;SÃO FELIPE D OESTE;19;6;Deputado Federal;15;MDB;Movimento Democrático Brasileiro;MDB;205
2022;1;RO;SÃO FRANCISCO DO GUAPORÉ;5;6;Deputado Federal;15;MDB;Movimento Democrático Brasileiro;MDB;149
2022;1;RO;NOVA MAMORÉ;1;7;Deputado Estadual;44;UNIÃO;UNIÃO BRASIL;UNIÃO;2112
2022;1;RO;ALTO ALEGRE DOS PARECIS;19;7;Deputado Estadual;44;UNIÃO;UNIÃO BRASIL;UNIÃO;1460
2022;1;RO;CEREJEIRAS;16;7;Deputado Estadual;44;UNIÃO;UNIÃO BRASIL;UNIÃO;4354
2022;1;RO;GOVERNADOR JORGE TEIXEIRA;27;7;Deputado Estadual;44;UNIÃO;UNIÃO BRASIL;UNIÃO;587
2022;1;RO;URUPÁ;18;7;Deputado Estadual;70;AVANTE;AVANTE;AVANTE;39
2022;1;RO;OURO PRETO DO OESTE;13;7;Deputado Estadual;70;AVANTE;AVANTE;AVANTE;186
2022;1;RO;PORTO VELHO;2;7;Deputado Estadual;70;AVANTE;AVANTE;AVANTE;2685
2022;1;RO;CEREJEIRAS;16;7;Deputado Estadual;70;AVANTE;AVANTE;AVANTE;49
2022;1;RO;CASTANHEIRAS;15;6;Deputado Federal;65;PC do B;Partido Comunista do Brasil;Federação Brasil da Esperança - FE BRASIL(PT/PC do B/PV);1
2022;1;RO;JI-PARANÁ;3;6;Deputado Federal;10;REPUBLICANOS;REPUBLICANOS;REPUBLICANOS;1509
2022;1;RO;PORTO VELHO;21;6;Deputado Federal;10;REPUBLICANOS;REPUBLICANOS;REPUBLICANOS;5537
2022;1;RO;ARIQUEMES;7;7;Deputado Estadual;33;PMN;Partido da Mobilização Nacional;PMN;304
2022;1;RO;ROLIM DE MOURA;29;7;Deputado Estadual;33;PMN;Partido da Mobilização Nacional;PMN;3638
2022;1;RO;CASTANHEIRAS;15;6;Deputado Federal;35;PMB;Partido da Mulher Brasileira;PMB;0
2022;1;RO;CAMPO NOVO DE RONDÔNIA;34;6;Deputado Federal;35;PMB;Partido da Mulher Brasileira;PMB;0
2022;1;RO;MINISTRO ANDREAZZA;11;6;Deputado Federal;90;PROS;Partido Republicano da Ordem Social;PROS;0
2022;1;RO;CAMPO NOVO DE RONDÔNIA;34;6;Deputado Federal;55;PSD;Partido Social Democrático;PSD;185
2022;1;RO;VALE DO ANARI;32;6;Deputado Federal;55;PSD;Partido Social Democrático;PSD;137
2022;1;RO;NOVA MAMORÉ;1;7;Deputado Estadual;10;REPUBLICANOS;REPUBLICANOS;REPUBLICANOS;862
2022;1;RO;CANDEIAS DO JAMARI;21;7;Deputado Estadual;10;REPUBLICANOS;REPUBLICANOS;REPUBLICANOS;1231
2022;1;RO;SANTA LUZIA D OESTE;19;7;Deputado Estadual;10;REPUBLICANOS;REPUBLICANOS;REPUBLICANOS;259
2022;1;RO;GOVERNADOR JORGE TEIXEIRA;27;7;Deputado Estadual;10;REPUBLICANOS;REPUBLICANOS;REPUBLICANOS;136
2022;1;RO;PORTO VELHO;6;7;Deputado Estadual;10;REPUBLICANOS;REPUBLICANOS;REPUBLICANOS;4719
2022;1;RO;BURITIS;34;6;Deputado Federal;19;PODE;Podemos;PODE;1649
2022;1;RO;NOVA BRASILÂNDIA D OESTE;15;6;Deputado Federal;43;PV;Partido Verde;Federação Brasil da Esperança - FE BRASIL(PT/PC do B/PV);1
2022;1;RO;ALTO ALEGRE DOS PARECIS;19;6;Deputado Federal;43;PV;Partido Verde;Federação Brasil da Esperança - FE BRASIL(PT/PC do B/PV);0
2022;1;RO;SÃO MIGUEL DO GUAPORÉ;35;6;Deputado Federal;90;PROS;Partido Republicano da Ordem Social;PROS;0
2022;1;RO;VALE DO PARAÍSO;28;5;Senador;35;PMB;Partido da Mulher Brasileira;PMB;1
2022;1;RO;VALE DO ANARI;32;7;Deputado Estadual;10;REPUBLICANOS;REPUBLICANOS;REPUBLICANOS;646
2022;1;RO;JI-PARANÁ;30;3;Governador;50;PSOL;Partido Socialismo e Liberdade;Federação PSOL REDE(PSOL/REDE);119
2022;1;RO;VILHENA;4;3;Governador;50;PSOL;Partido Socialismo e Liberdade;Federação PSOL REDE(PSOL/REDE);131
2022;1;RO;CEREJEIRAS;16;3;Governador;50;PSOL;Partido Socialismo e Liberdade;Federação PSOL REDE(PSOL/REDE);21
2022;1;RO;BURITIS;34;3;Governador;50;PSOL;Partido Socialismo e Liberdade;Federação PSOL REDE(PSOL/REDE);27
2022;1;RO;CANDEIAS DO JAMARI;21;6;Deputado Federal;19;PODE;Podemos;PODE;839
2022;1;RO;PORTO VELHO;6;6;Deputado Federal;19;PODE;Podemos;PODE;6155
2022;1;RO;GUAJARÁ-MIRIM;1;6;Deputado Federal;19;PODE;Podemos;PODE;808
2022;1;RO;MONTE NEGRO;25;6;Deputado Federal;50;PSOL;Partido Socialismo e Liberdade;Federação PSOL REDE(PSOL/REDE);0
2022;1;RO;ROLIM DE MOURA;29;7;Deputado Estadual;77;SOLIDARIEDADE;Solidariedade;SOLIDARIEDADE;34
2022;1;RO;JARU;10;7;Deputado Estadual;77;SOLIDARIEDADE;Solidariedade;SOLIDARIEDADE;36
2022;1;RO;PIMENTEIRAS DO OESTE;16;7;Deputado Estadual;77;SOLIDARIEDADE;Solidariedade;SOLIDARIEDADE;1
2022;1;RO;PORTO VELHO;20;7;Deputado Estadual;19;PODE;Podemos;PODE;2723
2022;1;RO;NOVA MAMORÉ;1;7;Deputado Estadual;19;PODE;Podemos;PODE;1839
2022;1;RO;TEIXEIRÓPOLIS;13;7;Deputado Estadual;13;PT;Partido dos Trabalhadores;Federação Brasil da Esperança - FE BRASIL(PT/PC do B/PV);565
2022;1;RO;CAMPO NOVO DE RONDÔNIA;34;7;Deputado Estadual;55;PSD;Partido Social Democrático;PSD;91
2022;1;RO;SERINGUEIRAS;35;7;Deputado Estadual;55;PSD;Partido Social Democrático;PSD;480
2022;1;RO;CAMPO NOVO DE RONDÔNIA;34;7;Deputado Estadual;36;AGIR;AGIR;AGIR;3
2022;1;RO;PRESIDENTE MÉDICI;3;6;Deputado Federal;40;PSB;Partido Socialista Brasileiro;PSB;178
2022;1;RO;URUPÁ;18;6;Deputado Federal;77;SOLIDARIEDADE;Solidariedade;SOLIDARIEDADE;3
2022;1;RO;ALTA FLORESTA D OESTE;17;6;Deputado Federal;77;SOLIDARIEDADE;Solidariedade;SOLIDARIEDADE;6
2022;1;RO;NOVO HORIZONTE DO OESTE;15;6;Deputado Federal;77;SOLIDARIEDADE;Solidariedade;SOLIDARIEDADE;0
2022;1;RO;MACHADINHO D OESTE;32;6;Deputado Federal;13;PT;Partido dos Trabalhadores;Federação Brasil da Esperança - FE BRASIL(PT/PC do B/PV);833
2022;1;RO;CAMPO NOVO DE RONDÔNIA;34;7;Deputado Estadual;18;REDE;Rede Sustentabilidade;Federação PSOL REDE(PSOL/REDE);0
2022;2;RO;CHUPINGUAIA;8;3;Governador;44;UNIÃO;UNIÃO BRASIL;UNIÃO / REPUBLICANOS / AVANTE / MDB / PATRIOTA / PSC / Federação PSDB Cidadania(PSDB/CIDADANIA);1539
2022;2;RO;ESPIGÃO DO OESTE;12;3;Governador;44;UNIÃO;UNIÃO BRASIL;UNIÃO / REPUBLICANOS / AVANTE / MDB / PATRIOTA / PSC / Federação PSDB Cidadania(PSDB/CIDADANIA);9042
2022;1;RO;MONTE NEGRO;25;3;Governador;44;UNIÃO;UNIÃO BRASIL;UNIÃO / REPUBLICANOS / AVANTE / MDB / PATRIOTA / PSC / Federação PSDB Cidadania(PSDB/CIDADANIA);1604
2022;1;RO;GUAJARÁ-MIRIM;1;7;Deputado Estadual;23;CIDADANIA;Cidadania;Federação PSDB Cidadania(PSDB/CIDADANIA);0
2022;1;RO;JI-PARANÁ;30;5;Senador;12;PDT;Partido Democrático Trabalhista;Federação Brasil da Esperança - FE BRASIL(PT/PC do B/PV) / PDT / PSB / SOLIDARIEDADE;0
2022;1;RO;ARIQUEMES;7;6;Deputado Federal;18;REDE;Rede Sustentabilidade;Federação PSOL REDE(PSOL/REDE);0
2022;1;RO;PIMENTA BUENO;9;7;Deputado Estadual;22;PL;Partido Liberal;PL;5399
2022;1;RO;ALVORADA DO OESTE;18;7;Deputado Estadual;51;PATRIOTA;Patriota;PATRIOTA;625
2022;1;RO;VILHENA;4;7;Deputado Estadual;51;PATRIOTA;Patriota;PATRIOTA;1367
2022;1;RO;CACAULÂNDIA;26;7;Deputado Estadual;14;PTB;Partido Trabalhista Brasileiro;PTB;427
2022;1;RO;JARU;10;6;Deputado Federal;14;PTB;Partido Trabalhista Brasileiro;PTB;330
2022;1;RO;VALE DO PARAÍSO;28;6;Deputado Federal;14;PTB;Partido Trabalhista Brasileiro;PTB;172
2022;1;RO;SANTA LUZIA D OESTE;19;6;Deputado Federal;14;PTB;Partido Trabalhista Brasileiro;PTB;21
2022;1;RO;URUPÁ;18;6;Deputado Federal;36;AGIR;AGIR;AGIR;10
2022;1;RO;NOVA UNIÃO;28;6;Deputado Federal;36;AGIR;AGIR;AGIR;0
2022;1;RO;CEREJEIRAS;16;5;Senador;36;AGIR;AGIR;AGIR / PROS;20
2022;1;RO;NOVA UNIÃO;28;7;Deputado Estadual;12;PDT;Partido Democrático Trabalhista;PDT;19
2022;1;RO;VALE DO ANARI;32;6;Deputado Federal;22;PL;Partido Liberal;PL;884
2022;1;RO;CACOAL;11;6;Deputado Federal;22;PL;Partido Liberal;PL;3485
2022;1;RO;MONTE NEGRO;25;7;Deputado Estadual;45;PSDB;Partido da Social Democracia Brasileira;Federação PSDB Cidadania(PSDB/CIDADANIA);22
2022;1;RO;PORTO VELHO;2;5;Senador;10;REPUBLICANOS;REPUBLICANOS;REPUBLICANOS / Federação PSDB Cidadania(PSDB/CIDADANIA) / UNIÃO / PSC / AVANTE / PATRIOTA / MDB;29986
2022;1;RO;THEOBROMA;27;5;Senador;10;REPUBLICANOS;REPUBLICANOS;REPUBLICANOS / Federação PSDB Cidadania(PSDB/CIDADANIA) / UNIÃO / PSC / AVANTE / PATRIOTA / MDB;2085
2022;1;RO;PORTO VELHO;6;3;Governador;19;PODE;Podemos;PODE / PMN / PSD;12837
2022;1;RO;VILHENA;4;3;Governador;19;PODE;Podemos;PODE / PMN / PSD;5642
2022;1;RO;CHUPINGUAIA;8;3;Governador;19;PODE;Podemos;PODE / PMN / PSD;444
2022;1;RO;CANDEIAS DO JAMARI;21;3;Governador;19;PODE;Podemos;PODE / PMN / PSD;1763
2022;1;RO;ARIQUEMES;7;3;Governador;19;PODE;Podemos;PODE / PMN / PSD;7456
2022;1;RO;PRESIDENTE MÉDICI;3;3;Governador;19;PODE;Podemos;PODE / PMN / PSD;873
2022;1;RO;SÃO FELIPE D OESTE;19;5;Senador;55;PSD;Partido Social Democrático;PODE / PSD / PMN;769
2022;1;RO;PRESIDENTE MÉDICI;3;5;Senador;55;PSD;Partido Social Democrático;PODE / PSD / PMN;953
2022;1;RO;JI-PARANÁ;30;5;Senador;55;PSD;Partido Social Democrático;PODE / PSD / PMN;3368
2022;1;RO;SANTA LUZIA D OESTE;19;7;Deputado Estadual;23;CIDADANIA;Cidadania;Federação PSDB Cidadania(PSDB/CIDADANIA);0
2022;1;RO;ALVORADA DO OESTE;18;7;Deputado Estadual;23;CIDADANIA;Cidadania;Federação PSDB Cidadania(PSDB/CIDADANIA);0
2022;1;RO;OURO PRETO DO OESTE;13;6;Deputado Federal;18;REDE;Rede Sustentabilidade;Federação PSOL REDE(PSOL/REDE);0
2022;1;RO;NOVA MAMORÉ;1;5;Senador;22;PL;Partido Liberal;PL / DC / PTB;3921
2022;1;RO;ALTO PARAÍSO;25;6;Deputado Federal;20;PSC;Partido Social Cristão;PSC;912
2022;1;RO;JARU;10;6;Deputado Federal;20;PSC;Partido Social Cristão;PSC;961
2022;1;RO;CAMPO NOVO DE RONDÔNIA;34;6;Deputado Federal;20;PSC;Partido Social Cristão;PSC;658
2022;1;RO;COLORADO DO OESTE;8;7;Deputado Estadual;11;PP;PROGRESSISTAS;PP;110
2022;1;RO;PRESIDENTE MÉDICI;3;7;Deputado Estadual;11;PP;PROGRESSISTAS;PP;188
2022;1;RO;PIMENTA BUENO;9;7;Deputado Estadual;11;PP;PROGRESSISTAS;PP;938
2022;1;RO;SÃO FELIPE D OESTE;19;7;Deputado Estadual;50;PSOL;Partido Socialismo e Liberdade;Federação PSOL REDE(PSOL/REDE);1
2022;1;RO;COSTA MARQUES;5;6;Deputado Federal;12;PDT;Partido Democrático Trabalhista;PDT;48
2022;1;RO;URUPÁ;18;6;Deputado Federal;12;PDT;Partido Democrático Trabalhista;PDT;29
2022;1;RO;SÃO FRANCISCO DO GUAPORÉ;5;7;Deputado Estadual;20;PSC;Partido Social Cristão;PSC;157
2022;1;RO;CACOAL;11;7;Deputado Estadual;20;PSC;Partido Social Cristão;PSC;1572
2022;1;RO;ALVORADA DO OESTE;18;3;Governador;22;PL;Partido Liberal;PL / DC / PMB / PTB;2304
2022;1;RO;CACAULÂNDIA;26;3;Governador;22;PL;Partido Liberal;PL / DC / PMB / PTB;1315
2022;1;RO;PORTO VELHO;6;7;Deputado Estadual;35;PMB;Partido da Mulher Brasileira;PMB;527
2022;1;RO;CAMPO NOVO DE RONDÔNIA;34;7;Deputado Estadual;35;PMB;Partido da Mulher Brasileira;PMB;12
2022;1;RO;PORTO VELHO;2;7;Deputado Estadual;35;PMB;Partido da Mulher Brasileira;PMB;541
2022;1;RO;THEOBROMA;27;7;Deputado Estadual;20;PSC;Partido Social Cristão;PSC;207
2022;1;RO;PIMENTEIRAS DO OESTE;16;7;Deputado Estadual;20;PSC;Partido Social Cristão;PSC;91
2022;1;RO;JI-PARANÁ;3;7;Deputado Estadual;20;PSC;Partido Social Cristão;PSC;520
2022;1;RO;JARU;10;7;Deputado Estadual;20;PSC;Partido Social Cristão;PSC;898
2022;1;RO;SÃO FELIPE D OESTE;19;3;Governador;22;PL;Partido Liberal;PL / DC / PMB / PTB;943
2022;1;RO;MINISTRO ANDREAZZA;11;3;Governador;22;PL;Partido Liberal;PL / DC / PMB / PTB;1173
2022;1;RO;JI-PARANÁ;30;7;Deputado Estadual;22;PL;Partido Liberal;PL;7250
2022;1;RO;THEOBROMA;27;7;Deputado Estadual;22;PL;Partido Liberal;PL;200
2022;1;RO;SÃO MIGUEL DO GUAPORÉ;35;7;Deputado Estadual;14;PTB;Partido Trabalhista Brasileiro;PTB;163
2022;1;RO;PRIMAVERA DE RONDÔNIA;9;7;Deputado Estadual;51;PATRIOTA;Patriota;PATRIOTA;46
2022;1;RO;CASTANHEIRAS;15;7;Deputado Estadual;51;PATRIOTA;Patriota;PATRIOTA;183
2022;1;RO;MIRANTE DA SERRA;28;6;Deputado Federal;36;AGIR;AGIR;AGIR;1
2022;1;RO;URUPÁ;18;5;Senador;36;AGIR;AGIR;AGIR / PROS;8
2022;1;RO;CEREJEIRAS;16;7;Deputado Estadual;12;PDT;Partido Democrático Trabalhista;PDT;20
2022;1;RO;PIMENTA BUENO;9;7;Deputado Estadual;12;PDT;Partido Democrático Trabalhista;PDT;48
2022;1;RO;ARIQUEMES;7;6;Deputado Federal;11;PP;PROGRESSISTAS;PP;492
2022;1;RO;PRESIDENTE MÉDICI;3;6;Deputado Federal;14;PTB;Partido Trabalhista Brasileiro;PTB;95
2022;1;RO;COLORADO DO OESTE;8;6;Deputado Federal;14;PTB;Partido Trabalhista Brasileiro;PTB;43
2022;1;RO;NOVA MAMORÉ;1;6;Deputado Federal;22;PL;Partido Liberal;PL;1845
2022;1;RO;MIRANTE DA SERRA;28;7;Deputado Estadual;45;PSDB;Partido da Social Democracia Brasileira;Federação PSDB Cidadania(PSDB/CIDADANIA);55
2022;1;RO;VILHENA;4;7;Deputado Estadual;45;PSDB;Partido da Social Democracia Brasileira;Federação PSDB Cidadania(PSDB/CIDADANIA);194
2022;1;RO;PRESIDENTE MÉDICI;3;7;Deputado Estadual;45;PSDB;Partido da Social Democracia Brasileira;Federação PSDB Cidadania(PSDB/CIDADANIA);78
2022;1;RO;THEOBROMA;27;7;Deputado Estadual;45;PSDB;Partido da Social Democracia Brasileira;Federação PSDB Cidadania(PSDB/CIDADANIA);24
2022;1;RO;VALE DO PARAÍSO;28;7;Deputado Estadual;43;PV;Partido Verde;Federação Brasil da Esperança - FE BRASIL(PT/PC do B/PV);0
2022;1;RO;PIMENTEIRAS DO OESTE;16;6;Deputado Federal;36;AGIR;AGIR;AGIR;2
2022;1;RO;MINISTRO ANDREAZZA;11;6;Deputado Federal;36;AGIR;AGIR;AGIR;3
2022;1;RO;CACOAL;11;5;Senador;36;AGIR;AGIR;AGIR / PROS;87
2022;1;RO;COLORADO DO OESTE;8;7;Deputado Estadual;12;PDT;Partido Democrático Trabalhista;PDT;11
2022;1;RO;JARU;10;6;Deputado Federal;22;PL;Partido Liberal;PL;1674
2022;1;RO;BURITIS;34;6;Deputado Federal;22;PL;Partido Liberal;PL;2590
2022;1;RO;GOVERNADOR JORGE TEIXEIRA;27;6;Deputado Federal;22;PL;Partido Liberal;PL;346
2022;1;RO;CAMPO NOVO DE RONDÔNIA;34;7;Deputado Estadual;45;PSDB;Partido da Social Democracia Brasileira;Federação PSDB Cidadania(PSDB/CIDADANIA);23
2022;1;RO;MACHADINHO D OESTE;32;7;Deputado Estadual;45;PSDB;Partido da Social Democracia Brasileira;Federação PSDB Cidadania(PSDB/CIDADANIA);75
2022;1;RO;CEREJEIRAS;16;7;Deputado Estadual;45;PSDB;Partido da Social Democracia Brasileira;Federação PSDB Cidadania(PSDB/CIDADANIA);23
2022;1;RO;ALTO ALEGRE DOS PARECIS;19;7;Deputado Estadual;45;PSDB;Partido da Social Democracia Brasileira;Federação PSDB Cidadania(PSDB/CIDADANIA);256
2022;1;RO;GUAJARÁ-MIRIM;1;6;Deputado Federal;51;PATRIOTA;Patriota;PATRIOTA;30
2022;1;RO;CORUMBIARA;16;6;Deputado Federal;51;PATRIOTA;Patriota;PATRIOTA;2
2022;1;RO;SÃO FELIPE D OESTE;19;6;Deputado Federal;51;PATRIOTA;Patriota;PATRIOTA;20
2022;1;RO;CACOAL;11;6;Deputado Federal;51;PATRIOTA;Patriota;PATRIOTA;26
2022;1;RO;ALVORADA DO OESTE;18;6;Deputado Federal;51;PATRIOTA;Patriota;PATRIOTA;20
2022;1;RO;PORTO VELHO;21;6;Deputado Federal;51;PATRIOTA;Patriota;PATRIOTA;910
2022;1;RO;SANTA LUZIA D OESTE;19;6;Deputado Federal;51;PATRIOTA;Patriota;PATRIOTA;9
2022;1;RO;ALTO ALEGRE DOS PARECIS;19;6;Deputado Federal;51;PATRIOTA;Patriota;PATRIOTA;5
2022;1;RO;CASTANHEIRAS;15;5;Senador;10;REPUBLICANOS;REPUBLICANOS;REPUBLICANOS / Federação PSDB Cidadania(PSDB/CIDADANIA) / UNIÃO / PSC / AVANTE / PATRIOTA / MDB;519
2022;1;RO;CORUMBIARA;16;5;Senador;10;REPUBLICANOS;REPUBLICANOS;REPUBLICANOS / Federação PSDB Cidadania(PSDB/CIDADANIA) / UNIÃO / PSC / AVANTE / PATRIOTA / MDB;1187
2022;1;RO;THEOBROMA;27;7;Deputado Estadual;44;UNIÃO;UNIÃO BRASIL;UNIÃO;483
2022;1;RO;CACAULÂNDIA;26;7;Deputado Estadual;44;UNIÃO;UNIÃO BRASIL;UNIÃO;513
2022;1;RO;MINISTRO ANDREAZZA;11;7;Deputado Estadual;70;AVANTE;AVANTE;AVANTE;4
2022;1;RO;PORTO VELHO;20;7;Deputado Estadual;70;AVANTE;AVANTE;AVANTE;2478
2022;1;RO;CEREJEIRAS;16;6;Deputado Federal;65;PC do B;Partido Comunista do Brasil;Federação Brasil da Esperança - FE BRASIL(PT/PC do B/PV);0
2022;1;RO;COSTA MARQUES;5;6;Deputado Federal;65;PC do B;Partido Comunista do Brasil;Federação Brasil da Esperança - FE BRASIL(PT/PC do B/PV);0
2022;1;RO;TEIXEIRÓPOLIS;13;6;Deputado Federal;10;REPUBLICANOS;REPUBLICANOS;REPUBLICANOS;45
2022;1;RO;ALVORADA DO OESTE;18;6;Deputado Federal;10;REPUBLICANOS;REPUBLICANOS;REPUBLICANOS;246
2022;1;RO;SANTA LUZIA D OESTE;19;7;Deputado Estadual;55;PSD;Partido Social Democrático;PSD;76
2022;1;RO;PORTO VELHO;2;7;Deputado Estadual;55;PSD;Partido Social Democrático;PSD;3856
2022;1;RO;PORTO VELHO;21;7;Deputado Estadual;33;PMN;Partido da Mobilização Nacional;PMN;1012
2022;1;RO;ALVORADA DO OESTE;18;6;Deputado Federal;35;PMB;Partido da Mulher Brasileira;PMB;0
2022;1;RO;PORTO VELHO;21;6;Deputado Federal;90;PROS;Partido Republicano da Ordem Social;PROS;495
2022;1;RO;PIMENTA BUENO;9;6;Deputado Federal;90;PROS;Partido Republicano da Ordem Social;PROS;3
2022;1;RO;ALTA FLORESTA D OESTE;17;5;Senador;35;PMB;Partido da Mulher Brasileira;PMB;7
2022;1;RO;PIMENTEIRAS DO OESTE;16;6;Deputado Federal;12;PDT;Partido Democrático Trabalhista;PDT;1
2022;1;RO;ALTO PARAÍSO;25;6;Deputado Federal;12;PDT;Partido Democrático Trabalhista;PDT;4
2022;1;RO;PORTO VELHO;21;6;Deputado Federal;12;PDT;Partido Democrático Trabalhista;PDT;445
2022;1;RO;CHUPINGUAIA;8;6;Deputado Federal;12;PDT;Partido Democrático Trabalhista;PDT;111
2022;1;RO;SÃO MIGUEL DO GUAPORÉ;35;6;Deputado Federal;12;PDT;Partido Democrático Trabalhista;PDT;51
2022;1;RO;ROLIM DE MOURA;29;7;Deputado Estadual;20;PSC;Partido Social Cristão;PSC;4089
2022;1;RO;ALTO PARAÍSO;25;7;Deputado Estadual;20;PSC;Partido Social Cristão;PSC;115
2022;1;RO;SERINGUEIRAS;35;7;Deputado Estadual;20;PSC;Partido Social Cristão;PSC;327
2022;1;RO;JI-PARANÁ;3;3;Governador;22;PL;Partido Liberal;PL / DC / PMB / PTB;8764
2022;1;RO;VALE DO PARAÍSO;28;3;Governador;22;PL;Partido Liberal;PL / DC / PMB / PTB;1591
2022;1;RO;PORTO VELHO;20;7;Deputado Estadual;22;PL;Partido Liberal;PL;5253
2022;1;RO;JI-PARANÁ;3;7;Deputado Estadual;22;PL;Partido Liberal;PL;3279
2022;1;RO;JARU;10;7;Deputado Estadual;22;PL;Partido Liberal;PL;1020
2022;1;RO;PARECIS;19;7;Deputado Estadual;51;PATRIOTA;Patriota;PATRIOTA;78
2022;1;RO;CUJUBIM;26;6;Deputado Federal;22;PL;Partido Liberal;PL;1963
2022;1;RO;CHUPINGUAIA;8;7;Deputado Estadual;45;PSDB;Partido da Social Democracia Brasileira;Federação PSDB Cidadania(PSDB/CIDADANIA);10
2022;1;RO;CORUMBIARA;16;7;Deputado Estadual;45;PSDB;Partido da Social Democracia Brasileira;Federação PSDB Cidadania(PSDB/CIDADANIA);12
2022;1;RO;VILHENA;4;6;Deputado Federal;51;PATRIOTA;Patriota;PATRIOTA;45
2022;1;RO;PORTO VELHO;21;5;Senador;10;REPUBLICANOS;REPUBLICANOS;REPUBLICANOS / Federação PSDB Cidadania(PSDB/CIDADANIA) / UNIÃO / PSC / AVANTE / PATRIOTA / MDB;21348
2022;1;RO;ARIQUEMES;7;5;Senador;10;REPUBLICANOS;REPUBLICANOS;REPUBLICANOS / Federação PSDB Cidadania(PSDB/CIDADANIA) / UNIÃO / PSC / AVANTE / PATRIOTA / MDB;15026
2022;1;RO;MIRANTE DA SERRA;28;5;Senador;10;REPUBLICANOS;REPUBLICANOS;REPUBLICANOS / Federação PSDB Cidadania(PSDB/CIDADANIA) / UNIÃO / PSC / AVANTE / PATRIOTA / MDB;1516
2022;1;RO;NOVA UNIÃO;28;6;Deputado Federal;15;MDB;Movimento Democrático Brasileiro;MDB;495
2022;1;RO;TEIXEIRÓPOLIS;13;6;Deputado Federal;15;MDB;Movimento Democrático Brasileiro;MDB;179
2022;1;RO;ARIQUEMES;7;7;Deputado Estadual;44;UNIÃO;UNIÃO BRASIL;UNIÃO;3988
2022;1;RO;PIMENTA BUENO;9;7;Deputado Estadual;70;AVANTE;AVANTE;AVANTE;80
2022;1;RO;ROLIM DE MOURA;29;7;Deputado Estadual;70;AVANTE;AVANTE;AVANTE;110
2022;1;RO;JARU;10;7;Deputado Estadual;70;AVANTE;AVANTE;AVANTE;98
2022;1;RO;SÃO FRANCISCO DO GUAPORÉ;5;6;Deputado Federal;65;PC do B;Partido Comunista do Brasil;Federação Brasil da Esperança - FE BRASIL(PT/PC do B/PV);4
2022;1;RO;ESPIGÃO DO OESTE;12;6;Deputado Federal;10;REPUBLICANOS;REPUBLICANOS;REPUBLICANOS;4089
2022;1;RO;SÃO FELIPE D OESTE;19;7;Deputado Estadual;33;PMN;Partido da Mobilização Nacional;PMN;480
2022;1;RO;TEIXEIRÓPOLIS;13;7;Deputado Estadual;33;PMN;Partido da Mobilização Nacional;PMN;19
2022;1;RO;RIO CRESPO;26;6;Deputado Federal;35;PMB;Partido da Mulher Brasileira;PMB;0
2022;1;RO;ARIQUEMES;7;6;Deputado Federal;35;PMB;Partido da Mulher Brasileira;PMB;9
2022;1;RO;ALTO PARAÍSO;25;6;Deputado Federal;43;PV;Partido Verde;Federação Brasil da Esperança - FE BRASIL(PT/PC do B/PV);3
2022;1;RO;OURO PRETO DO OESTE;13;5;Senador;35;PMB;Partido da Mulher Brasileira;PMB;31
2022;1;RO;ESPIGÃO DO OESTE;12;5;Senador;35;PMB;Partido da Mulher Brasileira;PMB;70
2022;1;RO;PIMENTA BUENO;9;5;Senador;35;PMB;Partido da Mulher Brasileira;PMB;67
2022;1;RO;NOVA MAMORÉ;1;5;Senador;35;PMB;Partido da Mulher Brasileira;PMB;38
2022;1;RO;ESPIGÃO DO OESTE;12;6;Deputado Federal;55;PSD;Partido Social Democrático;PSD;818
2022;1;RO;CORUMBIARA;16;6;Deputado Federal;70;AVANTE;AVANTE;AVANTE;18
2022;1;RO;SÃO MIGUEL DO GUAPORÉ;35;6;Deputado Federal;70;AVANTE;AVANTE;AVANTE;27
2022;1;RO;ALTA FLORESTA D OESTE;17;5;Senador;11;PP;PROGRESSISTAS;PP;4833
2022;1;RO;OURO PRETO DO OESTE;13;5;Senador;11;PP;PROGRESSISTAS;PP;915
2022;1;RO;CACAULÂNDIA;26;6;Deputado Federal;50;PSOL;Partido Socialismo e Liberdade;Federação PSOL REDE(PSOL/REDE);1
2022;1;RO;VILHENA;4;7;Deputado Estadual;77;SOLIDARIEDADE;Solidariedade;SOLIDARIEDADE;117
2022;1;RO;ALTO PARAÍSO;25;7;Deputado Estadual;77;SOLIDARIEDADE;Solidariedade;SOLIDARIEDADE;5
2022;1;RO;SANTA LUZIA D OESTE;19;7;Deputado Estadual;19;PODE;Podemos;PODE;226
2022;1;RO;PORTO VELHO;2;7;Deputado Estadual;19;PODE;Podemos;PODE;4029
2022;1;RO;MINISTRO ANDREAZZA;11;7;Deputado Estadual;19;PODE;Podemos;PODE;76
2022;1;RO;THEOBROMA;27;7;Deputado Estadual;19;PODE;Podemos;PODE;1056
2022;1;RO;SÃO FELIPE D OESTE;19;7;Deputado Estadual;13;PT;Partido dos Trabalhadores;Federação Brasil da Esperança - FE BRASIL(PT/PC do B/PV);152
2022;1;RO;ROLIM DE MOURA;29;7;Deputado Estadual;36;AGIR;AGIR;AGIR;36
2022;1;RO;BURITIS;34;7;Deputado Estadual;36;AGIR;AGIR;AGIR;2
2022;1;RO;JARU;10;6;Deputado Federal;40;PSB;Partido Socialista Brasileiro;PSB;755
2022;1;RO;MINISTRO ANDREAZZA;11;6;Deputado Federal;40;PSB;Partido Socialista Brasileiro;PSB;135
2022;1;RO;COLORADO DO OESTE;8;6;Deputado Federal;40;PSB;Partido Socialista Brasileiro;PSB;100
2022;1;RO;URUPÁ;18;5;Senador;55;PSD;Partido Social Democrático;PODE / PSD / PMN;948
2022;1;RO;ALTA FLORESTA D OESTE;17;5;Senador;55;PSD;Partido Social Democrático;PODE / PSD / PMN;975
2022;1;RO;JARU;10;3;Governador;19;PODE;Podemos;PODE / PMN / PSD;2418
2022;1;RO;MINISTRO ANDREAZZA;11;5;Senador;22;PL;Partido Liberal;PL / DC / PTB;1269
2022;1;RO;JI-PARANÁ;30;5;Senador;22;PL;Partido Liberal;PL / DC / PTB;17514
2022;1;RO;ITAPUÃ DO OESTE;2;6;Deputado Federal;20;PSC;Partido Social Cristão;PSC;246
2022;1;RO;SÃO FRANCISCO DO GUAPORÉ;5;6;Deputado Federal;44;UNIÃO;UNIÃO BRASIL;UNIÃO;4625
2022;1;RO;GUAJARÁ-MIRIM;1;7;Deputado Estadual;50;PSOL;Partido Socialismo e Liberdade;Federação PSOL REDE(PSOL/REDE);0
2022;1;RO;COSTA MARQUES;5;7;Deputado Estadual;50;PSOL;Partido Socialismo e Liberdade;Federação PSOL REDE(PSOL/REDE);0
2022;1;RO;ITAPUÃ DO OESTE;2;6;Deputado Federal;43;PV;Partido Verde;Federação Brasil da Esperança - FE BRASIL(PT/PC do B/PV);0
2022;1;RO;OURO PRETO DO OESTE;13;6;Deputado Federal;90;PROS;Partido Republicano da Ordem Social;PROS;23
2022;1;RO;PRESIDENTE MÉDICI;3;6;Deputado Federal;55;PSD;Partido Social Democrático;PSD;732
2022;1;RO;PORTO VELHO;21;6;Deputado Federal;55;PSD;Partido Social Democrático;PSD;1009
2022;1;RO;PARECIS;19;6;Deputado Federal;55;PSD;Partido Social Democrático;PSD;167
2022;1;RO;CANDEIAS DO JAMARI;21;6;Deputado Federal;55;PSD;Partido Social Democrático;PSD;120
2022;1;RO;CASTANHEIRAS;15;6;Deputado Federal;55;PSD;Partido Social Democrático;PSD;360
2022;1;RO;JI-PARANÁ;30;7;Deputado Estadual;10;REPUBLICANOS;REPUBLICANOS;REPUBLICANOS;908
2022;1;RO;CHUPINGUAIA;8;3;Governador;50;PSOL;Partido Socialismo e Liberdade;Federação PSOL REDE(PSOL/REDE);15
2022;1;RO;NOVA UNIÃO;28;3;Governador;50;PSOL;Partido Socialismo e Liberdade;Federação PSOL REDE(PSOL/REDE);7
2022;1;RO;PORTO VELHO;21;6;Deputado Federal;19;PODE;Podemos;PODE;3904
2022;1;RO;ALVORADA DO OESTE;18;6;Deputado Federal;19;PODE;Podemos;PODE;107
2022;1;RO;CANDEIAS DO JAMARI;21;6;Deputado Federal;70;AVANTE;AVANTE;AVANTE;229
2022;1;RO;ALTO ALEGRE DOS PARECIS;19;6;Deputado Federal;70;AVANTE;AVANTE;AVANTE;5
2022;1;RO;VILHENA;4;6;Deputado Federal;50;PSOL;Partido Socialismo e Liberdade;Federação PSOL REDE(PSOL/REDE);15
2022;1;RO;PIMENTEIRAS DO OESTE;16;6;Deputado Federal;50;PSOL;Partido Socialismo e Liberdade;Federação PSOL REDE(PSOL/REDE);0
2022;1;RO;PARECIS;19;7;Deputado Estadual;77;SOLIDARIEDADE;Solidariedade;SOLIDARIEDADE;0
2022;1;RO;PORTO VELHO;6;7;Deputado Estadual;77;SOLIDARIEDADE;Solidariedade;SOLIDARIEDADE;364
2022;1;RO;THEOBROMA;27;7;Deputado Estadual;77;SOLIDARIEDADE;Solidariedade;SOLIDARIEDADE;17
2022;1;RO;GOVERNADOR JORGE TEIXEIRA;27;7;Deputado Estadual;77;SOLIDARIEDADE;Solidariedade;SOLIDARIEDADE;5
2022;1;RO;MACHADINHO D OESTE;32;7;Deputado Estadual;19;PODE;Podemos;PODE;287
2022;1;RO;ALVORADA DO OESTE;18;7;Deputado Estadual;13;PT;Partido dos Trabalhadores;Federação Brasil da Esperança - FE BRASIL(PT/PC do B/PV);432
2022;1;RO;PORTO VELHO;6;7;Deputado Estadual;13;PT;Partido dos Trabalhadores;Federação Brasil da Esperança - FE BRASIL(PT/PC do B/PV);2539
2022;1;RO;ALTA FLORESTA D OESTE;17;7;Deputado Estadual;65;PC do B;Partido Comunista do Brasil;Federação Brasil da Esperança - FE BRASIL(PT/PC do B/PV);0
2022;1;RO;VALE DO ANARI;32;7;Deputado Estadual;43;PV;Partido Verde;Federação Brasil da Esperança - FE BRASIL(PT/PC do B/PV);0
2022;1;RO;NOVO HORIZONTE DO OESTE;15;7;Deputado Estadual;43;PV;Partido Verde;Federação Brasil da Esperança - FE BRASIL(PT/PC do B/PV);1
2022;1;RO;JARU;10;7;Deputado Estadual;55;PSD;Partido Social Democrático;PSD;400
2022;1;RO;CACOAL;11;7;Deputado Estadual;55;PSD;Partido Social Democrático;PSD;16185
2022;1;RO;PORTO VELHO;21;7;Deputado Estadual;55;PSD;Partido Social Democrático;PSD;2074
2022;1;RO;CUJUBIM;26;7;Deputado Estadual;55;PSD;Partido Social Democrático;PSD;48
2022;1;RO;MACHADINHO D OESTE;32;7;Deputado Estadual;55;PSD;Partido Social Democrático;PSD;874
2022;1;RO;TEIXEIRÓPOLIS;13;7;Deputado Estadual;36;AGIR;AGIR;AGIR;1
2022;1;RO;CORUMBIARA;16;6;Deputado Federal;40;PSB;Partido Socialista Brasileiro;PSB;214
2022;1;RO;ITAPUÃ DO OESTE;2;6;Deputado Federal;40;PSB;Partido Socialista Brasileiro;PSB;76
2022;1;RO;SÃO MIGUEL DO GUAPORÉ;35;6;Deputado Federal;77;SOLIDARIEDADE;Solidariedade;SOLIDARIEDADE;2
2022;1;RO;SÃO MIGUEL DO GUAPORÉ;35;6;Deputado Federal;13;PT;Partido dos Trabalhadores;Federação Brasil da Esperança - FE BRASIL(PT/PC do B/PV);672
2022;2;RO;SÃO FELIPE D OESTE;19;3;Governador;44;UNIÃO;UNIÃO BRASIL;UNIÃO / REPUBLICANOS / AVANTE / MDB / PATRIOTA / PSC / Federação PSDB Cidadania(PSDB/CIDADANIA);1944
2022;1;RO;CAMPO NOVO DE RONDÔNIA;34;7;Deputado Estadual;40;PSB;Partido Socialista Brasileiro;PSB;460
2022;1;RO;NOVO HORIZONTE DO OESTE;15;7;Deputado Estadual;40;PSB;Partido Socialista Brasileiro;PSB;449
2022;1;RO;RIO CRESPO;26;5;Senador;12;PDT;Partido Democrático Trabalhista;Federação Brasil da Esperança - FE BRASIL(PT/PC do B/PV) / PDT / PSB / SOLIDARIEDADE;0
2022;1;RO;PORTO VELHO;20;5;Senador;12;PDT;Partido Democrático Trabalhista;Federação Brasil da Esperança - FE BRASIL(PT/PC do B/PV) / PDT / PSB / SOLIDARIEDADE;0
2022;1;RO;OURO PRETO DO OESTE;13;5;Senador;12;PDT;Partido Democrático Trabalhista;Federação Brasil da Esperança - FE BRASIL(PT/PC do B/PV) / PDT / PSB / SOLIDARIEDADE;0
2022;1;RO;GOVERNADOR JORGE TEIXEIRA;27;5;Senador;12;PDT;Partido Democrático Trabalhista;Federação Brasil da Esperança - FE BRASIL(PT/PC do B/PV) / PDT / PSB / SOLIDARIEDADE;0
2022;1;RO;PRIMAVERA DE RONDÔNIA;9;3;Governador;77;SOLIDARIEDADE;Solidariedade;Federação Brasil da Esperança - FE BRASIL(PT/PC do B/PV) / PSB / SOLIDARIEDADE / PDT;130
2022;1;RO;CORUMBIARA;16;5;Senador;11;PP;PROGRESSISTAS;PP;924
2022;1;RO;ALTO ALEGRE DOS PARECIS;19;5;Senador;11;PP;PROGRESSISTAS;PP;1363
2022;1;RO;PRESIDENTE MÉDICI;3;6;Deputado Federal;13;PT;Partido dos Trabalhadores;Federação Brasil da Esperança - FE BRASIL(PT/PC do B/PV);527
2022;1;RO;CABIXI;8;6;Deputado Federal;13;PT;Partido dos Trabalhadores;Federação Brasil da Esperança - FE BRASIL(PT/PC do B/PV);319
2022;2;RO;COSTA MARQUES;5;3;Governador;22;PL;Partido Liberal;PL / DC / PMB / PTB;3469
2022;1;RO;PORTO VELHO;2;3;Governador;19;PODE;Podemos;PODE / PMN / PSD;15847
2022;1;RO;CAMPO NOVO DE RONDÔNIA;34;3;Governador;19;PODE;Podemos;PODE / PMN / PSD;1416
2022;1;RO;JARU;10;7;Deputado Estadual;11;PP;PROGRESSISTAS;PP;263
2022;1;RO;SANTA LUZIA D OESTE;19;7;Deputado Estadual;11;PP;PROGRESSISTAS;PP;225
2022;1;RO;PORTO VELHO;6;7;Deputado Estadual;15;MDB;Movimento Democrático Brasileiro;MDB;1440
2022;1;RO;CHUPINGUAIA;8;7;Deputado Estadual;15;MDB;Movimento Democrático Brasileiro;MDB;54
2022;1;RO;CAMPO NOVO DE RONDÔNIA;34;7;Deputado Estadual;15;MDB;Movimento Democrático Brasileiro;MDB;371
2022;1;RO;PORTO VELHO;2;6;Deputado Federal;12;PDT;Partido Democrático Trabalhista;PDT;1087
2022;1;RO;GUAJARÁ-MIRIM;1;6;Deputado Federal;12;PDT;Partido Democrático Trabalhista;PDT;1082
2022;1;RO;JARU;10;6;Deputado Federal;12;PDT;Partido Democrático Trabalhista;PDT;65
2022;1;RO;PORTO VELHO;6;7;Deputado Estadual;20;PSC;Partido Social Cristão;PSC;1191
2022;1;RO;NOVO HORIZONTE DO OESTE;15;7;Deputado Estadual;20;PSC;Partido Social Cristão;PSC;557
2022;1;RO;ESPIGÃO DO OESTE;12;7;Deputado Estadual;20;PSC;Partido Social Cristão;PSC;376
2022;1;RO;CABIXI;8;7;Deputado Estadual;20;PSC;Partido Social Cristão;PSC;500
2022;1;RO;TEIXEIRÓPOLIS;13;3;Governador;22;PL;Partido Liberal;PL / DC / PMB / PTB;1026
2022;1;RO;PORTO VELHO;6;3;Governador;22;PL;Partido Liberal;PL / DC / PMB / PTB;21414
2022;1;RO;JI-PARANÁ;30;3;Governador;22;PL;Partido Liberal;PL / DC / PMB / PTB;21470
2022;1;RO;SANTA LUZIA D OESTE;19;3;Governador;22;PL;Partido Liberal;PL / DC / PMB / PTB;1045
2022;1;RO;NOVA BRASILÂNDIA D OESTE;15;3;Governador;22;PL;Partido Liberal;PL / DC / PMB / PTB;3700
2022;1;RO;JI-PARANÁ;30;7;Deputado Estadual;35;PMB;Partido da Mulher Brasileira;PMB;130
2022;1;RO;CAMPO NOVO DE RONDÔNIA;34;7;Deputado Estadual;22;PL;Partido Liberal;PL;252
2022;1;RO;MIRANTE DA SERRA;28;7;Deputado Estadual;14;PTB;Partido Trabalhista Brasileiro;PTB;1062
2022;1;RO;SERINGUEIRAS;35;7;Deputado Estadual;14;PTB;Partido Trabalhista Brasileiro;PTB;81
2022;1;RO;GUAJARÁ-MIRIM;1;6;Deputado Federal;36;AGIR;AGIR;AGIR;9
2022;1;RO;COLORADO DO OESTE;8;6;Deputado Federal;36;AGIR;AGIR;AGIR;1
2022;1;RO;ROLIM DE MOURA;29;6;Deputado Federal;22;PL;Partido Liberal;PL;5792
2022;1;RO;THEOBROMA;27;6;Deputado Federal;22;PL;Partido Liberal;PL;792
2022;1;RO;CASTANHEIRAS;15;7;Deputado Estadual;45;PSDB;Partido da Social Democracia Brasileira;Federação PSDB Cidadania(PSDB/CIDADANIA);155
2022;1;RO;MACHADINHO D OESTE;32;6;Deputado Federal;51;PATRIOTA;Patriota;PATRIOTA;48
2022;1;RO;PRIMAVERA DE RONDÔNIA;9;6;Deputado Federal;51;PATRIOTA;Patriota;PATRIOTA;3
2022;1;RO;JI-PARANÁ;30;6;Deputado Federal;51;PATRIOTA;Patriota;PATRIOTA;103
2022;1;RO;JI-PARANÁ;30;5;Senador;10;REPUBLICANOS;REPUBLICANOS;REPUBLICANOS / Federação PSDB Cidadania(PSDB/CIDADANIA) / UNIÃO / PSC / AVANTE / PATRIOTA / MDB;9900
2022;1;RO;GUAJARÁ-MIRIM;1;5;Senador;10;REPUBLICANOS;REPUBLICANOS;REPUBLICANOS / Federação PSDB Cidadania(PSDB/CIDADANIA) / UNIÃO / PSC / AVANTE / PATRIOTA / MDB;7876
2022;1;RO;CABIXI;8;6;Deputado Federal;15;MDB;Movimento Democrático Brasileiro;MDB;414
2022;1;RO;GUAJARÁ-MIRIM;1;6;Deputado Federal;15;MDB;Movimento Democrático Brasileiro;MDB;1129
2022;1;RO;VILHENA;4;7;Deputado Estadual;44;UNIÃO;UNIÃO BRASIL;UNIÃO;9781
2022;1;RO;NOVA MAMORÉ;1;7;Deputado Estadual;70;AVANTE;AVANTE;AVANTE;60
2022;1;RO;CASTANHEIRAS;15;7;Deputado Estadual;70;AVANTE;AVANTE;AVANTE;9
2022;1;RO;CANDEIAS DO JAMARI;21;7;Deputado Estadual;70;AVANTE;AVANTE;AVANTE;1829
2022;1;RO;SÃO FELIPE D OESTE;19;6;Deputado Federal;65;PC do B;Partido Comunista do Brasil;Federação Brasil da Esperança - FE BRASIL(PT/PC do B/PV);3
2022;1;RO;CUJUBIM;26;6;Deputado Federal;10;REPUBLICANOS;REPUBLICANOS;REPUBLICANOS;371
2022;1;RO;GOVERNADOR JORGE TEIXEIRA;27;7;Deputado Estadual;33;PMN;Partido da Mobilização Nacional;PMN;9
2022;1;RO;ALTO ALEGRE DOS PARECIS;19;7;Deputado Estadual;33;PMN;Partido da Mobilização Nacional;PMN;246
2022;1;RO;ALTO PARAÍSO;25;7;Deputado Estadual;33;PMN;Partido da Mobilização Nacional;PMN;116
2022;1;RO;MONTE NEGRO;25;7;Deputado Estadual;33;PMN;Partido da Mobilização Nacional;PMN;39
2022;1;RO;CHUPINGUAIA;8;7;Deputado Estadual;33;PMN;Partido da Mobilização Nacional;PMN;104
2022;1;RO;URUPÁ;18;6;Deputado Federal;35;PMB;Partido da Mulher Brasileira;PMB;0
2022;1;RO;MIRANTE DA SERRA;28;6;Deputado Federal;35;PMB;Partido da Mulher Brasileira;PMB;0
2022;1;RO;PARECIS;19;6;Deputado Federal;43;PV;Partido Verde;Federação Brasil da Esperança - FE BRASIL(PT/PC do B/PV);0
2022;1;RO;PIMENTEIRAS DO OESTE;16;6;Deputado Federal;43;PV;Partido Verde;Federação Brasil da Esperança - FE BRASIL(PT/PC do B/PV);3
2022;1;RO;CAMPO NOVO DE RONDÔNIA;34;6;Deputado Federal;90;PROS;Partido Republicano da Ordem Social;PROS;11
2022;1;RO;CASTANHEIRAS;15;6;Deputado Federal;90;PROS;Partido Republicano da Ordem Social;PROS;0
2022;1;RO;GOVERNADOR JORGE TEIXEIRA;27;5;Senador;10;REPUBLICANOS;REPUBLICANOS;REPUBLICANOS / Federação PSDB Cidadania(PSDB/CIDADANIA) / UNIÃO / PSC / AVANTE / PATRIOTA / MDB;1417
2022;1;RO;CANDEIAS DO JAMARI;21;5;Senador;10;REPUBLICANOS;REPUBLICANOS;REPUBLICANOS / Federação PSDB Cidadania(PSDB/CIDADANIA) / UNIÃO / PSC / AVANTE / PATRIOTA / MDB;4740
2022;1;RO;PORTO VELHO;2;6;Deputado Federal;15;MDB;Movimento Democrático Brasileiro;MDB;2400
2022;1;RO;VALE DO ANARI;32;7;Deputado Estadual;44;UNIÃO;UNIÃO BRASIL;UNIÃO;812
2022;1;RO;ALTA FLORESTA D OESTE;17;7;Deputado Estadual;44;UNIÃO;UNIÃO BRASIL;UNIÃO;1670
2022;1;RO;ARIQUEMES;7;7;Deputado Estadual;70;AVANTE;AVANTE;AVANTE;258
2022;1;RO;JI-PARANÁ;30;7;Deputado Estadual;70;AVANTE;AVANTE;AVANTE;1046
2022;1;RO;PORTO VELHO;20;6;Deputado Federal;65;PC do B;Partido Comunista do Brasil;Federação Brasil da Esperança - FE BRASIL(PT/PC do B/PV);265
2022;1;RO;PORTO VELHO;6;6;Deputado Federal;65;PC do B;Partido Comunista do Brasil;Federação Brasil da Esperança - FE BRASIL(PT/PC do B/PV);272
2022;1;RO;CACAULÂNDIA;26;6;Deputado Federal;65;PC do B;Partido Comunista do Brasil;Federação Brasil da Esperança - FE BRASIL(PT/PC do B/PV);2
2022;1;RO;OURO PRETO DO OESTE;13;6;Deputado Federal;65;PC do B;Partido Comunista do Brasil;Federação Brasil da Esperança - FE BRASIL(PT/PC do B/PV);28
2022;1;RO;OURO PRETO DO OESTE;13;7;Deputado Estadual;33;PMN;Partido da Mobilização Nacional;PMN;67
2022;1;RO;MACHADINHO D OESTE;32;7;Deputado Estadual;33;PMN;Partido da Mobilização Nacional;PMN;72
2022;1;RO;SANTA LUZIA D OESTE;19;7;Deputado Estadual;33;PMN;Partido da Mobilização Nacional;PMN;150
2022;1;RO;PRESIDENTE MÉDICI;3;6;Deputado Federal;35;PMB;Partido da Mulher Brasileira;PMB;0
2022;1;RO;CACOAL;11;6;Deputado Federal;35;PMB;Partido da Mulher Brasileira;PMB;0
2022;1;RO;JI-PARANÁ;30;6;Deputado Federal;35;PMB;Partido da Mulher Brasileira;PMB;0
2022;1;RO;CHUPINGUAIA;8;6;Deputado Federal;35;PMB;Partido da Mulher Brasileira;PMB;0
2022;1;RO;CASTANHEIRAS;15;6;Deputado Federal;43;PV;Partido Verde;Federação Brasil da Esperança - FE BRASIL(PT/PC do B/PV);0
2022;1;RO;COSTA MARQUES;5;6;Deputado Federal;43;PV;Partido Verde;Federação Brasil da Esperança - FE BRASIL(PT/PC do B/PV);0
2022;1;RO;PRESIDENTE MÉDICI;3;6;Deputado Federal;43;PV;Partido Verde;Federação Brasil da Esperança - FE BRASIL(PT/PC do B/PV);2
2022;1;RO;PRESIDENTE MÉDICI;3;6;Deputado Federal;90;PROS;Partido Republicano da Ordem Social;PROS;4
2022;1;RO;JARU;10;5;Senador;35;PMB;Partido da Mulher Brasileira;PMB;99
2022;1;RO;CUJUBIM;26;5;Senador;35;PMB;Partido da Mulher Brasileira;PMB;12
2022;1;RO;SERINGUEIRAS;35;5;Senador;35;PMB;Partido da Mulher Brasileira;PMB;6
2022;1;RO;RIO CRESPO;26;6;Deputado Federal;55;PSD;Partido Social Democrático;PSD;242
2022;1;RO;PORTO VELHO;20;6;Deputado Federal;55;PSD;Partido Social Democrático;PSD;1196
2022;1;RO;THEOBROMA;27;6;Deputado Federal;55;PSD;Partido Social Democrático;PSD;683
2022;1;RO;ROLIM DE MOURA;29;7;Deputado Estadual;13;PT;Partido dos Trabalhadores;Federação Brasil da Esperança - FE BRASIL(PT/PC do B/PV);647
2022;1;RO;CANDEIAS DO JAMARI;21;7;Deputado Estadual;13;PT;Partido dos Trabalhadores;Federação Brasil da Esperança - FE BRASIL(PT/PC do B/PV);351
2022;1;RO;CHUPINGUAIA;8;7;Deputado Estadual;43;PV;Partido Verde;Federação Brasil da Esperança - FE BRASIL(PT/PC do B/PV);2
2022;1;RO;ITAPUÃ DO OESTE;2;7;Deputado Estadual;43;PV;Partido Verde;Federação Brasil da Esperança - FE BRASIL(PT/PC do B/PV);12
2022;1;RO;PIMENTEIRAS DO OESTE;16;7;Deputado Estadual;55;PSD;Partido Social Democrático;PSD;27
2022;1;RO;CORUMBIARA;16;7;Deputado Estadual;55;PSD;Partido Social Democrático;PSD;52
2022;1;RO;JI-PARANÁ;30;7;Deputado Estadual;18;REDE;Rede Sustentabilidade;Federação PSOL REDE(PSOL/REDE);38
2022;1;RO;ITAPUÃ DO OESTE;2;7;Deputado Estadual;18;REDE;Rede Sustentabilidade;Federação PSOL REDE(PSOL/REDE);1
2022;1;RO;MONTE NEGRO;25;7;Deputado Estadual;18;REDE;Rede Sustentabilidade;Federação PSOL REDE(PSOL/REDE);1
2022;1;RO;CEREJEIRAS;16;7;Deputado Estadual;40;PSB;Partido Socialista Brasileiro;PSB;785
2022;2;RO;THEOBROMA;27;3;Governador;44;UNIÃO;UNIÃO BRASIL;UNIÃO / REPUBLICANOS / AVANTE / MDB / PATRIOTA / PSC / Federação PSDB Cidadania(PSDB/CIDADANIA);2650
2022;1;RO;TEIXEIRÓPOLIS;13;3;Governador;44;UNIÃO;UNIÃO BRASIL;UNIÃO / REPUBLICANOS / AVANTE / MDB / PATRIOTA / PSC / Federação PSDB Cidadania(PSDB/CIDADANIA);981
2022;1;RO;CAMPO NOVO DE RONDÔNIA;34;3;Governador;77;SOLIDARIEDADE;Solidariedade;Federação Brasil da Esperança - FE BRASIL(PT/PC do B/PV) / PSB / SOLIDARIEDADE / PDT;390
2022;1;RO;MIRANTE DA SERRA;28;3;Governador;77;SOLIDARIEDADE;Solidariedade;Federação Brasil da Esperança - FE BRASIL(PT/PC do B/PV) / PSB / SOLIDARIEDADE / PDT;1132
2022;1;RO;PORTO VELHO;20;3;Governador;77;SOLIDARIEDADE;Solidariedade;Federação Brasil da Esperança - FE BRASIL(PT/PC do B/PV) / PSB / SOLIDARIEDADE / PDT;7016
2022;2;RO;ALVORADA DO OESTE;18;3;Governador;22;PL;Partido Liberal;PL / DC / PMB / PTB;3504
2022;2;RO;JI-PARANÁ;3;3;Governador;22;PL;Partido Liberal;PL / DC / PMB / PTB;9921
2022;2;RO;PARECIS;19;3;Governador;22;PL;Partido Liberal;PL / DC / PMB / PTB;980
2022;1;RO;NOVA BRASILÂNDIA D OESTE;15;5;Senador;11;PP;PROGRESSISTAS;PP;2033
2022;2;RO;CORUMBIARA;16;3;Governador;22;PL;Partido Liberal;PL / DC / PMB / PTB;1703
2022;1;RO;JI-PARANÁ;3;5;Senador;10;REPUBLICANOS;REPUBLICANOS;REPUBLICANOS / Federação PSDB Cidadania(PSDB/CIDADANIA) / UNIÃO / PSC / AVANTE / PATRIOTA / MDB;4415
2022;1;RO;URUPÁ;18;5;Senador;10;REPUBLICANOS;REPUBLICANOS;REPUBLICANOS / Federação PSDB Cidadania(PSDB/CIDADANIA) / UNIÃO / PSC / AVANTE / PATRIOTA / MDB;1669
2022;1;RO;TEIXEIRÓPOLIS;13;5;Senador;10;REPUBLICANOS;REPUBLICANOS;REPUBLICANOS / Federação PSDB Cidadania(PSDB/CIDADANIA) / UNIÃO / PSC / AVANTE / PATRIOTA / MDB;712
2022;1;RO;SÃO MIGUEL DO GUAPORÉ;35;6;Deputado Federal;15;MDB;Movimento Democrático Brasileiro;MDB;1271
2022;1;RO;ROLIM DE MOURA;29;7;Deputado Estadual;44;UNIÃO;UNIÃO BRASIL;UNIÃO;2566
2022;1;RO;NOVA UNIÃO;28;7;Deputado Estadual;70;AVANTE;AVANTE;AVANTE;22
2022;1;RO;PIMENTEIRAS DO OESTE;16;7;Deputado Estadual;70;AVANTE;AVANTE;AVANTE;13
2022;1;RO;CUJUBIM;26;7;Deputado Estadual;70;AVANTE;AVANTE;AVANTE;34
2022;1;RO;PORTO VELHO;21;6;Deputado Federal;65;PC do B;Partido Comunista do Brasil;Federação Brasil da Esperança - FE BRASIL(PT/PC do B/PV);243
2022;1;RO;NOVO HORIZONTE DO OESTE;15;6;Deputado Federal;65;PC do B;Partido Comunista do Brasil;Federação Brasil da Esperança - FE BRASIL(PT/PC do B/PV);1
2022;1;RO;BURITIS;34;6;Deputado Federal;65;PC do B;Partido Comunista do Brasil;Federação Brasil da Esperança - FE BRASIL(PT/PC do B/PV);8
2022;1;RO;ITAPUÃ DO OESTE;2;6;Deputado Federal;10;REPUBLICANOS;REPUBLICANOS;REPUBLICANOS;1525
2022;1;RO;COSTA MARQUES;5;7;Deputado Estadual;33;PMN;Partido da Mobilização Nacional;PMN;64
2022;1;RO;COSTA MARQUES;5;7;Deputado Estadual;51;PATRIOTA;Patriota;PATRIOTA;193
2022;1;RO;NOVA BRASILÂNDIA D OESTE;15;7;Deputado Estadual;51;PATRIOTA;Patriota;PATRIOTA;3718
2022;1;RO;OURO PRETO DO OESTE;13;7;Deputado Estadual;51;PATRIOTA;Patriota;PATRIOTA;823
2022;1;RO;JI-PARANÁ;3;7;Deputado Estadual;51;PATRIOTA;Patriota;PATRIOTA;1993
2022;1;RO;PIMENTA BUENO;9;6;Deputado Federal;36;AGIR;AGIR;AGIR;41
2022;1;RO;ARIQUEMES;7;6;Deputado Federal;36;AGIR;AGIR;AGIR;17
2022;1;RO;ALTA FLORESTA D OESTE;17;7;Deputado Estadual;12;PDT;Partido Democrático Trabalhista;PDT;13
2022;1;RO;JARU;10;6;Deputado Federal;11;PP;PROGRESSISTAS;PP;1189
2022;1;RO;VILHENA;4;6;Deputado Federal;11;PP;PROGRESSISTAS;PP;442
2022;1;RO;SÃO MIGUEL DO GUAPORÉ;35;6;Deputado Federal;14;PTB;Partido Trabalhista Brasileiro;PTB;137
2022;1;RO;PARECIS;19;6;Deputado Federal;14;PTB;Partido Trabalhista Brasileiro;PTB;2
2022;1;RO;OURO PRETO DO OESTE;13;6;Deputado Federal;14;PTB;Partido Trabalhista Brasileiro;PTB;1843
2022;1;RO;ALTA FLORESTA D OESTE;17;6;Deputado Federal;14;PTB;Partido Trabalhista Brasileiro;PTB;32
2022;1;RO;CHUPINGUAIA;8;6;Deputado Federal;22;PL;Partido Liberal;PL;1419
2022;1;RO;PORTO VELHO;21;7;Deputado Estadual;45;PSDB;Partido da Social Democracia Brasileira;Federação PSDB Cidadania(PSDB/CIDADANIA);2610
2022;1;RO;CACAULÂNDIA;26;7;Deputado Estadual;45;PSDB;Partido da Social Democracia Brasileira;Federação PSDB Cidadania(PSDB/CIDADANIA);10
2022;1;RO;PRESIDENTE MÉDICI;3;5;Senador;10;REPUBLICANOS;REPUBLICANOS;REPUBLICANOS / Federação PSDB Cidadania(PSDB/CIDADANIA) / UNIÃO / PSC / AVANTE / PATRIOTA / MDB;3543
2022;1;RO;CORUMBIARA;16;6;Deputado Federal;15;MDB;Movimento Democrático Brasileiro;MDB;434
2022;1;RO;ALTO ALEGRE DOS PARECIS;19;7;Deputado Estadual;70;AVANTE;AVANTE;AVANTE;9
2022;1;RO;ESPIGÃO DO OESTE;12;6;Deputado Federal;65;PC do B;Partido Comunista do Brasil;Federação Brasil da Esperança - FE BRASIL(PT/PC do B/PV);5
2022;1;RO;CACAULÂNDIA;26;6;Deputado Federal;10;REPUBLICANOS;REPUBLICANOS;REPUBLICANOS;29
2022;1;RO;CABIXI;8;7;Deputado Estadual;33;PMN;Partido da Mobilização Nacional;PMN;61
2022;1;RO;RIO CRESPO;26;7;Deputado Estadual;33;PMN;Partido da Mobilização Nacional;PMN;10
2022;1;RO;PRIMAVERA DE RONDÔNIA;9;7;Deputado Estadual;33;PMN;Partido da Mobilização Nacional;PMN;210
2022;1;RO;PRIMAVERA DE RONDÔNIA;9;6;Deputado Federal;35;PMB;Partido da Mulher Brasileira;PMB;0
2022;1;RO;THEOBROMA;27;6;Deputado Federal;35;PMB;Partido da Mulher Brasileira;PMB;0
2022;1;RO;GUAJARÁ-MIRIM;1;6;Deputado Federal;43;PV;Partido Verde;Federação Brasil da Esperança - FE BRASIL(PT/PC do B/PV);4
2022;1;RO;JI-PARANÁ;3;6;Deputado Federal;43;PV;Partido Verde;Federação Brasil da Esperança - FE BRASIL(PT/PC do B/PV);0
2022;1;RO;SÃO FRANCISCO DO GUAPORÉ;5;6;Deputado Federal;43;PV;Partido Verde;Federação Brasil da Esperança - FE BRASIL(PT/PC do B/PV);0
2022;1;RO;MACHADINHO D OESTE;32;6;Deputado Federal;90;PROS;Partido Republicano da Ordem Social;PROS;2
2022;1;RO;BURITIS;34;5;Senador;35;PMB;Partido da Mulher Brasileira;PMB;32
2022;1;RO;SÃO FRANCISCO DO GUAPORÉ;5;5;Senador;35;PMB;Partido da Mulher Brasileira;PMB;4
2022;1;RO;TEIXEIRÓPOLIS;13;5;Senador;35;PMB;Partido da Mulher Brasileira;PMB;3
2022;1;RO;CANDEIAS DO JAMARI;21;5;Senador;35;PMB;Partido da Mulher Brasileira;PMB;120
2022;1;RO;COLORADO DO OESTE;8;6;Deputado Federal;55;PSD;Partido Social Democrático;PSD;1417
2022;1;RO;CABIXI;8;6;Deputado Federal;55;PSD;Partido Social Democrático;PSD;327
2022;1;RO;VALE DO PARAÍSO;28;6;Deputado Federal;70;AVANTE;AVANTE;AVANTE;7
2022;1;RO;URUPÁ;18;6;Deputado Federal;70;AVANTE;AVANTE;AVANTE;35
2022;1;RO;JI-PARANÁ;3;7;Deputado Estadual;14;PTB;Partido Trabalhista Brasileiro;PTB;348
2022;1;RO;CASTANHEIRAS;15;6;Deputado Federal;14;PTB;Partido Trabalhista Brasileiro;PTB;18
2022;1;RO;PORTO VELHO;21;6;Deputado Federal;36;AGIR;AGIR;AGIR;169
2022;1;RO;JI-PARANÁ;30;6;Deputado Federal;36;AGIR;AGIR;AGIR;24
2022;1;RO;GOVERNADOR JORGE TEIXEIRA;27;7;Deputado Estadual;12;PDT;Partido Democrático Trabalhista;PDT;19
2022;1;RO;SÃO MIGUEL DO GUAPORÉ;35;7;Deputado Estadual;12;PDT;Partido Democrático Trabalhista;PDT;22
2022;1;RO;CASTANHEIRAS;15;7;Deputado Estadual;12;PDT;Partido Democrático Trabalhista;PDT;12
2022;1;RO;COLORADO DO OESTE;8;6;Deputado Federal;11;PP;PROGRESSISTAS;PP;106
2022;1;RO;PARECIS;19;6;Deputado Federal;11;PP;PROGRESSISTAS;PP;49
2022;1;RO;PIMENTEIRAS DO OESTE;16;6;Deputado Federal;22;PL;Partido Liberal;PL;270
2022;1;RO;NOVA UNIÃO;28;7;Deputado Estadual;45;PSDB;Partido da Social Democracia Brasileira;Federação PSDB Cidadania(PSDB/CIDADANIA);15
2022;1;RO;CUJUBIM;26;6;Deputado Federal;51;PATRIOTA;Patriota;PATRIOTA;6
2022;1;RO;SÃO MIGUEL DO GUAPORÉ;35;6;Deputado Federal;51;PATRIOTA;Patriota;PATRIOTA;2
2022;1;RO;PARECIS;19;5;Senador;10;REPUBLICANOS;REPUBLICANOS;REPUBLICANOS / Federação PSDB Cidadania(PSDB/CIDADANIA) / UNIÃO / PSC / AVANTE / PATRIOTA / MDB;736
2022;1;RO;ALVORADA DO OESTE;18;6;Deputado Federal;15;MDB;Movimento Democrático Brasileiro;MDB;127
2022;1;RO;SERINGUEIRAS;35;6;Deputado Federal;15;MDB;Movimento Democrático Brasileiro;MDB;731
2022;1;RO;PRESIDENTE MÉDICI;3;6;Deputado Federal;15;MDB;Movimento Democrático Brasileiro;MDB;312
2022;1;RO;SANTA LUZIA D OESTE;19;7;Deputado Estadual;44;UNIÃO;UNIÃO BRASIL;UNIÃO;410
2022;1;RO;OURO PRETO DO OESTE;13;7;Deputado Estadual;44;UNIÃO;UNIÃO BRASIL;UNIÃO;1298
2022;1;RO;CACOAL;11;7;Deputado Estadual;44;UNIÃO;UNIÃO BRASIL;UNIÃO;12140
2022;1;RO;PORTO VELHO;20;7;Deputado Estadual;44;UNIÃO;UNIÃO BRASIL;UNIÃO;10991
2022;1;RO;NOVO HORIZONTE DO OESTE;15;7;Deputado Estadual;44;UNIÃO;UNIÃO BRASIL;UNIÃO;1210
2022;1;RO;CACAULÂNDIA;26;7;Deputado Estadual;70;AVANTE;AVANTE;AVANTE;20
2022;1;RO;PIMENTEIRAS DO OESTE;16;6;Deputado Federal;65;PC do B;Partido Comunista do Brasil;Federação Brasil da Esperança - FE BRASIL(PT/PC do B/PV);0
2022;1;RO;NOVA BRASILÂNDIA D OESTE;15;6;Deputado Federal;10;REPUBLICANOS;REPUBLICANOS;REPUBLICANOS;534
2022;1;RO;THEOBROMA;27;6;Deputado Federal;10;REPUBLICANOS;REPUBLICANOS;REPUBLICANOS;74
2022;1;RO;SÃO MIGUEL DO GUAPORÉ;35;7;Deputado Estadual;33;PMN;Partido da Mobilização Nacional;PMN;136
2022;1;RO;SÃO FRANCISCO DO GUAPORÉ;5;6;Deputado Federal;35;PMB;Partido da Mulher Brasileira;PMB;0
2022;1;RO;CABIXI;8;6;Deputado Federal;35;PMB;Partido da Mulher Brasileira;PMB;0
2022;1;RO;PORTO VELHO;2;7;Deputado Estadual;20;PSC;Partido Social Cristão;PSC;1970
2022;1;RO;COLORADO DO OESTE;8;7;Deputado Estadual;20;PSC;Partido Social Cristão;PSC;323
2022;1;RO;CANDEIAS DO JAMARI;21;3;Governador;22;PL;Partido Liberal;PL / DC / PMB / PTB;4445
2022;1;RO;THEOBROMA;27;3;Governador;22;PL;Partido Liberal;PL / DC / PMB / PTB;1645
2022;1;RO;ALVORADA DO OESTE;18;7;Deputado Estadual;35;PMB;Partido da Mulher Brasileira;PMB;5
2022;1;RO;VILHENA;4;7;Deputado Estadual;35;PMB;Partido da Mulher Brasileira;PMB;87
2022;1;RO;RIO CRESPO;26;7;Deputado Estadual;35;PMB;Partido da Mulher Brasileira;PMB;9
2022;1;RO;MINISTRO ANDREAZZA;11;7;Deputado Estadual;22;PL;Partido Liberal;PL;192
2022;1;RO;SÃO MIGUEL DO GUAPORÉ;35;7;Deputado Estadual;22;PL;Partido Liberal;PL;340
2022;1;RO;MACHADINHO D OESTE;32;7;Deputado Estadual;22;PL;Partido Liberal;PL;583
2022;1;RO;CEREJEIRAS;16;7;Deputado Estadual;51;PATRIOTA;Patriota;PATRIOTA;200
2022;1;RO;URUPÁ;18;7;Deputado Estadual;51;PATRIOTA;Patriota;PATRIOTA;329
2022;1;RO;SÃO FELIPE D OESTE;19;7;Deputado Estadual;51;PATRIOTA;Patriota;PATRIOTA;285
2022;1;RO;CHUPINGUAIA;8;7;Deputado Estadual;14;PTB;Partido Trabalhista Brasileiro;PTB;62
2022;1;RO;PARECIS;19;5;Senador;36;AGIR;AGIR;AGIR / PROS;0
2022;1;RO;CUJUBIM;26;5;Senador;36;AGIR;AGIR;AGIR / PROS;7
2022;1;RO;MIRANTE DA SERRA;28;7;Deputado Estadual;12;PDT;Partido Democrático Trabalhista;PDT;261
2022;1;RO;ALVORADA DO OESTE;18;6;Deputado Federal;11;PP;PROGRESSISTAS;PP;146
2022;1;RO;URUPÁ;18;6;Deputado Federal;11;PP;PROGRESSISTAS;PP;461
2022;1;RO;MONTE NEGRO;25;6;Deputado Federal;11;PP;PROGRESSISTAS;PP;77
2022;1;RO;CACOAL;11;6;Deputado Federal;14;PTB;Partido Trabalhista Brasileiro;PTB;912
2022;1;RO;SÃO FELIPE D OESTE;19;6;Deputado Federal;14;PTB;Partido Trabalhista Brasileiro;PTB;12
2022;1;RO;ALTO ALEGRE DOS PARECIS;19;6;Deputado Federal;22;PL;Partido Liberal;PL;1181
2022;1;RO;CANDEIAS DO JAMARI;21;6;Deputado Federal;22;PL;Partido Liberal;PL;1651
2022;1;RO;CEREJEIRAS;16;6;Deputado Federal;22;PL;Partido Liberal;PL;1475
2022;1;RO;JI-PARANÁ;3;5;Senador;55;PSD;Partido Social Democrático;PODE / PSD / PMN;1511
2022;1;RO;CORUMBIARA;16;5;Senador;55;PSD;Partido Social Democrático;PODE / PSD / PMN;210
2022;1;RO;SERINGUEIRAS;35;5;Senador;55;PSD;Partido Social Democrático;PODE / PSD / PMN;1021
2022;1;RO;ALVORADA DO OESTE;18;5;Senador;55;PSD;Partido Social Democrático;PODE / PSD / PMN;1322
2022;2;RO;NOVA BRASILÂNDIA D OESTE;15;3;Governador;22;PL;Partido Liberal;PL / DC / PMB / PTB;5544
2022;2;RO;CABIXI;8;3;Governador;22;PL;Partido Liberal;PL / DC / PMB / PTB;1609
2022;2;RO;URUPÁ;18;3;Governador;22;PL;Partido Liberal;PL / DC / PMB / PTB;3381
2022;1;RO;MACHADINHO D OESTE;32;3;Governador;19;PODE;Podemos;PODE / PMN / PSD;1119
2022;1;RO;CACOAL;11;3;Governador;19;PODE;Podemos;PODE / PMN / PSD;4122
2022;1;RO;THEOBROMA;27;5;Senador;22;PL;Partido Liberal;PL / DC / PTB;1161
2022;1;RO;CANDEIAS DO JAMARI;21;5;Senador;22;PL;Partido Liberal;PL / DC / PTB;4039
2022;1;RO;JARU;10;5;Senador;22;PL;Partido Liberal;PL / DC / PTB;7273
2022;1;RO;TEIXEIRÓPOLIS;13;5;Senador;22;PL;Partido Liberal;PL / DC / PTB;741
2022;1;RO;VALE DO PARAÍSO;28;6;Deputado Federal;44;UNIÃO;UNIÃO BRASIL;UNIÃO;1155
2022;1;RO;PRIMAVERA DE RONDÔNIA;9;7;Deputado Estadual;11;PP;PROGRESSISTAS;PP;82
2022;1;RO;SERINGUEIRAS;35;7;Deputado Estadual;11;PP;PROGRESSISTAS;PP;210
2022;1;RO;MINISTRO ANDREAZZA;11;7;Deputado Estadual;50;PSOL;Partido Socialismo e Liberdade;Federação PSOL REDE(PSOL/REDE);0
2022;1;RO;GUAJARÁ-MIRIM;1;7;Deputado Estadual;15;MDB;Movimento Democrático Brasileiro;MDB;644
2022;1;RO;MIRANTE DA SERRA;28;7;Deputado Estadual;15;MDB;Movimento Democrático Brasileiro;MDB;280
2022;1;RO;BURITIS;34;7;Deputado Estadual;15;MDB;Movimento Democrático Brasileiro;MDB;1284
2022;1;RO;PRIMAVERA DE RONDÔNIA;9;7;Deputado Estadual;15;MDB;Movimento Democrático Brasileiro;MDB;15
2022;1;RO;PORTO VELHO;20;7;Deputado Estadual;15;MDB;Movimento Democrático Brasileiro;MDB;1773
2022;1;RO;CASTANHEIRAS;15;5;Senador;11;PP;PROGRESSISTAS;PP;841
2022;1;RO;MINISTRO ANDREAZZA;11;5;Senador;11;PP;PROGRESSISTAS;PP;567
2022;1;RO;ARIQUEMES;7;5;Senador;55;PSD;Partido Social Democrático;PODE / PSD / PMN;2402
2022;1;RO;PORTO VELHO;21;6;Deputado Federal;13;PT;Partido dos Trabalhadores;Federação Brasil da Esperança - FE BRASIL(PT/PC do B/PV);2080
2022;1;RO;ALTA FLORESTA D OESTE;17;6;Deputado Federal;13;PT;Partido dos Trabalhadores;Federação Brasil da Esperança - FE BRASIL(PT/PC do B/PV);969
2022;2;RO;ITAPUÃ DO OESTE;2;3;Governador;22;PL;Partido Liberal;PL / DC / PMB / PTB;2430
2022;2;RO;JARU;10;3;Governador;22;PL;Partido Liberal;PL / DC / PMB / PTB;13467
2022;2;RO;VILHENA;4;3;Governador;22;PL;Partido Liberal;PL / DC / PMB / PTB;25286
2022;1;RO;COSTA MARQUES;5;7;Deputado Estadual;23;CIDADANIA;Cidadania;Federação PSDB Cidadania(PSDB/CIDADANIA);0
2022;1;RO;NOVO HORIZONTE DO OESTE;15;6;Deputado Federal;18;REDE;Rede Sustentabilidade;Federação PSOL REDE(PSOL/REDE);0
2022;1;RO;PORTO VELHO;6;5;Senador;22;PL;Partido Liberal;PL / DC / PTB;19710
2022;1;RO;JI-PARANÁ;3;5;Senador;22;PL;Partido Liberal;PL / DC / PTB;8138
2022;1;RO;SÃO FELIPE D OESTE;19;3;Governador;19;PODE;Podemos;PODE / PMN / PSD;382
2022;1;RO;ITAPUÃ DO OESTE;2;3;Governador;19;PODE;Podemos;PODE / PMN / PSD;528
2022;1;RO;SÃO MIGUEL DO GUAPORÉ;35;6;Deputado Federal;35;PMB;Partido da Mulher Brasileira;PMB;0
2022;1;RO;ALTO PARAÍSO;25;6;Deputado Federal;35;PMB;Partido da Mulher Brasileira;PMB;0
2022;1;RO;ALTO PARAÍSO;25;5;Senador;22;PL;Partido Liberal;PL / DC / PTB;3347
2022;1;RO;CACOAL;11;6;Deputado Federal;90;PROS;Partido Republicano da Ordem Social;PROS;6
2022;1;RO;MIRANTE DA SERRA;28;6;Deputado Federal;90;PROS;Partido Republicano da Ordem Social;PROS;1
2022;1;RO;JI-PARANÁ;3;6;Deputado Federal;90;PROS;Partido Republicano da Ordem Social;PROS;3
2022;1;RO;SANTA LUZIA D OESTE;19;5;Senador;35;PMB;Partido da Mulher Brasileira;PMB;9
2022;1;RO;JI-PARANÁ;3;7;Deputado Estadual;10;REPUBLICANOS;REPUBLICANOS;REPUBLICANOS;342
2022;1;RO;PIMENTEIRAS DO OESTE;16;3;Governador;50;PSOL;Partido Socialismo e Liberdade;Federação PSOL REDE(PSOL/REDE);9
2022;1;RO;MACHADINHO D OESTE;32;6;Deputado Federal;19;PODE;Podemos;PODE;558
2022;1;RO;JI-PARANÁ;3;6;Deputado Federal;19;PODE;Podemos;PODE;483
2022;1;RO;ALTA FLORESTA D OESTE;17;6;Deputado Federal;70;AVANTE;AVANTE;AVANTE;61
2022;1;RO;JI-PARANÁ;30;6;Deputado Federal;70;AVANTE;AVANTE;AVANTE;312
2022;1;RO;PARECIS;19;6;Deputado Federal;70;AVANTE;AVANTE;AVANTE;8
2022;1;RO;ALTA FLORESTA D OESTE;17;6;Deputado Federal;50;PSOL;Partido Socialismo e Liberdade;Federação PSOL REDE(PSOL/REDE);3
2022;1;RO;JARU;10;7;Deputado Estadual;19;PODE;Podemos;PODE;3765
2022;1;RO;JARU;10;6;Deputado Federal;19;PODE;Podemos;PODE;550
2022;1;RO;ARIQUEMES;7;6;Deputado Federal;19;PODE;Podemos;PODE;14778
2022;1;RO;URUPÁ;18;6;Deputado Federal;19;PODE;Podemos;PODE;93
2022;1;RO;MONTE NEGRO;25;6;Deputado Federal;19;PODE;Podemos;PODE;1428
2022;1;RO;PORTO VELHO;2;6;Deputado Federal;70;AVANTE;AVANTE;AVANTE;3483
2022;1;RO;RIO CRESPO;26;6;Deputado Federal;70;AVANTE;AVANTE;AVANTE;6
2022;1;RO;CANDEIAS DO JAMARI;21;6;Deputado Federal;20;PSC;Partido Social Cristão;PSC;307
2022;1;RO;PORTO VELHO;2;6;Deputado Federal;20;PSC;Partido Social Cristão;PSC;1613
2022;1;RO;ALVORADA DO OESTE;18;6;Deputado Federal;44;UNIÃO;UNIÃO BRASIL;UNIÃO;1897
2022;1;RO;COLORADO DO OESTE;8;7;Deputado Estadual;50;PSOL;Partido Socialismo e Liberdade;Federação PSOL REDE(PSOL/REDE);0
2022;1;RO;GOVERNADOR JORGE TEIXEIRA;27;7;Deputado Estadual;50;PSOL;Partido Socialismo e Liberdade;Federação PSOL REDE(PSOL/REDE);0
2022;1;RO;URUPÁ;18;7;Deputado Estadual;11;PP;PROGRESSISTAS;PP;532
2022;1;RO;PORTO VELHO;2;7;Deputado Estadual;11;PP;PROGRESSISTAS;PP;2718
2022;1;RO;MINISTRO ANDREAZZA;11;7;Deputado Estadual;10;REPUBLICANOS;REPUBLICANOS;REPUBLICANOS;101
2022;1;RO;RIO CRESPO;26;7;Deputado Estadual;10;REPUBLICANOS;REPUBLICANOS;REPUBLICANOS;555
2022;1;RO;PORTO VELHO;6;3;Governador;50;PSOL;Partido Socialismo e Liberdade;Federação PSOL REDE(PSOL/REDE);464
2022;1;RO;SERINGUEIRAS;35;6;Deputado Federal;70;AVANTE;AVANTE;AVANTE;17
2022;1;RO;CACAULÂNDIA;26;6;Deputado Federal;19;PODE;Podemos;PODE;313
2022;1;RO;PORTO VELHO;6;6;Deputado Federal;70;AVANTE;AVANTE;AVANTE;3197
2022;1;RO;ALTO PARAÍSO;25;6;Deputado Federal;70;AVANTE;AVANTE;AVANTE;17
2022;1;RO;CHUPINGUAIA;8;6;Deputado Federal;50;PSOL;Partido Socialismo e Liberdade;Federação PSOL REDE(PSOL/REDE);2
2022;1;RO;THEOBROMA;27;6;Deputado Federal;50;PSOL;Partido Socialismo e Liberdade;Federação PSOL REDE(PSOL/REDE);0
2022;1;RO;PORTO VELHO;2;7;Deputado Estadual;77;SOLIDARIEDADE;Solidariedade;SOLIDARIEDADE;540
2022;1;RO;CASTANHEIRAS;15;7;Deputado Estadual;77;SOLIDARIEDADE;Solidariedade;SOLIDARIEDADE;1
2022;1;RO;SÃO FELIPE D OESTE;19;7;Deputado Estadual;19;PODE;Podemos;PODE;163
2022;1;RO;COLORADO DO OESTE;8;7;Deputado Estadual;13;PT;Partido dos Trabalhadores;Federação Brasil da Esperança - FE BRASIL(PT/PC do B/PV);363
2022;1;RO;RIO CRESPO;26;7;Deputado Estadual;13;PT;Partido dos Trabalhadores;Federação Brasil da Esperança - FE BRASIL(PT/PC do B/PV);54
2022;1;RO;CACAULÂNDIA;26;7;Deputado Estadual;65;PC do B;Partido Comunista do Brasil;Federação Brasil da Esperança - FE BRASIL(PT/PC do B/PV);0
2022;1;RO;PARECIS;19;7;Deputado Estadual;65;PC do B;Partido Comunista do Brasil;Federação Brasil da Esperança - FE BRASIL(PT/PC do B/PV);0
2022;1;RO;SÃO FELIPE D OESTE;19;7;Deputado Estadual;65;PC do B;Partido Comunista do Brasil;Federação Brasil da Esperança - FE BRASIL(PT/PC do B/PV);0
2022;1;RO;CEREJEIRAS;16;7;Deputado Estadual;65;PC do B;Partido Comunista do Brasil;Federação Brasil da Esperança - FE BRASIL(PT/PC do B/PV);1
2022;1;RO;BURITIS;34;7;Deputado Estadual;65;PC do B;Partido Comunista do Brasil;Federação Brasil da Esperança - FE BRASIL(PT/PC do B/PV);1
2022;1;RO;ALTO PARAÍSO;25;7;Deputado Estadual;43;PV;Partido Verde;Federação Brasil da Esperança - FE BRASIL(PT/PC do B/PV);0
2022;1;RO;VILHENA;4;7;Deputado Estadual;43;PV;Partido Verde;Federação Brasil da Esperança - FE BRASIL(PT/PC do B/PV);49
2022;1;RO;GUAJARÁ-MIRIM;1;7;Deputado Estadual;43;PV;Partido Verde;Federação Brasil da Esperança - FE BRASIL(PT/PC do B/PV);0
2022;1;RO;VALE DO PARAÍSO;28;7;Deputado Estadual;55;PSD;Partido Social Democrático;PSD;1172
2022;1;RO;PRIMAVERA DE RONDÔNIA;9;7;Deputado Estadual;55;PSD;Partido Social Democrático;PSD;123
2022;1;RO;PORTO VELHO;20;7;Deputado Estadual;55;PSD;Partido Social Democrático;PSD;2695
2022;1;RO;ALTA FLORESTA D OESTE;17;7;Deputado Estadual;55;PSD;Partido Social Democrático;PSD;222
2022;1;RO;VILHENA;4;7;Deputado Estadual;36;AGIR;AGIR;AGIR;18
2022;1;RO;COLORADO DO OESTE;8;7;Deputado Estadual;36;AGIR;AGIR;AGIR;6
2022;1;RO;SÃO FRANCISCO DO GUAPORÉ;5;7;Deputado Estadual;36;AGIR;AGIR;AGIR;0
2022;1;RO;GOVERNADOR JORGE TEIXEIRA;27;6;Deputado Federal;40;PSB;Partido Socialista Brasileiro;PSB;191
2022;1;RO;CACAULÂNDIA;26;6;Deputado Federal;77;SOLIDARIEDADE;Solidariedade;SOLIDARIEDADE;3
2022;1;RO;OURO PRETO DO OESTE;13;6;Deputado Federal;77;SOLIDARIEDADE;Solidariedade;SOLIDARIEDADE;7
2022;1;RO;ROLIM DE MOURA;29;6;Deputado Federal;77;SOLIDARIEDADE;Solidariedade;SOLIDARIEDADE;18
2022;1;RO;SERINGUEIRAS;35;6;Deputado Federal;77;SOLIDARIEDADE;Solidariedade;SOLIDARIEDADE;1
2022;1;RO;NOVA UNIÃO;28;6;Deputado Federal;77;SOLIDARIEDADE;Solidariedade;SOLIDARIEDADE;0
2022;1;RO;VALE DO PARAÍSO;28;6;Deputado Federal;13;PT;Partido dos Trabalhadores;Federação Brasil da Esperança - FE BRASIL(PT/PC do B/PV);475
2022;1;RO;SANTA LUZIA D OESTE;19;7;Deputado Estadual;18;REDE;Rede Sustentabilidade;Federação PSOL REDE(PSOL/REDE);0
2022;1;RO;SERINGUEIRAS;35;6;Deputado Federal;12;PDT;Partido Democrático Trabalhista;PDT;26
2022;1;RO;VALE DO PARAÍSO;28;7;Deputado Estadual;20;PSC;Partido Social Cristão;PSC;234
2022;1;RO;COSTA MARQUES;5;7;Deputado Estadual;20;PSC;Partido Social Cristão;PSC;118
2022;1;RO;ALTO ALEGRE DOS PARECIS;19;7;Deputado Estadual;20;PSC;Partido Social Cristão;PSC;390
2022;1;RO;CAMPO NOVO DE RONDÔNIA;34;7;Deputado Estadual;20;PSC;Partido Social Cristão;PSC;170
2022;1;RO;CHUPINGUAIA;8;7;Deputado Estadual;20;PSC;Partido Social Cristão;PSC;827
2022;1;RO;MONTE NEGRO;25;6;Deputado Federal;55;PSD;Partido Social Democrático;PSD;499
2022;1;RO;VALE DO PARAÍSO;28;6;Deputado Federal;55;PSD;Partido Social Democrático;PSD;648
2022;1;RO;ROLIM DE MOURA;29;6;Deputado Federal;70;AVANTE;AVANTE;AVANTE;175
2022;1;RO;ALTO PARAÍSO;25;3;Governador;50;PSOL;Partido Socialismo e Liberdade;Federação PSOL REDE(PSOL/REDE);10
2022;1;RO;SANTA LUZIA D OESTE;19;6;Deputado Federal;50;PSOL;Partido Socialismo e Liberdade;Federação PSOL REDE(PSOL/REDE);0
2022;1;RO;CEREJEIRAS;16;6;Deputado Federal;50;PSOL;Partido Socialismo e Liberdade;Federação PSOL REDE(PSOL/REDE);0
2022;1;RO;CANDEIAS DO JAMARI;21;6;Deputado Federal;50;PSOL;Partido Socialismo e Liberdade;Federação PSOL REDE(PSOL/REDE);16
2022;1;RO;VALE DO ANARI;32;7;Deputado Estadual;19;PODE;Podemos;PODE;298
2022;1;RO;ALTO ALEGRE DOS PARECIS;19;7;Deputado Estadual;19;PODE;Podemos;PODE;74
2022;1;RO;CHUPINGUAIA;8;7;Deputado Estadual;13;PT;Partido dos Trabalhadores;Federação Brasil da Esperança - FE BRASIL(PT/PC do B/PV);165
2022;1;RO;SERINGUEIRAS;35;7;Deputado Estadual;13;PT;Partido dos Trabalhadores;Federação Brasil da Esperança - FE BRASIL(PT/PC do B/PV);196
2022;1;RO;MIRANTE DA SERRA;28;7;Deputado Estadual;65;PC do B;Partido Comunista do Brasil;Federação Brasil da Esperança - FE BRASIL(PT/PC do B/PV);0
2022;1;RO;CANDEIAS DO JAMARI;21;7;Deputado Estadual;43;PV;Partido Verde;Federação Brasil da Esperança - FE BRASIL(PT/PC do B/PV);7
2022;1;RO;CACAULÂNDIA;26;7;Deputado Estadual;43;PV;Partido Verde;Federação Brasil da Esperança - FE BRASIL(PT/PC do B/PV);0
2022;1;RO;VALE DO ANARI;32;7;Deputado Estadual;55;PSD;Partido Social Democrático;PSD;323
2022;1;RO;OURO PRETO DO OESTE;13;6;Deputado Federal;40;PSB;Partido Socialista Brasileiro;PSB;274
2022;1;RO;VILHENA;4;6;Deputado Federal;77;SOLIDARIEDADE;Solidariedade;SOLIDARIEDADE;34
2022;1;RO;PORTO VELHO;20;6;Deputado Federal;77;SOLIDARIEDADE;Solidariedade;SOLIDARIEDADE;245
2022;1;RO;OURO PRETO DO OESTE;13;6;Deputado Federal;13;PT;Partido dos Trabalhadores;Federação Brasil da Esperança - FE BRASIL(PT/PC do B/PV);1243
2022;1;RO;JARU;10;7;Deputado Estadual;18;REDE;Rede Sustentabilidade;Federação PSOL REDE(PSOL/REDE);4
2022;1;RO;TEIXEIRÓPOLIS;13;7;Deputado Estadual;18;REDE;Rede Sustentabilidade;Federação PSOL REDE(PSOL/REDE);0
2022;1;RO;CHUPINGUAIA;8;7;Deputado Estadual;40;PSB;Partido Socialista Brasileiro;PSB;805
2022;1;RO;PARECIS;19;7;Deputado Estadual;40;PSB;Partido Socialista Brasileiro;PSB;514
2022;1;RO;GUAJARÁ-MIRIM;1;7;Deputado Estadual;40;PSB;Partido Socialista Brasileiro;PSB;516
2022;2;RO;OURO PRETO DO OESTE;13;3;Governador;44;UNIÃO;UNIÃO BRASIL;UNIÃO / REPUBLICANOS / AVANTE / MDB / PATRIOTA / PSC / Federação PSDB Cidadania(PSDB/CIDADANIA);9883
2022;2;RO;NOVO HORIZONTE DO OESTE;15;3;Governador;44;UNIÃO;UNIÃO BRASIL;UNIÃO / REPUBLICANOS / AVANTE / MDB / PATRIOTA / PSC / Federação PSDB Cidadania(PSDB/CIDADANIA);2965
2022;2;RO;ALTO PARAÍSO;25;3;Governador;44;UNIÃO;UNIÃO BRASIL;UNIÃO / REPUBLICANOS / AVANTE / MDB / PATRIOTA / PSC / Federação PSDB Cidadania(PSDB/CIDADANIA);2484
2022;2;RO;ALVORADA DO OESTE;18;3;Governador;44;UNIÃO;UNIÃO BRASIL;UNIÃO / REPUBLICANOS / AVANTE / MDB / PATRIOTA / PSC / Federação PSDB Cidadania(PSDB/CIDADANIA);4572
2022;1;RO;PORTO VELHO;2;3;Governador;44;UNIÃO;UNIÃO BRASIL;UNIÃO / REPUBLICANOS / AVANTE / MDB / PATRIOTA / PSC / Federação PSDB Cidadania(PSDB/CIDADANIA);31818
2022;1;RO;COSTA MARQUES;5;3;Governador;44;UNIÃO;UNIÃO BRASIL;UNIÃO / REPUBLICANOS / AVANTE / MDB / PATRIOTA / PSC / Federação PSDB Cidadania(PSDB/CIDADANIA);2859
2022;1;RO;ARIQUEMES;7;3;Governador;77;SOLIDARIEDADE;Solidariedade;Federação Brasil da Esperança - FE BRASIL(PT/PC do B/PV) / PSB / SOLIDARIEDADE / PDT;3470
2022;1;RO;NOVA BRASILÂNDIA D OESTE;15;6;Deputado Federal;13;PT;Partido dos Trabalhadores;Federação Brasil da Esperança - FE BRASIL(PT/PC do B/PV);519
2022;1;RO;PARECIS;19;7;Deputado Estadual;11;PP;PROGRESSISTAS;PP;43
2022;1;RO;CASTANHEIRAS;15;7;Deputado Estadual;11;PP;PROGRESSISTAS;PP;248
2022;1;RO;THEOBROMA;27;5;Senador;11;PP;PROGRESSISTAS;PP;531
2022;1;RO;ALVORADA DO OESTE;18;5;Senador;11;PP;PROGRESSISTAS;PP;993
2022;1;RO;PRESIDENTE MÉDICI;3;5;Senador;11;PP;PROGRESSISTAS;PP;2030
2022;2;RO;ALTO PARAÍSO;25;3;Governador;22;PL;Partido Liberal;PL / DC / PMB / PTB;5683
2022;2;RO;PRIMAVERA DE RONDÔNIA;9;3;Governador;22;PL;Partido Liberal;PL / DC / PMB / PTB;1190
2022;1;RO;PORTO VELHO;20;7;Deputado Estadual;23;CIDADANIA;Cidadania;Federação PSDB Cidadania(PSDB/CIDADANIA);0
2022;2;RO;NOVA MAMORÉ;1;3;Governador;22;PL;Partido Liberal;PL / DC / PMB / PTB;8798
2022;2;RO;COLORADO DO OESTE;8;3;Governador;22;PL;Partido Liberal;PL / DC / PMB / PTB;4731
2022;1;RO;ESPIGÃO DO OESTE;12;6;Deputado Federal;18;REDE;Rede Sustentabilidade;Federação PSOL REDE(PSOL/REDE);0
2022;1;RO;PORTO VELHO;6;6;Deputado Federal;90;PROS;Partido Republicano da Ordem Social;PROS;284
2022;1;RO;NOVA MAMORÉ;1;6;Deputado Federal;90;PROS;Partido Republicano da Ordem Social;PROS;10
2022;1;RO;CACAULÂNDIA;26;5;Senador;35;PMB;Partido da Mulher Brasileira;PMB;3
2022;1;RO;ROLIM DE MOURA;29;6;Deputado Federal;55;PSD;Partido Social Democrático;PSD;2390
2022;1;RO;TEIXEIRÓPOLIS;13;6;Deputado Federal;55;PSD;Partido Social Democrático;PSD;307
2022;1;RO;JARU;10;6;Deputado Federal;70;AVANTE;AVANTE;AVANTE;155
2022;1;RO;PORTO VELHO;21;7;Deputado Estadual;10;REPUBLICANOS;REPUBLICANOS;REPUBLICANOS;4083
2022;1;RO;COLORADO DO OESTE;8;7;Deputado Estadual;10;REPUBLICANOS;REPUBLICANOS;REPUBLICANOS;76
2022;1;RO;NOVA UNIÃO;28;7;Deputado Estadual;10;REPUBLICANOS;REPUBLICANOS;REPUBLICANOS;107
2022;1;RO;SÃO FELIPE D OESTE;19;7;Deputado Estadual;10;REPUBLICANOS;REPUBLICANOS;REPUBLICANOS;298
2022;1;RO;ESPIGÃO DO OESTE;12;7;Deputado Estadual;10;REPUBLICANOS;REPUBLICANOS;REPUBLICANOS;1763
2022;1;RO;NOVA MAMORÉ;1;3;Governador;50;PSOL;Partido Socialismo e Liberdade;Federação PSOL REDE(PSOL/REDE);107
2022;1;RO;ALTA FLORESTA D OESTE;17;3;Governador;50;PSOL;Partido Socialismo e Liberdade;Federação PSOL REDE(PSOL/REDE);23
2022;1;RO;CABIXI;8;6;Deputado Federal;19;PODE;Podemos;PODE;110
2022;1;RO;VALE DO PARAÍSO;28;6;Deputado Federal;50;PSOL;Partido Socialismo e Liberdade;Federação PSOL REDE(PSOL/REDE);0
2022;1;RO;PORTO VELHO;2;6;Deputado Federal;50;PSOL;Partido Socialismo e Liberdade;Federação PSOL REDE(PSOL/REDE);126
2022;1;RO;RIO CRESPO;26;7;Deputado Estadual;77;SOLIDARIEDADE;Solidariedade;SOLIDARIEDADE;2
2022;1;RO;COLORADO DO OESTE;8;7;Deputado Estadual;77;SOLIDARIEDADE;Solidariedade;SOLIDARIEDADE;169
2022;1;RO;SERINGUEIRAS;35;7;Deputado Estadual;65;PC do B;Partido Comunista do Brasil;Federação Brasil da Esperança - FE BRASIL(PT/PC do B/PV);0
2022;1;RO;NOVO HORIZONTE DO OESTE;15;7;Deputado Estadual;65;PC do B;Partido Comunista do Brasil;Federação Brasil da Esperança - FE BRASIL(PT/PC do B/PV);0
2022;1;RO;MONTE NEGRO;25;7;Deputado Estadual;65;PC do B;Partido Comunista do Brasil;Federação Brasil da Esperança - FE BRASIL(PT/PC do B/PV);0
2022;1;RO;CANDEIAS DO JAMARI;21;7;Deputado Estadual;55;PSD;Partido Social Democrático;PSD;441
2022;1;RO;CANDEIAS DO JAMARI;21;7;Deputado Estadual;36;AGIR;AGIR;AGIR;28
2022;1;RO;RIO CRESPO;26;6;Deputado Federal;40;PSB;Partido Socialista Brasileiro;PSB;31
2022;1;RO;GUAJARÁ-MIRIM;1;6;Deputado Federal;40;PSB;Partido Socialista Brasileiro;PSB;330
2022;1;RO;PORTO VELHO;6;6;Deputado Federal;40;PSB;Partido Socialista Brasileiro;PSB;4338
2022;1;RO;MONTE NEGRO;25;6;Deputado Federal;40;PSB;Partido Socialista Brasileiro;PSB;109
2022;1;RO;NOVA UNIÃO;28;6;Deputado Federal;40;PSB;Partido Socialista Brasileiro;PSB;111
2022;1;RO;CASTANHEIRAS;15;6;Deputado Federal;40;PSB;Partido Socialista Brasileiro;PSB;31
2022;1;RO;CEREJEIRAS;16;6;Deputado Federal;70;AVANTE;AVANTE;AVANTE;23
2022;1;RO;CORUMBIARA;16;3;Governador;50;PSOL;Partido Socialismo e Liberdade;Federação PSOL REDE(PSOL/REDE);3
2022;1;RO;THEOBROMA;27;3;Governador;50;PSOL;Partido Socialismo e Liberdade;Federação PSOL REDE(PSOL/REDE);10
2022;1;RO;PRIMAVERA DE RONDÔNIA;9;6;Deputado Federal;19;PODE;Podemos;PODE;249
2022;1;RO;URUPÁ;18;6;Deputado Federal;50;PSOL;Partido Socialismo e Liberdade;Federação PSOL REDE(PSOL/REDE);0
2022;1;RO;CABIXI;8;6;Deputado Federal;50;PSOL;Partido Socialismo e Liberdade;Federação PSOL REDE(PSOL/REDE);0
2022;1;RO;NOVA UNIÃO;28;7;Deputado Estadual;77;SOLIDARIEDADE;Solidariedade;SOLIDARIEDADE;0
2022;1;RO;PRESIDENTE MÉDICI;3;7;Deputado Estadual;19;PODE;Podemos;PODE;71
2022;1;RO;CABIXI;8;7;Deputado Estadual;13;PT;Partido dos Trabalhadores;Federação Brasil da Esperança - FE BRASIL(PT/PC do B/PV);158
2022;1;RO;VILHENA;4;7;Deputado Estadual;13;PT;Partido dos Trabalhadores;Federação Brasil da Esperança - FE BRASIL(PT/PC do B/PV);839
2022;1;RO;VILHENA;4;7;Deputado Estadual;65;PC do B;Partido Comunista do Brasil;Federação Brasil da Esperança - FE BRASIL(PT/PC do B/PV);8
2022;1;RO;GOVERNADOR JORGE TEIXEIRA;27;7;Deputado Estadual;65;PC do B;Partido Comunista do Brasil;Federação Brasil da Esperança - FE BRASIL(PT/PC do B/PV);0
2022;1;RO;PORTO VELHO;6;7;Deputado Estadual;65;PC do B;Partido Comunista do Brasil;Federação Brasil da Esperança - FE BRASIL(PT/PC do B/PV);67
2022;1;RO;URUPÁ;18;7;Deputado Estadual;65;PC do B;Partido Comunista do Brasil;Federação Brasil da Esperança - FE BRASIL(PT/PC do B/PV);0
2022;1;RO;PORTO VELHO;2;7;Deputado Estadual;43;PV;Partido Verde;Federação Brasil da Esperança - FE BRASIL(PT/PC do B/PV);178
2022;1;RO;SÃO MIGUEL DO GUAPORÉ;35;7;Deputado Estadual;36;AGIR;AGIR;AGIR;18
2022;1;RO;ALTA FLORESTA D OESTE;17;7;Deputado Estadual;36;AGIR;AGIR;AGIR;5
2022;1;RO;JI-PARANÁ;3;6;Deputado Federal;77;SOLIDARIEDADE;Solidariedade;SOLIDARIEDADE;29
2022;1;RO;TEIXEIRÓPOLIS;13;6;Deputado Federal;18;REDE;Rede Sustentabilidade;Federação PSOL REDE(PSOL/REDE);0
2022;1;RO;CORUMBIARA;16;7;Deputado Estadual;18;REDE;Rede Sustentabilidade;Federação PSOL REDE(PSOL/REDE);0
2022;1;RO;PRESIDENTE MÉDICI;3;7;Deputado Estadual;18;REDE;Rede Sustentabilidade;Federação PSOL REDE(PSOL/REDE);1
2022;1;RO;MIRANTE DA SERRA;28;6;Deputado Federal;70;AVANTE;AVANTE;AVANTE;11
2022;1;RO;URUPÁ;18;7;Deputado Estadual;77;SOLIDARIEDADE;Solidariedade;SOLIDARIEDADE;11
2022;1;RO;MIRANTE DA SERRA;28;7;Deputado Estadual;77;SOLIDARIEDADE;Solidariedade;SOLIDARIEDADE;36
2022;1;RO;ROLIM DE MOURA;29;7;Deputado Estadual;19;PODE;Podemos;PODE;189
2022;1;RO;BURITIS;34;7;Deputado Estadual;19;PODE;Podemos;PODE;385
2022;1;RO;COSTA MARQUES;5;7;Deputado Estadual;18;REDE;Rede Sustentabilidade;Federação PSOL REDE(PSOL/REDE);5
2022;1;RO;NOVA MAMORÉ;1;7;Deputado Estadual;18;REDE;Rede Sustentabilidade;Federação PSOL REDE(PSOL/REDE);100
2022;1;RO;ROLIM DE MOURA;29;7;Deputado Estadual;18;REDE;Rede Sustentabilidade;Federação PSOL REDE(PSOL/REDE);11
2022;1;RO;PARECIS;19;7;Deputado Estadual;18;REDE;Rede Sustentabilidade;Federação PSOL REDE(PSOL/REDE);15
2022;1;RO;SÃO FRANCISCO DO GUAPORÉ;5;7;Deputado Estadual;13;PT;Partido dos Trabalhadores;Federação Brasil da Esperança - FE BRASIL(PT/PC do B/PV);207
2022;1;RO;SÃO MIGUEL DO GUAPORÉ;35;7;Deputado Estadual;13;PT;Partido dos Trabalhadores;Federação Brasil da Esperança - FE BRASIL(PT/PC do B/PV);330
2022;1;RO;CAMPO NOVO DE RONDÔNIA;34;7;Deputado Estadual;65;PC do B;Partido Comunista do Brasil;Federação Brasil da Esperança - FE BRASIL(PT/PC do B/PV);0
2022;1;RO;CAMPO NOVO DE RONDÔNIA;34;7;Deputado Estadual;43;PV;Partido Verde;Federação Brasil da Esperança - FE BRASIL(PT/PC do B/PV);0
2022;1;RO;CACOAL;11;7;Deputado Estadual;43;PV;Partido Verde;Federação Brasil da Esperança - FE BRASIL(PT/PC do B/PV);4
2022;1;RO;CUJUBIM;26;7;Deputado Estadual;43;PV;Partido Verde;Federação Brasil da Esperança - FE BRASIL(PT/PC do B/PV);1
2022;1;RO;TEIXEIRÓPOLIS;13;7;Deputado Estadual;55;PSD;Partido Social Democrático;PSD;643
2022;1;RO;SÃO FRANCISCO DO GUAPORÉ;5;7;Deputado Estadual;55;PSD;Partido Social Democrático;PSD;519
2022;1;RO;BURITIS;34;7;Deputado Estadual;55;PSD;Partido Social Democrático;PSD;69
2022;1;RO;GOVERNADOR JORGE TEIXEIRA;27;7;Deputado Estadual;55;PSD;Partido Social Democrático;PSD;81
2022;1;RO;CACAULÂNDIA;26;7;Deputado Estadual;22;PL;Partido Liberal;PL;194
2022;1;RO;ALVORADA DO OESTE;18;7;Deputado Estadual;22;PL;Partido Liberal;PL;233
2022;1;RO;PORTO VELHO;21;7;Deputado Estadual;22;PL;Partido Liberal;PL;3803
2022;1;RO;RIO CRESPO;26;7;Deputado Estadual;51;PATRIOTA;Patriota;PATRIOTA;220
2022;1;RO;ARIQUEMES;7;7;Deputado Estadual;51;PATRIOTA;Patriota;PATRIOTA;6384
2022;1;RO;PORTO VELHO;2;7;Deputado Estadual;14;PTB;Partido Trabalhista Brasileiro;PTB;4634
2022;1;RO;SÃO FRANCISCO DO GUAPORÉ;5;6;Deputado Federal;14;PTB;Partido Trabalhista Brasileiro;PTB;40
2022;1;RO;CORUMBIARA;16;6;Deputado Federal;14;PTB;Partido Trabalhista Brasileiro;PTB;19
2022;1;RO;CACAULÂNDIA;26;6;Deputado Federal;36;AGIR;AGIR;AGIR;0
2022;1;RO;CABIXI;8;6;Deputado Federal;36;AGIR;AGIR;AGIR;0
2022;1;RO;CAMPO NOVO DE RONDÔNIA;34;6;Deputado Federal;36;AGIR;AGIR;AGIR;6
2022;1;RO;VALE DO PARAÍSO;28;6;Deputado Federal;36;AGIR;AGIR;AGIR;0
2022;1;RO;NOVA MAMORÉ;1;6;Deputado Federal;36;AGIR;AGIR;AGIR;12
2022;1;RO;ALVORADA DO OESTE;18;5;Senador;36;AGIR;AGIR;AGIR / PROS;5
2022;1;RO;CABIXI;8;7;Deputado Estadual;12;PDT;Partido Democrático Trabalhista;PDT;2
2022;1;RO;MINISTRO ANDREAZZA;11;6;Deputado Federal;11;PP;PROGRESSISTAS;PP;53
2022;1;RO;ROLIM DE MOURA;29;6;Deputado Federal;11;PP;PROGRESSISTAS;PP;2124
2022;1;RO;ALTA FLORESTA D OESTE;17;6;Deputado Federal;11;PP;PROGRESSISTAS;PP;374
2022;1;RO;ALTO PARAÍSO;25;6;Deputado Federal;22;PL;Partido Liberal;PL;1429
2022;1;RO;MINISTRO ANDREAZZA;11;6;Deputado Federal;22;PL;Partido Liberal;PL;469
2022;1;RO;VALE DO ANARI;32;7;Deputado Estadual;45;PSDB;Partido da Social Democracia Brasileira;Federação PSDB Cidadania(PSDB/CIDADANIA);22
2022;1;RO;PARECIS;19;7;Deputado Estadual;45;PSDB;Partido da Social Democracia Brasileira;Federação PSDB Cidadania(PSDB/CIDADANIA);22
2022;1;RO;PIMENTA BUENO;9;6;Deputado Federal;51;PATRIOTA;Patriota;PATRIOTA;14
2022;1;RO;CUJUBIM;26;5;Senador;10;REPUBLICANOS;REPUBLICANOS;REPUBLICANOS / Federação PSDB Cidadania(PSDB/CIDADANIA) / UNIÃO / PSC / AVANTE / PATRIOTA / MDB;1903
2022;1;RO;MONTE NEGRO;25;6;Deputado Federal;15;MDB;Movimento Democrático Brasileiro;MDB;2236
2022;1;RO;MACHADINHO D OESTE;32;6;Deputado Federal;15;MDB;Movimento Democrático Brasileiro;MDB;3588
2022;1;RO;VALE DO ANARI;32;6;Deputado Federal;15;MDB;Movimento Democrático Brasileiro;MDB;1812
2022;1;RO;CUJUBIM;26;7;Deputado Estadual;44;UNIÃO;UNIÃO BRASIL;UNIÃO;682
2022;1;RO;VALE DO PARAÍSO;28;7;Deputado Estadual;70;AVANTE;AVANTE;AVANTE;28
2022;1;RO;THEOBROMA;27;6;Deputado Federal;65;PC do B;Partido Comunista do Brasil;Federação Brasil da Esperança - FE BRASIL(PT/PC do B/PV);33
2022;1;RO;JARU;10;6;Deputado Federal;10;REPUBLICANOS;REPUBLICANOS;REPUBLICANOS;324
2022;1;RO;VALE DO PARAÍSO;28;7;Deputado Estadual;33;PMN;Partido da Mobilização Nacional;PMN;22
2022;1;RO;PARECIS;19;6;Deputado Federal;22;PL;Partido Liberal;PL;1014
2022;1;RO;PRIMAVERA DE RONDÔNIA;9;7;Deputado Estadual;45;PSDB;Partido da Social Democracia Brasileira;Federação PSDB Cidadania(PSDB/CIDADANIA);11
2022;1;RO;CABIXI;8;6;Deputado Federal;51;PATRIOTA;Patriota;PATRIOTA;1
2022;1;RO;PORTO VELHO;6;6;Deputado Federal;51;PATRIOTA;Patriota;PATRIOTA;564
2022;1;RO;COLORADO DO OESTE;8;6;Deputado Federal;51;PATRIOTA;Patriota;PATRIOTA;1
2022;1;RO;OURO PRETO DO OESTE;13;6;Deputado Federal;51;PATRIOTA;Patriota;PATRIOTA;12
2022;1;RO;ALTO PARAÍSO;25;5;Senador;10;REPUBLICANOS;REPUBLICANOS;REPUBLICANOS / Federação PSDB Cidadania(PSDB/CIDADANIA) / UNIÃO / PSC / AVANTE / PATRIOTA / MDB;2012
2022;1;RO;COSTA MARQUES;5;6;Deputado Federal;15;MDB;Movimento Democrático Brasileiro;MDB;772
2022;1;RO;CASTANHEIRAS;15;6;Deputado Federal;15;MDB;Movimento Democrático Brasileiro;MDB;524
2022;1;RO;PORTO VELHO;2;7;Deputado Estadual;44;UNIÃO;UNIÃO BRASIL;UNIÃO;12487
2022;1;RO;URUPÁ;18;7;Deputado Estadual;44;UNIÃO;UNIÃO BRASIL;UNIÃO;587
2022;1;RO;SÃO MIGUEL DO GUAPORÉ;35;7;Deputado Estadual;70;AVANTE;AVANTE;AVANTE;18
2022;1;RO;ALVORADA DO OESTE;18;7;Deputado Estadual;70;AVANTE;AVANTE;AVANTE;34
2022;1;RO;CHUPINGUAIA;8;7;Deputado Estadual;70;AVANTE;AVANTE;AVANTE;11
2022;1;RO;SANTA LUZIA D OESTE;19;7;Deputado Estadual;70;AVANTE;AVANTE;AVANTE;38
2022;1;RO;CEREJEIRAS;16;6;Deputado Federal;10;REPUBLICANOS;REPUBLICANOS;REPUBLICANOS;211
2022;1;RO;SERINGUEIRAS;35;6;Deputado Federal;10;REPUBLICANOS;REPUBLICANOS;REPUBLICANOS;140
2022;1;RO;MIRANTE DA SERRA;28;7;Deputado Estadual;33;PMN;Partido da Mobilização Nacional;PMN;28
2022;1;RO;PIMENTA BUENO;9;7;Deputado Estadual;33;PMN;Partido da Mobilização Nacional;PMN;848
2022;1;RO;ITAPUÃ DO OESTE;2;6;Deputado Federal;35;PMB;Partido da Mulher Brasileira;PMB;0
2022;1;RO;ALTO ALEGRE DOS PARECIS;19;6;Deputado Federal;35;PMB;Partido da Mulher Brasileira;PMB;0
2022;1;RO;CASTANHEIRAS;15;7;Deputado Estadual;22;PL;Partido Liberal;PL;76
2022;1;RO;CACAULÂNDIA;26;7;Deputado Estadual;51;PATRIOTA;Patriota;PATRIOTA;227
2022;1;RO;PRESIDENTE MÉDICI;3;7;Deputado Estadual;51;PATRIOTA;Patriota;PATRIOTA;244
2022;1;RO;PIMENTEIRAS DO OESTE;16;7;Deputado Estadual;51;PATRIOTA;Patriota;PATRIOTA;86
2022;1;RO;NOVA MAMORÉ;1;7;Deputado Estadual;51;PATRIOTA;Patriota;PATRIOTA;1594
2022;1;RO;SÃO MIGUEL DO GUAPORÉ;35;7;Deputado Estadual;51;PATRIOTA;Patriota;PATRIOTA;672
2022;1;RO;CUJUBIM;26;7;Deputado Estadual;51;PATRIOTA;Patriota;PATRIOTA;354
2022;1;RO;CEREJEIRAS;16;7;Deputado Estadual;14;PTB;Partido Trabalhista Brasileiro;PTB;54
2022;1;RO;ARIQUEMES;7;6;Deputado Federal;14;PTB;Partido Trabalhista Brasileiro;PTB;507
2022;1;RO;PRIMAVERA DE RONDÔNIA;9;6;Deputado Federal;14;PTB;Partido Trabalhista Brasileiro;PTB;15
2022;1;RO;JI-PARANÁ;3;6;Deputado Federal;36;AGIR;AGIR;AGIR;34
2022;1;RO;THEOBROMA;27;6;Deputado Federal;36;AGIR;AGIR;AGIR;13
2022;1;RO;SÃO MIGUEL DO GUAPORÉ;35;6;Deputado Federal;36;AGIR;AGIR;AGIR;2
2022;1;RO;NOVO HORIZONTE DO OESTE;15;5;Senador;36;AGIR;AGIR;AGIR / PROS;7
2022;1;RO;PIMENTEIRAS DO OESTE;16;5;Senador;36;AGIR;AGIR;AGIR / PROS;0
2022;1;RO;COLORADO DO OESTE;8;5;Senador;36;AGIR;AGIR;AGIR / PROS;23
2022;1;RO;BURITIS;34;5;Senador;36;AGIR;AGIR;AGIR / PROS;14
2022;1;RO;BURITIS;34;7;Deputado Estadual;12;PDT;Partido Democrático Trabalhista;PDT;29
2022;1;RO;NOVA MAMORÉ;1;6;Deputado Federal;11;PP;PROGRESSISTAS;PP;111
2022;1;RO;BURITIS;34;6;Deputado Federal;11;PP;PROGRESSISTAS;PP;398
2022;1;RO;TEIXEIRÓPOLIS;13;6;Deputado Federal;11;PP;PROGRESSISTAS;PP;148
2022;1;RO;SÃO MIGUEL DO GUAPORÉ;35;6;Deputado Federal;11;PP;PROGRESSISTAS;PP;97
2022;1;RO;CAMPO NOVO DE RONDÔNIA;34;6;Deputado Federal;22;PL;Partido Liberal;PL;635
2022;1;RO;JI-PARANÁ;30;6;Deputado Federal;22;PL;Partido Liberal;PL;16165
2022;1;RO;ESPIGÃO DO OESTE;12;7;Deputado Estadual;45;PSDB;Partido da Social Democracia Brasileira;Federação PSDB Cidadania(PSDB/CIDADANIA);34
2022;1;RO;JARU;10;7;Deputado Estadual;45;PSDB;Partido da Social Democracia Brasileira;Federação PSDB Cidadania(PSDB/CIDADANIA);197
2022;1;RO;ESPIGÃO DO OESTE;12;5;Senador;10;REPUBLICANOS;REPUBLICANOS;REPUBLICANOS / Federação PSDB Cidadania(PSDB/CIDADANIA) / UNIÃO / PSC / AVANTE / PATRIOTA / MDB;3380
2022;1;RO;ALTA FLORESTA D OESTE;17;5;Senador;10;REPUBLICANOS;REPUBLICANOS;REPUBLICANOS / Federação PSDB Cidadania(PSDB/CIDADANIA) / UNIÃO / PSC / AVANTE / PATRIOTA / MDB;3364
2022;1;RO;CHUPINGUAIA;8;5;Senador;10;REPUBLICANOS;REPUBLICANOS;REPUBLICANOS / Federação PSDB Cidadania(PSDB/CIDADANIA) / UNIÃO / PSC / AVANTE / PATRIOTA / MDB;811
2022;1;RO;JARU;10;6;Deputado Federal;15;MDB;Movimento Democrático Brasileiro;MDB;13335
2022;1;RO;ITAPUÃ DO OESTE;2;7;Deputado Estadual;44;UNIÃO;UNIÃO BRASIL;UNIÃO;636
2022;1;RO;PIMENTEIRAS DO OESTE;16;7;Deputado Estadual;44;UNIÃO;UNIÃO BRASIL;UNIÃO;360
2022;1;RO;PARECIS;19;3;Governador;19;PODE;Podemos;PODE / PMN / PSD;145
2022;1;RO;PARECIS;19;5;Senador;55;PSD;Partido Social Democrático;PODE / PSD / PMN;430
2022;1;RO;BURITIS;34;5;Senador;55;PSD;Partido Social Democrático;PODE / PSD / PMN;1187
2022;1;RO;ROLIM DE MOURA;29;5;Senador;55;PSD;Partido Social Democrático;PODE / PSD / PMN;4091
2022;1;RO;RIO CRESPO;26;5;Senador;22;PL;Partido Liberal;PL / DC / PTB;906
2022;1;RO;PORTO VELHO;20;6;Deputado Federal;20;PSC;Partido Social Cristão;PSC;1320
2022;1;RO;OURO PRETO DO OESTE;13;6;Deputado Federal;20;PSC;Partido Social Cristão;PSC;2219
2022;1;RO;MACHADINHO D OESTE;32;6;Deputado Federal;44;UNIÃO;UNIÃO BRASIL;UNIÃO;1834
2022;1;RO;PARECIS;19;6;Deputado Federal;44;UNIÃO;UNIÃO BRASIL;UNIÃO;568
2022;1;RO;ALTA FLORESTA D OESTE;17;6;Deputado Federal;44;UNIÃO;UNIÃO BRASIL;UNIÃO;3684
2022;1;RO;CABIXI;8;7;Deputado Estadual;50;PSOL;Partido Socialismo e Liberdade;Federação PSOL REDE(PSOL/REDE);0
2022;1;RO;ITAPUÃ DO OESTE;2;7;Deputado Estadual;50;PSOL;Partido Socialismo e Liberdade;Federação PSOL REDE(PSOL/REDE);2
2022;1;RO;OURO PRETO DO OESTE;13;7;Deputado Estadual;50;PSOL;Partido Socialismo e Liberdade;Federação PSOL REDE(PSOL/REDE);2
2022;1;RO;ALTO PARAÍSO;25;7;Deputado Estadual;50;PSOL;Partido Socialismo e Liberdade;Federação PSOL REDE(PSOL/REDE);0
2022;1;RO;URUPÁ;18;7;Deputado Estadual;15;MDB;Movimento Democrático Brasileiro;MDB;192
2022;1;RO;PORTO VELHO;21;5;Senador;11;PP;PROGRESSISTAS;PP;2522
2022;1;RO;VALE DO PARAÍSO;28;5;Senador;11;PP;PROGRESSISTAS;PP;283
2022;1;RO;SANTA LUZIA D OESTE;19;5;Senador;55;PSD;Partido Social Democrático;PODE / PSD / PMN;685
2022;1;RO;CEREJEIRAS;16;6;Deputado Federal;18;REDE;Rede Sustentabilidade;Federação PSOL REDE(PSOL/REDE);0
2022;1;RO;COSTA MARQUES;5;5;Senador;22;PL;Partido Liberal;PL / DC / PTB;1652
2022;1;RO;CACAULÂNDIA;26;5;Senador;22;PL;Partido Liberal;PL / DC / PTB;944
2022;1;RO;ARIQUEMES;7;5;Senador;22;PL;Partido Liberal;PL / DC / PTB;22624
2022;1;RO;URUPÁ;18;3;Governador;19;PODE;Podemos;PODE / PMN / PSD;556
2022;1;RO;NOVA UNIÃO;28;3;Governador;19;PODE;Podemos;PODE / PMN / PSD;125
2022;1;RO;CABIXI;8;3;Governador;19;PODE;Podemos;PODE / PMN / PSD;394
2022;1;RO;CORUMBIARA;16;5;Senador;22;PL;Partido Liberal;PL / DC / PTB;1280
2022;1;RO;ITAPUÃ DO OESTE;2;5;Senador;22;PL;Partido Liberal;PL / DC / PTB;1366
2022;1;RO;ALVORADA DO OESTE;18;5;Senador;22;PL;Partido Liberal;PL / DC / PTB;1754
2022;1;RO;PRESIDENTE MÉDICI;3;7;Deputado Estadual;50;PSOL;Partido Socialismo e Liberdade;Federação PSOL REDE(PSOL/REDE);1
2022;1;RO;SÃO MIGUEL DO GUAPORÉ;35;7;Deputado Estadual;15;MDB;Movimento Democrático Brasileiro;MDB;571
2022;1;RO;ALTO ALEGRE DOS PARECIS;19;7;Deputado Estadual;15;MDB;Movimento Democrático Brasileiro;MDB;706
2022;1;RO;CABIXI;8;6;Deputado Federal;12;PDT;Partido Democrático Trabalhista;PDT;1
2022;1;RO;TEIXEIRÓPOLIS;13;7;Deputado Estadual;20;PSC;Partido Social Cristão;PSC;135
2022;1;RO;CACOAL;11;7;Deputado Estadual;35;PMB;Partido da Mulher Brasileira;PMB;243
2022;1;RO;SERINGUEIRAS;35;7;Deputado Estadual;35;PMB;Partido da Mulher Brasileira;PMB;4
2022;1;RO;CABIXI;8;7;Deputado Estadual;22;PL;Partido Liberal;PL;137
2022;1;RO;THEOBROMA;27;7;Deputado Estadual;14;PTB;Partido Trabalhista Brasileiro;PTB;193
2022;1;RO;MINISTRO ANDREAZZA;11;7;Deputado Estadual;14;PTB;Partido Trabalhista Brasileiro;PTB;61
2022;1;RO;NOVO HORIZONTE DO OESTE;15;6;Deputado Federal;36;AGIR;AGIR;AGIR;3
2022;1;RO;PORTO VELHO;6;5;Senador;36;AGIR;AGIR;AGIR / PROS;549
2022;1;RO;GUAJARÁ-MIRIM;1;7;Deputado Estadual;12;PDT;Partido Democrático Trabalhista;PDT;368
2022;1;RO;MACHADINHO D OESTE;32;7;Deputado Estadual;12;PDT;Partido Democrático Trabalhista;PDT;33
2022;1;RO;SÃO FRANCISCO DO GUAPORÉ;5;6;Deputado Federal;11;PP;PROGRESSISTAS;PP;79
2022;1;RO;ALTO PARAÍSO;25;6;Deputado Federal;11;PP;PROGRESSISTAS;PP;64
2022;1;RO;NOVA MAMORÉ;1;6;Deputado Federal;14;PTB;Partido Trabalhista Brasileiro;PTB;127
2022;1;RO;NOVA UNIÃO;28;6;Deputado Federal;22;PL;Partido Liberal;PL;782
2022;1;RO;PRIMAVERA DE RONDÔNIA;9;6;Deputado Federal;22;PL;Partido Liberal;PL;472
2022;1;RO;PIMENTA BUENO;9;6;Deputado Federal;22;PL;Partido Liberal;PL;2834
2022;1;RO;MONTE NEGRO;25;6;Deputado Federal;22;PL;Partido Liberal;PL;569
2022;1;RO;ALTA FLORESTA D OESTE;17;6;Deputado Federal;22;PL;Partido Liberal;PL;2944
2022;1;RO;PORTO VELHO;21;5;Senador;55;PSD;Partido Social Democrático;PODE / PSD / PMN;4230
2022;1;RO;CHUPINGUAIA;8;5;Senador;55;PSD;Partido Social Democrático;PODE / PSD / PMN;344
2022;1;RO;ITAPUÃ DO OESTE;2;5;Senador;55;PSD;Partido Social Democrático;PODE / PSD / PMN;594
2022;1;RO;PORTO VELHO;6;7;Deputado Estadual;19;PODE;Podemos;PODE;3363
2022;1;RO;PRIMAVERA DE RONDÔNIA;9;7;Deputado Estadual;19;PODE;Podemos;PODE;107
2022;1;RO;NOVA MAMORÉ;1;7;Deputado Estadual;13;PT;Partido dos Trabalhadores;Federação Brasil da Esperança - FE BRASIL(PT/PC do B/PV);160
2022;1;RO;PORTO VELHO;2;7;Deputado Estadual;13;PT;Partido dos Trabalhadores;Federação Brasil da Esperança - FE BRASIL(PT/PC do B/PV);3560
2022;1;RO;NOVA BRASILÂNDIA D OESTE;15;7;Deputado Estadual;13;PT;Partido dos Trabalhadores;Federação Brasil da Esperança - FE BRASIL(PT/PC do B/PV);172
2022;1;RO;CASTANHEIRAS;15;7;Deputado Estadual;43;PV;Partido Verde;Federação Brasil da Esperança - FE BRASIL(PT/PC do B/PV);0
2022;1;RO;NOVA UNIÃO;28;7;Deputado Estadual;36;AGIR;AGIR;AGIR;0
2022;1;RO;THEOBROMA;27;7;Deputado Estadual;36;AGIR;AGIR;AGIR;4
2022;1;RO;VALE DO ANARI;32;6;Deputado Federal;40;PSB;Partido Socialista Brasileiro;PSB;100
2022;1;RO;SÃO FELIPE D OESTE;19;6;Deputado Federal;40;PSB;Partido Socialista Brasileiro;PSB;62
2022;1;RO;PRIMAVERA DE RONDÔNIA;9;6;Deputado Federal;40;PSB;Partido Socialista Brasileiro;PSB;28
2022;1;RO;PORTO VELHO;2;6;Deputado Federal;40;PSB;Partido Socialista Brasileiro;PSB;7330
2022;1;RO;ARIQUEMES;7;6;Deputado Federal;77;SOLIDARIEDADE;Solidariedade;SOLIDARIEDADE;13
2022;1;RO;NOVA MAMORÉ;1;6;Deputado Federal;77;SOLIDARIEDADE;Solidariedade;SOLIDARIEDADE;7
2022;1;RO;SERINGUEIRAS;35;6;Deputado Federal;18;REDE;Rede Sustentabilidade;Federação PSOL REDE(PSOL/REDE);0
2022;1;RO;SÃO MIGUEL DO GUAPORÉ;35;6;Deputado Federal;18;REDE;Rede Sustentabilidade;Federação PSOL REDE(PSOL/REDE);0
2022;1;RO;ARIQUEMES;7;7;Deputado Estadual;18;REDE;Rede Sustentabilidade;Federação PSOL REDE(PSOL/REDE);16
2022;1;RO;MIRANTE DA SERRA;28;7;Deputado Estadual;18;REDE;Rede Sustentabilidade;Federação PSOL REDE(PSOL/REDE);0
2022;1;RO;SERINGUEIRAS;35;7;Deputado Estadual;18;REDE;Rede Sustentabilidade;Federação PSOL REDE(PSOL/REDE);0
2022;1;RO;GOVERNADOR JORGE TEIXEIRA;27;7;Deputado Estadual;40;PSB;Partido Socialista Brasileiro;PSB;930
2022;1;RO;VALE DO PARAÍSO;28;5;Senador;12;PDT;Partido Democrático Trabalhista;Federação Brasil da Esperança - FE BRASIL(PT/PC do B/PV) / PDT / PSB / SOLIDARIEDADE;0
2022;1;RO;BURITIS;34;3;Governador;77;SOLIDARIEDADE;Solidariedade;Federação Brasil da Esperança - FE BRASIL(PT/PC do B/PV) / PSB / SOLIDARIEDADE / PDT;1110
2022;1;RO;CORUMBIARA;16;6;Deputado Federal;13;PT;Partido dos Trabalhadores;Federação Brasil da Esperança - FE BRASIL(PT/PC do B/PV);392
2022;1;RO;VALE DO ANARI;32;6;Deputado Federal;36;AGIR;AGIR;AGIR;6
2022;1;RO;JARU;10;6;Deputado Federal;36;AGIR;AGIR;AGIR;15
2022;1;RO;CHUPINGUAIA;8;5;Senador;36;AGIR;AGIR;AGIR / PROS;0
2022;1;RO;ARIQUEMES;7;5;Senador;36;AGIR;AGIR;AGIR / PROS;124
2022;1;RO;PORTO VELHO;2;5;Senador;36;AGIR;AGIR;AGIR / PROS;913
2022;1;RO;CORUMBIARA;16;5;Senador;36;AGIR;AGIR;AGIR / PROS;5
2022;1;RO;PRIMAVERA DE RONDÔNIA;9;7;Deputado Estadual;12;PDT;Partido Democrático Trabalhista;PDT;3
2022;1;RO;GUAJARÁ-MIRIM;1;6;Deputado Federal;11;PP;PROGRESSISTAS;PP;43
2022;1;RO;VILHENA;4;6;Deputado Federal;14;PTB;Partido Trabalhista Brasileiro;PTB;318
2022;1;RO;CHUPINGUAIA;8;6;Deputado Federal;14;PTB;Partido Trabalhista Brasileiro;PTB;43
2022;1;RO;MIRANTE DA SERRA;28;6;Deputado Federal;22;PL;Partido Liberal;PL;1708
2022;1;RO;NOVA BRASILÂNDIA D OESTE;15;6;Deputado Federal;22;PL;Partido Liberal;PL;2657
2022;1;RO;JI-PARANÁ;3;7;Deputado Estadual;45;PSDB;Partido da Social Democracia Brasileira;Federação PSDB Cidadania(PSDB/CIDADANIA);345
2022;1;RO;MONTE NEGRO;25;6;Deputado Federal;51;PATRIOTA;Patriota;PATRIOTA;16
2022;1;RO;NOVO HORIZONTE DO OESTE;15;5;Senador;10;REPUBLICANOS;REPUBLICANOS;REPUBLICANOS / Federação PSDB Cidadania(PSDB/CIDADANIA) / UNIÃO / PSC / AVANTE / PATRIOTA / MDB;1907
2022;1;RO;NOVA MAMORÉ;1;5;Senador;10;REPUBLICANOS;REPUBLICANOS;REPUBLICANOS / Federação PSDB Cidadania(PSDB/CIDADANIA) / UNIÃO / PSC / AVANTE / PATRIOTA / MDB;5827
2022;1;RO;URUPÁ;18;6;Deputado Federal;15;MDB;Movimento Democrático Brasileiro;MDB;465
2022;1;RO;NOVO HORIZONTE DO OESTE;15;6;Deputado Federal;15;MDB;Movimento Democrático Brasileiro;MDB;1102
2022;1;RO;PARECIS;19;6;Deputado Federal;65;PC do B;Partido Comunista do Brasil;Federação Brasil da Esperança - FE BRASIL(PT/PC do B/PV);1
2022;1;RO;PORTO VELHO;2;6;Deputado Federal;65;PC do B;Partido Comunista do Brasil;Federação Brasil da Esperança - FE BRASIL(PT/PC do B/PV);573
2022;1;RO;MONTE NEGRO;25;6;Deputado Federal;65;PC do B;Partido Comunista do Brasil;Federação Brasil da Esperança - FE BRASIL(PT/PC do B/PV);4
2022;1;RO;MINISTRO ANDREAZZA;11;6;Deputado Federal;10;REPUBLICANOS;REPUBLICANOS;REPUBLICANOS;82
2022;1;RO;NOVA MAMORÉ;1;7;Deputado Estadual;33;PMN;Partido da Mobilização Nacional;PMN;82
2022;1;RO;JARU;10;7;Deputado Estadual;33;PMN;Partido da Mobilização Nacional;PMN;125
2022;1;RO;SÃO FELIPE D OESTE;19;6;Deputado Federal;35;PMB;Partido da Mulher Brasileira;PMB;0
2022;1;RO;COSTA MARQUES;5;6;Deputado Federal;35;PMB;Partido da Mulher Brasileira;PMB;0
2022;1;RO;PORTO VELHO;21;6;Deputado Federal;43;PV;Partido Verde;Federação Brasil da Esperança - FE BRASIL(PT/PC do B/PV);87
2022;2;RO;MACHADINHO D OESTE;32;3;Governador;44;UNIÃO;UNIÃO BRASIL;UNIÃO / REPUBLICANOS / AVANTE / MDB / PATRIOTA / PSC / Federação PSDB Cidadania(PSDB/CIDADANIA);6458
2022;1;RO;CABIXI;8;7;Deputado Estadual;40;PSB;Partido Socialista Brasileiro;PSB;1103
2022;1;RO;SERINGUEIRAS;35;3;Governador;44;UNIÃO;UNIÃO BRASIL;UNIÃO / REPUBLICANOS / AVANTE / MDB / PATRIOTA / PSC / Federação PSDB Cidadania(PSDB/CIDADANIA);2763
2022;1;RO;JI-PARANÁ;30;3;Governador;44;UNIÃO;UNIÃO BRASIL;UNIÃO / REPUBLICANOS / AVANTE / MDB / PATRIOTA / PSC / Federação PSDB Cidadania(PSDB/CIDADANIA);16289
2022;1;RO;COSTA MARQUES;5;5;Senador;12;PDT;Partido Democrático Trabalhista;Federação Brasil da Esperança - FE BRASIL(PT/PC do B/PV) / PDT / PSB / SOLIDARIEDADE;0
2022;1;RO;CUJUBIM;26;7;Deputado Estadual;11;PP;PROGRESSISTAS;PP;164
2022;1;RO;CHUPINGUAIA;8;7;Deputado Estadual;11;PP;PROGRESSISTAS;PP;207
2022;1;RO;JI-PARANÁ;3;7;Deputado Estadual;50;PSOL;Partido Socialismo e Liberdade;Federação PSOL REDE(PSOL/REDE);0
2022;1;RO;PORTO VELHO;21;7;Deputado Estadual;15;MDB;Movimento Democrático Brasileiro;MDB;1466
2022;1;RO;VILHENA;4;7;Deputado Estadual;15;MDB;Movimento Democrático Brasileiro;MDB;783
2022;1;RO;ITAPUÃ DO OESTE;2;7;Deputado Estadual;15;MDB;Movimento Democrático Brasileiro;MDB;114
2022;1;RO;MONTE NEGRO;25;7;Deputado Estadual;15;MDB;Movimento Democrático Brasileiro;MDB;343
2022;1;RO;ALTO ALEGRE DOS PARECIS;19;6;Deputado Federal;12;PDT;Partido Democrático Trabalhista;PDT;24
2022;1;RO;ALVORADA DO OESTE;18;6;Deputado Federal;12;PDT;Partido Democrático Trabalhista;PDT;38
2022;1;RO;CACAULÂNDIA;26;6;Deputado Federal;12;PDT;Partido Democrático Trabalhista;PDT;8
2022;1;RO;SÃO FELIPE D OESTE;19;6;Deputado Federal;12;PDT;Partido Democrático Trabalhista;PDT;13
2022;1;RO;BURITIS;34;7;Deputado Estadual;20;PSC;Partido Social Cristão;PSC;121
2022;1;RO;PIMENTEIRAS DO OESTE;16;3;Governador;22;PL;Partido Liberal;PL / DC / PMB / PTB;474
2022;1;RO;ARIQUEMES;7;7;Deputado Estadual;35;PMB;Partido da Mulher Brasileira;PMB;594
2022;1;RO;ROLIM DE MOURA;29;7;Deputado Estadual;22;PL;Partido Liberal;PL;1531
2022;1;RO;SÃO FRANCISCO DO GUAPORÉ;5;7;Deputado Estadual;22;PL;Partido Liberal;PL;1251
2022;1;RO;ITAPUÃ DO OESTE;2;7;Deputado Estadual;14;PTB;Partido Trabalhista Brasileiro;PTB;291
2022;1;RO;PIMENTA BUENO;9;7;Deputado Estadual;51;PATRIOTA;Patriota;PATRIOTA;1384
2022;1;RO;CASTANHEIRAS;15;6;Deputado Federal;36;AGIR;AGIR;AGIR;0
2022;1;RO;SÃO FELIPE D OESTE;19;6;Deputado Federal;36;AGIR;AGIR;AGIR;10
2022;1;RO;COSTA MARQUES;5;6;Deputado Federal;36;AGIR;AGIR;AGIR;3
2022;1;RO;NOVA MAMORÉ;1;5;Senador;36;AGIR;AGIR;AGIR / PROS;20
2022;1;RO;PORTO VELHO;20;5;Senador;36;AGIR;AGIR;AGIR / PROS;613
2022;1;RO;NOVA BRASILÂNDIA D OESTE;15;5;Senador;36;AGIR;AGIR;AGIR / PROS;7
2022;1;RO;SÃO FELIPE D OESTE;19;7;Deputado Estadual;12;PDT;Partido Democrático Trabalhista;PDT;10
2022;1;RO;SERINGUEIRAS;35;7;Deputado Estadual;12;PDT;Partido Democrático Trabalhista;PDT;29
2022;1;RO;PORTO VELHO;2;6;Deputado Federal;11;PP;PROGRESSISTAS;PP;942
2022;1;RO;MIRANTE DA SERRA;28;6;Deputado Federal;14;PTB;Partido Trabalhista Brasileiro;PTB;260
2022;1;RO;VALE DO PARAÍSO;28;6;Deputado Federal;22;PL;Partido Liberal;PL;583
2022;1;RO;GOVERNADOR JORGE TEIXEIRA;27;6;Deputado Federal;70;AVANTE;AVANTE;AVANTE;47
2022;1;RO;PORTO VELHO;20;6;Deputado Federal;70;AVANTE;AVANTE;AVANTE;3313
2022;1;RO;NOVA MAMORÉ;1;6;Deputado Federal;70;AVANTE;AVANTE;AVANTE;3881
2022;1;RO;NOVA BRASILÂNDIA D OESTE;15;7;Deputado Estadual;10;REPUBLICANOS;REPUBLICANOS;REPUBLICANOS;281
2022;1;RO;CAMPO NOVO DE RONDÔNIA;34;7;Deputado Estadual;10;REPUBLICANOS;REPUBLICANOS;REPUBLICANOS;613
2022;1;RO;PIMENTA BUENO;9;3;Governador;50;PSOL;Partido Socialismo e Liberdade;Federação PSOL REDE(PSOL/REDE);62
2022;1;RO;OURO PRETO DO OESTE;13;3;Governador;50;PSOL;Partido Socialismo e Liberdade;Federação PSOL REDE(PSOL/REDE);46
2022;1;RO;COLORADO DO OESTE;8;3;Governador;50;PSOL;Partido Socialismo e Liberdade;Federação PSOL REDE(PSOL/REDE);19
2022;1;RO;PIMENTEIRAS DO OESTE;16;6;Deputado Federal;19;PODE;Podemos;PODE;20
2022;1;RO;MINISTRO ANDREAZZA;11;6;Deputado Federal;19;PODE;Podemos;PODE;82
2022;1;RO;CASTANHEIRAS;15;6;Deputado Federal;19;PODE;Podemos;PODE;32
2022;1;RO;CORUMBIARA;16;6;Deputado Federal;19;PODE;Podemos;PODE;131
2022;1;RO;GOVERNADOR JORGE TEIXEIRA;27;6;Deputado Federal;19;PODE;Podemos;PODE;55
2022;1;RO;ARIQUEMES;7;6;Deputado Federal;50;PSOL;Partido Socialismo e Liberdade;Federação PSOL REDE(PSOL/REDE);4
2022;1;RO;PORTO VELHO;20;6;Deputado Federal;50;PSOL;Partido Socialismo e Liberdade;Federação PSOL REDE(PSOL/REDE);108
2022;1;RO;ITAPUÃ DO OESTE;2;7;Deputado Estadual;77;SOLIDARIEDADE;Solidariedade;SOLIDARIEDADE;29
2022;1;RO;CHUPINGUAIA;8;7;Deputado Estadual;77;SOLIDARIEDADE;Solidariedade;SOLIDARIEDADE;5
2022;1;RO;ALVORADA DO OESTE;18;7;Deputado Estadual;77;SOLIDARIEDADE;Solidariedade;SOLIDARIEDADE;13
2022;1;RO;ESPIGÃO DO OESTE;12;7;Deputado Estadual;19;PODE;Podemos;PODE;80
2022;1;RO;NOVA BRASILÂNDIA D OESTE;15;3;Governador;19;PODE;Podemos;PODE / PMN / PSD;1089
2022;1;RO;PORTO VELHO;2;5;Senador;55;PSD;Partido Social Democrático;PODE / PSD / PMN;7731
2022;1;RO;SÃO FRANCISCO DO GUAPORÉ;5;5;Senador;22;PL;Partido Liberal;PL / DC / PTB;2910
2022;1;RO;CACOAL;11;5;Senador;22;PL;Partido Liberal;PL / DC / PTB;15044
2022;1;RO;CASTANHEIRAS;15;6;Deputado Federal;20;PSC;Partido Social Cristão;PSC;140
2022;1;RO;CABIXI;8;6;Deputado Federal;20;PSC;Partido Social Cristão;PSC;476
2022;1;RO;CUJUBIM;26;6;Deputado Federal;44;UNIÃO;UNIÃO BRASIL;UNIÃO;976
2022;1;RO;ITAPUÃ DO OESTE;2;6;Deputado Federal;44;UNIÃO;UNIÃO BRASIL;UNIÃO;726
2022;1;RO;PIMENTA BUENO;9;6;Deputado Federal;44;UNIÃO;UNIÃO BRASIL;UNIÃO;2449
2022;1;RO;CAMPO NOVO DE RONDÔNIA;34;7;Deputado Estadual;50;PSOL;Partido Socialismo e Liberdade;Federação PSOL REDE(PSOL/REDE);0
2022;1;RO;CANDEIAS DO JAMARI;21;7;Deputado Estadual;50;PSOL;Partido Socialismo e Liberdade;Federação PSOL REDE(PSOL/REDE);7
2022;1;RO;CANDEIAS DO JAMARI;21;7;Deputado Estadual;15;MDB;Movimento Democrático Brasileiro;MDB;1087
2022;1;RO;CUJUBIM;26;7;Deputado Estadual;15;MDB;Movimento Democrático Brasileiro;MDB;201
2022;1;RO;CASTANHEIRAS;15;7;Deputado Estadual;20;PSC;Partido Social Cristão;PSC;324
2022;1;RO;CEREJEIRAS;16;7;Deputado Estadual;11;PP;PROGRESSISTAS;PP;332
2022;1;RO;MINISTRO ANDREAZZA;11;7;Deputado Estadual;11;PP;PROGRESSISTAS;PP;42
2022;1;RO;MACHADINHO D OESTE;32;7;Deputado Estadual;50;PSOL;Partido Socialismo e Liberdade;Federação PSOL REDE(PSOL/REDE);1
2022;1;RO;SANTA LUZIA D OESTE;19;7;Deputado Estadual;50;PSOL;Partido Socialismo e Liberdade;Federação PSOL REDE(PSOL/REDE);0
2022;1;RO;CORUMBIARA;16;7;Deputado Estadual;50;PSOL;Partido Socialismo e Liberdade;Federação PSOL REDE(PSOL/REDE);0
2022;1;RO;VALE DO PARAÍSO;28;7;Deputado Estadual;15;MDB;Movimento Democrático Brasileiro;MDB;190
2022;1;RO;JI-PARANÁ;3;6;Deputado Federal;12;PDT;Partido Democrático Trabalhista;PDT;292
2022;1;RO;PORTO VELHO;21;7;Deputado Estadual;20;PSC;Partido Social Cristão;PSC;1000
2022;1;RO;ROLIM DE MOURA;29;3;Governador;22;PL;Partido Liberal;PL / DC / PMB / PTB;7744
2022;1;RO;GOVERNADOR JORGE TEIXEIRA;27;3;Governador;22;PL;Partido Liberal;PL / DC / PMB / PTB;1647
2022;1;RO;PORTO VELHO;21;7;Deputado Estadual;35;PMB;Partido da Mulher Brasileira;PMB;585
2022;1;RO;TEIXEIRÓPOLIS;13;7;Deputado Estadual;35;PMB;Partido da Mulher Brasileira;PMB;1
2022;1;RO;PARECIS;19;7;Deputado Estadual;35;PMB;Partido da Mulher Brasileira;PMB;2
2022;1;RO;ALTO PARAÍSO;25;7;Deputado Estadual;22;PL;Partido Liberal;PL;744
2022;1;RO;CORUMBIARA;16;7;Deputado Estadual;14;PTB;Partido Trabalhista Brasileiro;PTB;45
2022;1;RO;RIO CRESPO;26;7;Deputado Estadual;14;PTB;Partido Trabalhista Brasileiro;PTB;474
2022;1;RO;URUPÁ;18;7;Deputado Estadual;14;PTB;Partido Trabalhista Brasileiro;PTB;131
2022;1;RO;ESPIGÃO DO OESTE;12;6;Deputado Federal;36;AGIR;AGIR;AGIR;25
2022;1;RO;GUAJARÁ-MIRIM;1;5;Senador;36;AGIR;AGIR;AGIR / PROS;57
2022;1;RO;SÃO FELIPE D OESTE;19;5;Senador;36;AGIR;AGIR;AGIR / PROS;4
2022;1;RO;COSTA MARQUES;5;5;Senador;36;AGIR;AGIR;AGIR / PROS;4
2022;1;RO;PIMENTEIRAS DO OESTE;16;7;Deputado Estadual;12;PDT;Partido Democrático Trabalhista;PDT;2
2022;1;RO;PRIMAVERA DE RONDÔNIA;9;6;Deputado Federal;11;PP;PROGRESSISTAS;PP;46
2022;1;RO;OURO PRETO DO OESTE;13;6;Deputado Federal;22;PL;Partido Liberal;PL;2394
2022;1;RO;PORTO VELHO;6;6;Deputado Federal;22;PL;Partido Liberal;PL;9366
2022;1;RO;ARIQUEMES;7;5;Senador;11;PP;PROGRESSISTAS;PP;3082
2022;1;RO;ALTO PARAÍSO;25;5;Senador;11;PP;PROGRESSISTAS;PP;1004
2022;1;RO;ROLIM DE MOURA;29;7;Deputado Estadual;10;REPUBLICANOS;REPUBLICANOS;REPUBLICANOS;1058
2022;1;RO;URUPÁ;18;3;Governador;50;PSOL;Partido Socialismo e Liberdade;Federação PSOL REDE(PSOL/REDE);8
2022;1;RO;PARECIS;19;6;Deputado Federal;19;PODE;Podemos;PODE;121
2022;1;RO;CACOAL;11;6;Deputado Federal;19;PODE;Podemos;PODE;853
2022;1;RO;MIRANTE DA SERRA;28;6;Deputado Federal;50;PSOL;Partido Socialismo e Liberdade;Federação PSOL REDE(PSOL/REDE);4
2022;1;RO;SÃO MIGUEL DO GUAPORÉ;35;6;Deputado Federal;50;PSOL;Partido Socialismo e Liberdade;Federação PSOL REDE(PSOL/REDE);1
2022;1;RO;PORTO VELHO;21;6;Deputado Federal;50;PSOL;Partido Socialismo e Liberdade;Federação PSOL REDE(PSOL/REDE);146
2022;1;RO;PRIMAVERA DE RONDÔNIA;9;7;Deputado Estadual;77;SOLIDARIEDADE;Solidariedade;SOLIDARIEDADE;1
2022;1;RO;JI-PARANÁ;3;7;Deputado Estadual;19;PODE;Podemos;PODE;210
2022;1;RO;ITAPUÃ DO OESTE;2;7;Deputado Estadual;19;PODE;Podemos;PODE;131
2022;1;RO;GUAJARÁ-MIRIM;1;7;Deputado Estadual;19;PODE;Podemos;PODE;4154
2022;1;RO;MONTE NEGRO;25;7;Deputado Estadual;13;PT;Partido dos Trabalhadores;Federação Brasil da Esperança - FE BRASIL(PT/PC do B/PV);135
2022;1;RO;GOVERNADOR JORGE TEIXEIRA;27;7;Deputado Estadual;36;AGIR;AGIR;AGIR;2
2022;1;RO;PIMENTEIRAS DO OESTE;16;5;Senador;55;PSD;Partido Social Democrático;PODE / PSD / PMN;109
2022;1;RO;NOVA UNIÃO;28;7;Deputado Estadual;23;CIDADANIA;Cidadania;Federação PSDB Cidadania(PSDB/CIDADANIA);0
2022;1;RO;CACOAL;11;7;Deputado Estadual;23;CIDADANIA;Cidadania;Federação PSDB Cidadania(PSDB/CIDADANIA);0
2022;1;RO;ALTA FLORESTA D OESTE;17;6;Deputado Federal;18;REDE;Rede Sustentabilidade;Federação PSOL REDE(PSOL/REDE);0
2022;1;RO;PORTO VELHO;20;5;Senador;22;PL;Partido Liberal;PL / DC / PTB;17193
2022;1;RO;ARIQUEMES;7;6;Deputado Federal;44;UNIÃO;UNIÃO BRASIL;UNIÃO;2980
2022;1;RO;MONTE NEGRO;25;6;Deputado Federal;44;UNIÃO;UNIÃO BRASIL;UNIÃO;626
2022;1;RO;CACOAL;11;7;Deputado Estadual;50;PSOL;Partido Socialismo e Liberdade;Federação PSOL REDE(PSOL/REDE);2
2022;1;RO;NOVA BRASILÂNDIA D OESTE;15;7;Deputado Estadual;50;PSOL;Partido Socialismo e Liberdade;Federação PSOL REDE(PSOL/REDE);1
2022;1;RO;PARECIS;19;6;Deputado Federal;12;PDT;Partido Democrático Trabalhista;PDT;25
2022;1;RO;NOVA MAMORÉ;1;6;Deputado Federal;12;PDT;Partido Democrático Trabalhista;PDT;221
2022;1;RO;MONTE NEGRO;25;7;Deputado Estadual;20;PSC;Partido Social Cristão;PSC;82
2022;1;RO;MINISTRO ANDREAZZA;11;7;Deputado Estadual;35;PMB;Partido da Mulher Brasileira;PMB;14
2022;1;RO;PIMENTA BUENO;9;7;Deputado Estadual;35;PMB;Partido da Mulher Brasileira;PMB;80
2022;1;RO;PRIMAVERA DE RONDÔNIA;9;7;Deputado Estadual;35;PMB;Partido da Mulher Brasileira;PMB;2
2022;1;RO;PORTO VELHO;2;3;Governador;22;PL;Partido Liberal;PL / DC / PMB / PTB;19515
2022;1;RO;ITAPUÃ DO OESTE;2;3;Governador;22;PL;Partido Liberal;PL / DC / PMB / PTB;2083
2022;1;RO;URUPÁ;18;3;Governador;22;PL;Partido Liberal;PL / DC / PMB / PTB;2765
2022;1;RO;PORTO VELHO;2;7;Deputado Estadual;51;PATRIOTA;Patriota;PATRIOTA;12984
2022;1;RO;SANTA LUZIA D OESTE;19;7;Deputado Estadual;51;PATRIOTA;Patriota;PATRIOTA;304
2022;1;RO;JI-PARANÁ;30;7;Deputado Estadual;51;PATRIOTA;Patriota;PATRIOTA;2272
2022;1;RO;SERINGUEIRAS;35;7;Deputado Estadual;22;PL;Partido Liberal;PL;607
2022;1;RO;CABIXI;8;7;Deputado Estadual;14;PTB;Partido Trabalhista Brasileiro;PTB;26
2022;1;RO;CASTANHEIRAS;15;7;Deputado Estadual;14;PTB;Partido Trabalhista Brasileiro;PTB;196
2022;1;RO;ITAPUÃ DO OESTE;2;6;Deputado Federal;14;PTB;Partido Trabalhista Brasileiro;PTB;30
2022;1;RO;PORTO VELHO;6;6;Deputado Federal;14;PTB;Partido Trabalhista Brasileiro;PTB;847
2022;1;RO;BURITIS;34;6;Deputado Federal;14;PTB;Partido Trabalhista Brasileiro;PTB;169
2022;1;RO;URUPÁ;18;6;Deputado Federal;14;PTB;Partido Trabalhista Brasileiro;PTB;191
2022;1;RO;CUJUBIM;26;6;Deputado Federal;14;PTB;Partido Trabalhista Brasileiro;PTB;65
2022;1;RO;MACHADINHO D OESTE;32;6;Deputado Federal;14;PTB;Partido Trabalhista Brasileiro;PTB;866
2022;1;RO;RIO CRESPO;26;5;Senador;36;AGIR;AGIR;AGIR / PROS;2
2022;1;RO;CABIXI;8;5;Senador;36;AGIR;AGIR;AGIR / PROS;6
2022;1;RO;PRIMAVERA DE RONDÔNIA;9;5;Senador;36;AGIR;AGIR;AGIR / PROS;3
2022;1;RO;SÃO FRANCISCO DO GUAPORÉ;5;5;Senador;36;AGIR;AGIR;AGIR / PROS;4
2022;1;RO;CANDEIAS DO JAMARI;21;5;Senador;36;AGIR;AGIR;AGIR / PROS;57
2022;1;RO;ALTO PARAÍSO;25;5;Senador;36;AGIR;AGIR;AGIR / PROS;7
2022;1;RO;NOVO HORIZONTE DO OESTE;15;7;Deputado Estadual;12;PDT;Partido Democrático Trabalhista;PDT;6
2022;1;RO;URUPÁ;18;5;Senador;35;PMB;Partido da Mulher Brasileira;PMB;2
2022;1;RO;ALVORADA DO OESTE;18;5;Senador;35;PMB;Partido da Mulher Brasileira;PMB;5
2022;1;RO;PORTO VELHO;2;5;Senador;35;PMB;Partido da Mulher Brasileira;PMB;1346
2022;1;RO;ALTO PARAÍSO;25;5;Senador;35;PMB;Partido da Mulher Brasileira;PMB;14
2022;1;RO;OURO PRETO DO OESTE;13;6;Deputado Federal;55;PSD;Partido Social Democrático;PSD;889
2022;1;RO;SANTA LUZIA D OESTE;19;6;Deputado Federal;55;PSD;Partido Social Democrático;PSD;154
2022;1;RO;NOVA BRASILÂNDIA D OESTE;15;3;Governador;50;PSOL;Partido Socialismo e Liberdade;Federação PSOL REDE(PSOL/REDE);9
2022;1;RO;ARIQUEMES;7;3;Governador;50;PSOL;Partido Socialismo e Liberdade;Federação PSOL REDE(PSOL/REDE);116
2022;1;RO;MIRANTE DA SERRA;28;3;Governador;50;PSOL;Partido Socialismo e Liberdade;Federação PSOL REDE(PSOL/REDE);2
2022;1;RO;GUAJARÁ-MIRIM;1;3;Governador;50;PSOL;Partido Socialismo e Liberdade;Federação PSOL REDE(PSOL/REDE);86
2022;1;RO;GOVERNADOR JORGE TEIXEIRA;27;3;Governador;50;PSOL;Partido Socialismo e Liberdade;Federação PSOL REDE(PSOL/REDE);5
2022;1;RO;SÃO MIGUEL DO GUAPORÉ;35;6;Deputado Federal;19;PODE;Podemos;PODE;2942
2022;1;RO;TEIXEIRÓPOLIS;13;6;Deputado Federal;19;PODE;Podemos;PODE;49
2022;1;RO;ALTO PARAÍSO;25;6;Deputado Federal;50;PSOL;Partido Socialismo e Liberdade;Federação PSOL REDE(PSOL/REDE);15
2022;1;RO;TEIXEIRÓPOLIS;13;6;Deputado Federal;50;PSOL;Partido Socialismo e Liberdade;Federação PSOL REDE(PSOL/REDE);0
2022;1;RO;CORUMBIARA;16;7;Deputado Estadual;77;SOLIDARIEDADE;Solidariedade;SOLIDARIEDADE;9
2022;1;RO;CHUPINGUAIA;8;6;Deputado Federal;90;PROS;Partido Republicano da Ordem Social;PROS;0
2022;1;RO;COLORADO DO OESTE;8;6;Deputado Federal;90;PROS;Partido Republicano da Ordem Social;PROS;1
2022;1;RO;CABIXI;8;6;Deputado Federal;90;PROS;Partido Republicano da Ordem Social;PROS;0
2022;1;RO;VILHENA;4;5;Senador;35;PMB;Partido da Mulher Brasileira;PMB;77
2022;1;RO;PORTO VELHO;6;5;Senador;35;PMB;Partido da Mulher Brasileira;PMB;1094
2022;1;RO;PARECIS;19;5;Senador;35;PMB;Partido da Mulher Brasileira;PMB;1
2022;1;RO;ALTO PARAÍSO;25;6;Deputado Federal;55;PSD;Partido Social Democrático;PSD;50
2022;1;RO;CUJUBIM;26;6;Deputado Federal;55;PSD;Partido Social Democrático;PSD;34
2022;1;RO;BURITIS;34;6;Deputado Federal;70;AVANTE;AVANTE;AVANTE;161
2022;1;RO;SÃO FRANCISCO DO GUAPORÉ;5;3;Governador;50;PSOL;Partido Socialismo e Liberdade;Federação PSOL REDE(PSOL/REDE);18
2022;1;RO;CUJUBIM;26;3;Governador;50;PSOL;Partido Socialismo e Liberdade;Federação PSOL REDE(PSOL/REDE);7
2022;1;RO;NOVA MAMORÉ;1;6;Deputado Federal;19;PODE;Podemos;PODE;353
2022;1;RO;ITAPUÃ DO OESTE;2;6;Deputado Federal;19;PODE;Podemos;PODE;233
2022;1;RO;VILHENA;4;6;Deputado Federal;19;PODE;Podemos;PODE;10028
2022;1;RO;JI-PARANÁ;3;6;Deputado Federal;50;PSOL;Partido Socialismo e Liberdade;Federação PSOL REDE(PSOL/REDE);4
2022;1;RO;PIMENTA BUENO;9;6;Deputado Federal;14;PTB;Partido Trabalhista Brasileiro;PTB;442
2022;1;RO;CUJUBIM;26;6;Deputado Federal;36;AGIR;AGIR;AGIR;6
2022;1;RO;GOVERNADOR JORGE TEIXEIRA;27;6;Deputado Federal;36;AGIR;AGIR;AGIR;3
2022;1;RO;JI-PARANÁ;3;5;Senador;36;AGIR;AGIR;AGIR / PROS;84
2022;1;RO;GOVERNADOR JORGE TEIXEIRA;27;5;Senador;36;AGIR;AGIR;AGIR / PROS;6
2022;1;RO;VALE DO PARAÍSO;28;5;Senador;36;AGIR;AGIR;AGIR / PROS;6
2022;1;RO;PORTO VELHO;21;7;Deputado Estadual;12;PDT;Partido Democrático Trabalhista;PDT;429
2022;1;RO;PARECIS;19;7;Deputado Estadual;12;PDT;Partido Democrático Trabalhista;PDT;3
2022;1;RO;CAMPO NOVO DE RONDÔNIA;34;6;Deputado Federal;11;PP;PROGRESSISTAS;PP;80
2022;1;RO;PORTO VELHO;21;6;Deputado Federal;11;PP;PROGRESSISTAS;PP;390
2022;1;RO;CHUPINGUAIA;8;6;Deputado Federal;11;PP;PROGRESSISTAS;PP;133
2022;1;RO;ITAPUÃ DO OESTE;2;6;Deputado Federal;11;PP;PROGRESSISTAS;PP;20
2022;1;RO;PORTO VELHO;2;6;Deputado Federal;22;PL;Partido Liberal;PL;10925
2022;1;RO;PORTO VELHO;20;7;Deputado Estadual;45;PSDB;Partido da Social Democracia Brasileira;Federação PSDB Cidadania(PSDB/CIDADANIA);3233
2022;1;RO;SÃO MIGUEL DO GUAPORÉ;35;7;Deputado Estadual;45;PSDB;Partido da Social Democracia Brasileira;Federação PSDB Cidadania(PSDB/CIDADANIA);40
2022;1;RO;CANDEIAS DO JAMARI;21;6;Deputado Federal;51;PATRIOTA;Patriota;PATRIOTA;50
2022;1;RO;ALTO PARAÍSO;25;6;Deputado Federal;51;PATRIOTA;Patriota;PATRIOTA;29
2022;1;RO;NOVA UNIÃO;28;5;Senador;10;REPUBLICANOS;REPUBLICANOS;REPUBLICANOS / Federação PSDB Cidadania(PSDB/CIDADANIA) / UNIÃO / PSC / AVANTE / PATRIOTA / MDB;970
2022;1;RO;OURO PRETO DO OESTE;13;5;Senador;10;REPUBLICANOS;REPUBLICANOS;REPUBLICANOS / Federação PSDB Cidadania(PSDB/CIDADANIA) / UNIÃO / PSC / AVANTE / PATRIOTA / MDB;4812
2022;1;RO;SANTA LUZIA D OESTE;19;6;Deputado Federal;15;MDB;Movimento Democrático Brasileiro;MDB;675
2022;1;RO;NOVA BRASILÂNDIA D OESTE;15;6;Deputado Federal;15;MDB;Movimento Democrático Brasileiro;MDB;359
2022;1;RO;CANDEIAS DO JAMARI;21;7;Deputado Estadual;44;UNIÃO;UNIÃO BRASIL;UNIÃO;926
2022;1;RO;MACHADINHO D OESTE;32;7;Deputado Estadual;70;AVANTE;AVANTE;AVANTE;79
2022;1;RO;COSTA MARQUES;5;7;Deputado Estadual;70;AVANTE;AVANTE;AVANTE;26
2022;1;RO;PORTO VELHO;20;7;Deputado Estadual;33;PMN;Partido da Mobilização Nacional;PMN;1000
2022;1;RO;NOVA UNIÃO;28;6;Deputado Federal;35;PMB;Partido da Mulher Brasileira;PMB;0
2022;1;RO;SANTA LUZIA D OESTE;19;6;Deputado Federal;35;PMB;Partido da Mulher Brasileira;PMB;0
2022;1;RO;PIMENTEIRAS DO OESTE;16;6;Deputado Federal;35;PMB;Partido da Mulher Brasileira;PMB;0
2022;1;RO;CEREJEIRAS;16;6;Deputado Federal;43;PV;Partido Verde;Federação Brasil da Esperança - FE BRASIL(PT/PC do B/PV);27
2022;1;RO;ESPIGÃO DO OESTE;12;6;Deputado Federal;43;PV;Partido Verde;Federação Brasil da Esperança - FE BRASIL(PT/PC do B/PV);0
2022;1;RO;SÃO FELIPE D OESTE;19;6;Deputado Federal;90;PROS;Partido Republicano da Ordem Social;PROS;5
2022;1;RO;BURITIS;34;6;Deputado Federal;90;PROS;Partido Republicano da Ordem Social;PROS;5
2022;1;RO;GOVERNADOR JORGE TEIXEIRA;27;5;Senador;35;PMB;Partido da Mulher Brasileira;PMB;8
2022;1;RO;ARIQUEMES;7;5;Senador;35;PMB;Partido da Mulher Brasileira;PMB;203
2022;1;RO;MINISTRO ANDREAZZA;11;5;Senador;35;PMB;Partido da Mulher Brasileira;PMB;1
2022;1;RO;ALTO ALEGRE DOS PARECIS;19;6;Deputado Federal;55;PSD;Partido Social Democrático;PSD;432
2022;1;RO;VALE DO ANARI;32;6;Deputado Federal;70;AVANTE;AVANTE;AVANTE;1
2022;1;RO;ALVORADA DO OESTE;18;6;Deputado Federal;70;AVANTE;AVANTE;AVANTE;10
2022;1;RO;NOVA UNIÃO;28;3;Governador;44;UNIÃO;UNIÃO BRASIL;UNIÃO / REPUBLICANOS / AVANTE / MDB / PATRIOTA / PSC / Federação PSDB Cidadania(PSDB/CIDADANIA);1461
2022;1;RO;VILHENA;4;7;Deputado Estadual;23;CIDADANIA;Cidadania;Federação PSDB Cidadania(PSDB/CIDADANIA);0
2022;1;RO;ALTA FLORESTA D OESTE;17;5;Senador;12;PDT;Partido Democrático Trabalhista;Federação Brasil da Esperança - FE BRASIL(PT/PC do B/PV) / PDT / PSB / SOLIDARIEDADE;0
2022;1;RO;CANDEIAS DO JAMARI;21;5;Senador;12;PDT;Partido Democrático Trabalhista;Federação Brasil da Esperança - FE BRASIL(PT/PC do B/PV) / PDT / PSB / SOLIDARIEDADE;0
2022;1;RO;CUJUBIM;26;5;Senador;12;PDT;Partido Democrático Trabalhista;Federação Brasil da Esperança - FE BRASIL(PT/PC do B/PV) / PDT / PSB / SOLIDARIEDADE;0
2022;1;RO;ALTA FLORESTA D OESTE;17;3;Governador;77;SOLIDARIEDADE;Solidariedade;Federação Brasil da Esperança - FE BRASIL(PT/PC do B/PV) / PSB / SOLIDARIEDADE / PDT;999
2022;1;RO;CASTANHEIRAS;15;3;Governador;77;SOLIDARIEDADE;Solidariedade;Federação Brasil da Esperança - FE BRASIL(PT/PC do B/PV) / PSB / SOLIDARIEDADE / PDT;281
2022;1;RO;SÃO FELIPE D OESTE;19;3;Governador;77;SOLIDARIEDADE;Solidariedade;Federação Brasil da Esperança - FE BRASIL(PT/PC do B/PV) / PSB / SOLIDARIEDADE / PDT;347
2022;1;RO;CORUMBIARA;16;6;Deputado Federal;18;REDE;Rede Sustentabilidade;Federação PSOL REDE(PSOL/REDE);0
2022;1;RO;PORTO VELHO;2;3;Governador;50;PSOL;Partido Socialismo e Liberdade;Federação PSOL REDE(PSOL/REDE);731
2022;1;RO;CUJUBIM;26;6;Deputado Federal;19;PODE;Podemos;PODE;606
2022;1;RO;PIMENTA BUENO;9;6;Deputado Federal;50;PSOL;Partido Socialismo e Liberdade;Federação PSOL REDE(PSOL/REDE);20
2022;1;RO;COSTA MARQUES;5;7;Deputado Estadual;10;REPUBLICANOS;REPUBLICANOS;REPUBLICANOS;420
2022;1;RO;PIMENTA BUENO;9;7;Deputado Estadual;10;REPUBLICANOS;REPUBLICANOS;REPUBLICANOS;4366
2022;1;RO;OURO PRETO DO OESTE;13;7;Deputado Estadual;10;REPUBLICANOS;REPUBLICANOS;REPUBLICANOS;415
2022;1;RO;CABIXI;8;3;Governador;50;PSOL;Partido Socialismo e Liberdade;Federação PSOL REDE(PSOL/REDE);2
2022;1;RO;SANTA LUZIA D OESTE;19;3;Governador;50;PSOL;Partido Socialismo e Liberdade;Federação PSOL REDE(PSOL/REDE);6
2022;1;RO;PARECIS;19;3;Governador;50;PSOL;Partido Socialismo e Liberdade;Federação PSOL REDE(PSOL/REDE);3
2022;1;RO;MACHADINHO D OESTE;32;3;Governador;50;PSOL;Partido Socialismo e Liberdade;Federação PSOL REDE(PSOL/REDE);17
2022;1;RO;CANDEIAS DO JAMARI;21;3;Governador;50;PSOL;Partido Socialismo e Liberdade;Federação PSOL REDE(PSOL/REDE);26
2022;1;RO;NOVO HORIZONTE DO OESTE;15;6;Deputado Federal;19;PODE;Podemos;PODE;110
2022;1;RO;CACOAL;11;6;Deputado Federal;50;PSOL;Partido Socialismo e Liberdade;Federação PSOL REDE(PSOL/REDE);32
2022;1;RO;ALTO ALEGRE DOS PARECIS;19;6;Deputado Federal;50;PSOL;Partido Socialismo e Liberdade;Federação PSOL REDE(PSOL/REDE);0
2022;1;RO;COSTA MARQUES;5;6;Deputado Federal;50;PSOL;Partido Socialismo e Liberdade;Federação PSOL REDE(PSOL/REDE);0
2022;1;RO;CASTANHEIRAS;15;5;Senador;22;PL;Partido Liberal;PL / DC / PTB;324
2022;1;RO;VILHENA;4;5;Senador;22;PL;Partido Liberal;PL / DC / PTB;32112
2022;1;RO;ALVORADA DO OESTE;18;6;Deputado Federal;20;PSC;Partido Social Cristão;PSC;673
2022;1;RO;MONTE NEGRO;25;6;Deputado Federal;20;PSC;Partido Social Cristão;PSC;646
2022;1;RO;COLORADO DO OESTE;8;6;Deputado Federal;20;PSC;Partido Social Cristão;PSC;888
2022;1;RO;ALTO ALEGRE DOS PARECIS;19;6;Deputado Federal;20;PSC;Partido Social Cristão;PSC;445
2022;1;RO;BURITIS;34;6;Deputado Federal;44;UNIÃO;UNIÃO BRASIL;UNIÃO;2073
2022;1;RO;NOVA UNIÃO;28;6;Deputado Federal;44;UNIÃO;UNIÃO BRASIL;UNIÃO;607
2022;1;RO;JI-PARANÁ;3;6;Deputado Federal;44;UNIÃO;UNIÃO BRASIL;UNIÃO;2793
2022;1;RO;PORTO VELHO;21;7;Deputado Estadual;50;PSOL;Partido Socialismo e Liberdade;Federação PSOL REDE(PSOL/REDE);93
2022;1;RO;PORTO VELHO;6;7;Deputado Estadual;11;PP;PROGRESSISTAS;PP;2204
2022;1;RO;PORTO VELHO;21;7;Deputado Estadual;11;PP;PROGRESSISTAS;PP;1126
2022;1;RO;VALE DO PARAÍSO;28;7;Deputado Estadual;11;PP;PROGRESSISTAS;PP;56
2022;1;RO;GOVERNADOR JORGE TEIXEIRA;27;7;Deputado Estadual;15;MDB;Movimento Democrático Brasileiro;MDB;738
2022;1;RO;PIMENTEIRAS DO OESTE;16;6;Deputado Federal;11;PP;PROGRESSISTAS;PP;23
2022;1;RO;SERINGUEIRAS;35;6;Deputado Federal;11;PP;PROGRESSISTAS;PP;87
2022;1;RO;ALTO PARAÍSO;25;7;Deputado Estadual;18;REDE;Rede Sustentabilidade;Federação PSOL REDE(PSOL/REDE);2
2022;1;RO;VALE DO ANARI;32;6;Deputado Federal;12;PDT;Partido Democrático Trabalhista;PDT;3
2022;1;RO;MINISTRO ANDREAZZA;11;7;Deputado Estadual;20;PSC;Partido Social Cristão;PSC;140
2022;1;RO;CANDEIAS DO JAMARI;21;7;Deputado Estadual;35;PMB;Partido da Mulher Brasileira;PMB;120
2022;1;RO;ESPIGÃO DO OESTE;12;7;Deputado Estadual;35;PMB;Partido da Mulher Brasileira;PMB;3486
2022;1;RO;MIRANTE DA SERRA;28;3;Governador;22;PL;Partido Liberal;PL / DC / PMB / PTB;2762
2022;1;RO;NOVA UNIÃO;28;7;Deputado Estadual;51;PATRIOTA;Patriota;PATRIOTA;66
2022;1;RO;ALTA FLORESTA D OESTE;17;7;Deputado Estadual;22;PL;Partido Liberal;PL;401
2022;1;RO;VALE DO PARAÍSO;28;7;Deputado Estadual;14;PTB;Partido Trabalhista Brasileiro;PTB;111
2022;1;RO;TEIXEIRÓPOLIS;13;7;Deputado Estadual;14;PTB;Partido Trabalhista Brasileiro;PTB;22
2022;1;RO;MACHADINHO D OESTE;32;7;Deputado Estadual;44;UNIÃO;UNIÃO BRASIL;UNIÃO;4395
2022;1;RO;SANTA LUZIA D OESTE;19;6;Deputado Federal;65;PC do B;Partido Comunista do Brasil;Federação Brasil da Esperança - FE BRASIL(PT/PC do B/PV);9
2022;1;RO;URUPÁ;18;6;Deputado Federal;65;PC do B;Partido Comunista do Brasil;Federação Brasil da Esperança - FE BRASIL(PT/PC do B/PV);21
2022;1;RO;OURO PRETO DO OESTE;13;6;Deputado Federal;10;REPUBLICANOS;REPUBLICANOS;REPUBLICANOS;351
2022;1;RO;JI-PARANÁ;30;6;Deputado Federal;10;REPUBLICANOS;REPUBLICANOS;REPUBLICANOS;3931
2022;1;RO;BURITIS;34;7;Deputado Estadual;33;PMN;Partido da Mobilização Nacional;PMN;468
2022;1;RO;CACAULÂNDIA;26;6;Deputado Federal;35;PMB;Partido da Mulher Brasileira;PMB;0
2022;1;RO;VILHENA;4;6;Deputado Federal;35;PMB;Partido da Mulher Brasileira;PMB;1
2022;1;RO;VALE DO PARAÍSO;28;6;Deputado Federal;43;PV;Partido Verde;Federação Brasil da Esperança - FE BRASIL(PT/PC do B/PV);0
2022;1;RO;THEOBROMA;27;6;Deputado Federal;90;PROS;Partido Republicano da Ordem Social;PROS;1
2022;1;RO;CACAULÂNDIA;26;6;Deputado Federal;90;PROS;Partido Republicano da Ordem Social;PROS;0
2022;1;RO;MACHADINHO D OESTE;32;5;Senador;12;PDT;Partido Democrático Trabalhista;Federação Brasil da Esperança - FE BRASIL(PT/PC do B/PV) / PDT / PSB / SOLIDARIEDADE;0
2022;1;RO;VALE DO ANARI;32;3;Governador;77;SOLIDARIEDADE;Solidariedade;Federação Brasil da Esperança - FE BRASIL(PT/PC do B/PV) / PSB / SOLIDARIEDADE / PDT;458
2022;1;RO;URUPÁ;18;6;Deputado Federal;18;REDE;Rede Sustentabilidade;Federação PSOL REDE(PSOL/REDE);0
2022;1;RO;SÃO FELIPE D OESTE;19;5;Senador;11;PP;PROGRESSISTAS;PP;390
2022;1;RO;PORTO VELHO;6;5;Senador;11;PP;PROGRESSISTAS;PP;5837
2022;1;RO;NOVA BRASILÂNDIA D OESTE;15;5;Senador;55;PSD;Partido Social Democrático;PODE / PSD / PMN;2026
2022;1;RO;MINISTRO ANDREAZZA;11;5;Senador;55;PSD;Partido Social Democrático;PODE / PSD / PMN;704
2022;2;RO;CUJUBIM;26;3;Governador;22;PL;Partido Liberal;PL / DC / PMB / PTB;4878
2022;2;RO;CHUPINGUAIA;8;3;Governador;22;PL;Partido Liberal;PL / DC / PMB / PTB;3223
2022;2;RO;SÃO FELIPE D OESTE;19;3;Governador;22;PL;Partido Liberal;PL / DC / PMB / PTB;1397
2022;1;RO;MINISTRO ANDREAZZA;11;3;Governador;19;PODE;Podemos;PODE / PMN / PSD;482
2022;1;RO;ESPIGÃO DO OESTE;12;7;Deputado Estadual;14;PTB;Partido Trabalhista Brasileiro;PTB;147
2022;1;RO;ALTA FLORESTA D OESTE;17;7;Deputado Estadual;14;PTB;Partido Trabalhista Brasileiro;PTB;94
2022;1;RO;VALE DO PARAÍSO;28;7;Deputado Estadual;51;PATRIOTA;Patriota;PATRIOTA;319
2022;1;RO;CABIXI;8;7;Deputado Estadual;51;PATRIOTA;Patriota;PATRIOTA;62
2022;1;RO;CORUMBIARA;16;6;Deputado Federal;36;AGIR;AGIR;AGIR;0
2022;1;RO;SÃO FRANCISCO DO GUAPORÉ;5;7;Deputado Estadual;12;PDT;Partido Democrático Trabalhista;PDT;43
2022;1;RO;PIMENTA BUENO;9;6;Deputado Federal;11;PP;PROGRESSISTAS;PP;318
2022;1;RO;MACHADINHO D OESTE;32;6;Deputado Federal;11;PP;PROGRESSISTAS;PP;466
2022;1;RO;ESPIGÃO DO OESTE;12;6;Deputado Federal;11;PP;PROGRESSISTAS;PP;152
2022;1;RO;ALTO ALEGRE DOS PARECIS;19;6;Deputado Federal;14;PTB;Partido Trabalhista Brasileiro;PTB;25
2022;1;RO;CANDEIAS DO JAMARI;21;6;Deputado Federal;14;PTB;Partido Trabalhista Brasileiro;PTB;35
2022;1;RO;GUAJARÁ-MIRIM;1;6;Deputado Federal;14;PTB;Partido Trabalhista Brasileiro;PTB;152
2022;1;RO;URUPÁ;18;6;Deputado Federal;22;PL;Partido Liberal;PL;1651
2022;1;RO;COLORADO DO OESTE;8;6;Deputado Federal;22;PL;Partido Liberal;PL;1731
2022;1;RO;MACHADINHO D OESTE;32;6;Deputado Federal;22;PL;Partido Liberal;PL;2961
2022;1;RO;GOVERNADOR JORGE TEIXEIRA;27;7;Deputado Estadual;45;PSDB;Partido da Social Democracia Brasileira;Federação PSDB Cidadania(PSDB/CIDADANIA);124
2022;1;RO;PORTO VELHO;2;6;Deputado Federal;51;PATRIOTA;Patriota;PATRIOTA;890
2022;1;RO;VALE DO ANARI;32;6;Deputado Federal;51;PATRIOTA;Patriota;PATRIOTA;6
2022;1;RO;CEREJEIRAS;16;6;Deputado Federal;51;PATRIOTA;Patriota;PATRIOTA;2
2022;1;RO;MONTE NEGRO;25;5;Senador;10;REPUBLICANOS;REPUBLICANOS;REPUBLICANOS / Federação PSDB Cidadania(PSDB/CIDADANIA) / UNIÃO / PSC / AVANTE / PATRIOTA / MDB;2072
2022;1;RO;PORTO VELHO;20;6;Deputado Federal;15;MDB;Movimento Democrático Brasileiro;MDB;1733
2022;1;RO;ALVORADA DO OESTE;18;7;Deputado Estadual;44;UNIÃO;UNIÃO BRASIL;UNIÃO;1418
2022;1;RO;CHUPINGUAIA;8;7;Deputado Estadual;44;UNIÃO;UNIÃO BRASIL;UNIÃO;769
2022;1;RO;TEIXEIRÓPOLIS;13;7;Deputado Estadual;44;UNIÃO;UNIÃO BRASIL;UNIÃO;372
2022;1;RO;PORTO VELHO;6;7;Deputado Estadual;70;AVANTE;AVANTE;AVANTE;2297
2022;1;RO;PRIMAVERA DE RONDÔNIA;9;7;Deputado Estadual;70;AVANTE;AVANTE;AVANTE;3
2022;1;RO;RIO CRESPO;26;6;Deputado Federal;65;PC do B;Partido Comunista do Brasil;Federação Brasil da Esperança - FE BRASIL(PT/PC do B/PV);0
2022;1;RO;PRIMAVERA DE RONDÔNIA;9;6;Deputado Federal;65;PC do B;Partido Comunista do Brasil;Federação Brasil da Esperança - FE BRASIL(PT/PC do B/PV);0
2022;1;RO;CACAULÂNDIA;26;7;Deputado Estadual;33;PMN;Partido da Mobilização Nacional;PMN;8
2022;1;RO;CEREJEIRAS;16;6;Deputado Federal;20;PSC;Partido Social Cristão;PSC;1375
2022;1;RO;SANTA LUZIA D OESTE;19;6;Deputado Federal;20;PSC;Partido Social Cristão;PSC;304
2022;1;RO;CABIXI;8;6;Deputado Federal;44;UNIÃO;UNIÃO BRASIL;UNIÃO;495
2022;1;RO;SERINGUEIRAS;35;6;Deputado Federal;44;UNIÃO;UNIÃO BRASIL;UNIÃO;1880
2022;1;RO;BURITIS;34;7;Deputado Estadual;50;PSOL;Partido Socialismo e Liberdade;Federação PSOL REDE(PSOL/REDE);4
2022;1;RO;SERINGUEIRAS;35;7;Deputado Estadual;15;MDB;Movimento Democrático Brasileiro;MDB;254
2022;1;RO;NOVA UNIÃO;28;7;Deputado Estadual;15;MDB;Movimento Democrático Brasileiro;MDB;138
2022;1;RO;CASTANHEIRAS;15;7;Deputado Estadual;15;MDB;Movimento Democrático Brasileiro;MDB;79
2022;1;RO;VILHENA;4;6;Deputado Federal;12;PDT;Partido Democrático Trabalhista;PDT;128
2022;1;RO;ARIQUEMES;7;7;Deputado Estadual;20;PSC;Partido Social Cristão;PSC;1248
2022;1;RO;PRIMAVERA DE RONDÔNIA;9;3;Governador;22;PL;Partido Liberal;PL / DC / PMB / PTB;1002
2022;1;RO;RIO CRESPO;26;7;Deputado Estadual;22;PL;Partido Liberal;PL;269
2022;1;RO;SANTA LUZIA D OESTE;19;7;Deputado Estadual;22;PL;Partido Liberal;PL;234
2022;1;RO;CAMPO NOVO DE RONDÔNIA;34;7;Deputado Estadual;14;PTB;Partido Trabalhista Brasileiro;PTB;464
2022;1;RO;MONTE NEGRO;25;7;Deputado Estadual;51;PATRIOTA;Patriota;PATRIOTA;371
2022;1;RO;MIRANTE DA SERRA;28;7;Deputado Estadual;51;PATRIOTA;Patriota;PATRIOTA;216
2022;1;RO;RIO CRESPO;26;6;Deputado Federal;36;AGIR;AGIR;AGIR;0
2022;1;RO;PRESIDENTE MÉDICI;3;6;Deputado Federal;36;AGIR;AGIR;AGIR;36
2022;1;RO;JI-PARANÁ;30;5;Senador;36;AGIR;AGIR;AGIR / PROS;138
2022;1;RO;JI-PARANÁ;3;6;Deputado Federal;11;PP;PROGRESSISTAS;PP;622
2022;1;RO;COSTA MARQUES;5;6;Deputado Federal;11;PP;PROGRESSISTAS;PP;50
2022;1;RO;CABIXI;8;6;Deputado Federal;11;PP;PROGRESSISTAS;PP;24
2022;1;RO;PORTO VELHO;21;6;Deputado Federal;14;PTB;Partido Trabalhista Brasileiro;PTB;381
2022;1;RO;CACOAL;11;7;Deputado Estadual;45;PSDB;Partido da Social Democracia Brasileira;Federação PSDB Cidadania(PSDB/CIDADANIA);458
2022;1;RO;MIRANTE DA SERRA;28;6;Deputado Federal;51;PATRIOTA;Patriota;PATRIOTA;3
2022;1;RO;PORTO VELHO;6;5;Senador;10;REPUBLICANOS;REPUBLICANOS;REPUBLICANOS / Federação PSDB Cidadania(PSDB/CIDADANIA) / UNIÃO / PSC / AVANTE / PATRIOTA / MDB;21196
2022;1;RO;PORTO VELHO;21;6;Deputado Federal;15;MDB;Movimento Democrático Brasileiro;MDB;1135
2022;1;RO;PIMENTEIRAS DO OESTE;16;6;Deputado Federal;15;MDB;Movimento Democrático Brasileiro;MDB;187
2022;1;RO;BURITIS;34;7;Deputado Estadual;70;AVANTE;AVANTE;AVANTE;141
2022;1;RO;CAMPO NOVO DE RONDÔNIA;34;6;Deputado Federal;65;PC do B;Partido Comunista do Brasil;Federação Brasil da Esperança - FE BRASIL(PT/PC do B/PV);1
2022;1;RO;NOVA MAMORÉ;1;6;Deputado Federal;65;PC do B;Partido Comunista do Brasil;Federação Brasil da Esperança - FE BRASIL(PT/PC do B/PV);8
2022;1;RO;VALE DO PARAÍSO;28;6;Deputado Federal;10;REPUBLICANOS;REPUBLICANOS;REPUBLICANOS;36
2022;1;RO;MIRANTE DA SERRA;28;6;Deputado Federal;10;REPUBLICANOS;REPUBLICANOS;REPUBLICANOS;122
2022;1;RO;PORTO VELHO;2;6;Deputado Federal;10;REPUBLICANOS;REPUBLICANOS;REPUBLICANOS;6854
2022;1;RO;CAMPO NOVO DE RONDÔNIA;34;6;Deputado Federal;10;REPUBLICANOS;REPUBLICANOS;REPUBLICANOS;215
2022;1;RO;PRESIDENTE MÉDICI;3;6;Deputado Federal;10;REPUBLICANOS;REPUBLICANOS;REPUBLICANOS;664
2022;1;RO;JI-PARANÁ;3;7;Deputado Estadual;33;PMN;Partido da Mobilização Nacional;PMN;265
2022;1;RO;CEREJEIRAS;16;7;Deputado Estadual;33;PMN;Partido da Mobilização Nacional;PMN;157
2022;1;RO;CHUPINGUAIA;8;6;Deputado Federal;43;PV;Partido Verde;Federação Brasil da Esperança - FE BRASIL(PT/PC do B/PV);5
2022;1;RO;PRIMAVERA DE RONDÔNIA;9;6;Deputado Federal;43;PV;Partido Verde;Federação Brasil da Esperança - FE BRASIL(PT/PC do B/PV);0
2022;1;RO;ALTO ALEGRE DOS PARECIS;19;6;Deputado Federal;90;PROS;Partido Republicano da Ordem Social;PROS;0
2022;1;RO;NOVO HORIZONTE DO OESTE;15;6;Deputado Federal;90;PROS;Partido Republicano da Ordem Social;PROS;0
2022;1;RO;ALVORADA DO OESTE;18;7;Deputado Estadual;45;PSDB;Partido da Social Democracia Brasileira;Federação PSDB Cidadania(PSDB/CIDADANIA);102
2022;1;RO;OURO PRETO DO OESTE;13;7;Deputado Estadual;45;PSDB;Partido da Social Democracia Brasileira;Federação PSDB Cidadania(PSDB/CIDADANIA);251
2022;1;RO;BURITIS;34;6;Deputado Federal;51;PATRIOTA;Patriota;PATRIOTA;37
2022;1;RO;NOVA MAMORÉ;1;6;Deputado Federal;51;PATRIOTA;Patriota;PATRIOTA;13
2022;1;RO;CACAULÂNDIA;26;5;Senador;10;REPUBLICANOS;REPUBLICANOS;REPUBLICANOS / Federação PSDB Cidadania(PSDB/CIDADANIA) / UNIÃO / PSC / AVANTE / PATRIOTA / MDB;1043
2022;1;RO;ARIQUEMES;7;6;Deputado Federal;15;MDB;Movimento Democrático Brasileiro;MDB;15463
2022;1;RO;COLORADO DO OESTE;8;7;Deputado Estadual;44;UNIÃO;UNIÃO BRASIL;UNIÃO;4739
2022;1;RO;MIRANTE DA SERRA;28;7;Deputado Estadual;44;UNIÃO;UNIÃO BRASIL;UNIÃO;616
2022;1;RO;SÃO FELIPE D OESTE;19;7;Deputado Estadual;70;AVANTE;AVANTE;AVANTE;19
2022;1;RO;CORUMBIARA;16;7;Deputado Estadual;70;AVANTE;AVANTE;AVANTE;2
2022;1;RO;PORTO VELHO;2;7;Deputado Estadual;33;PMN;Partido da Mobilização Nacional;PMN;1066
2022;1;RO;NOVA BRASILÂNDIA D OESTE;15;7;Deputado Estadual;33;PMN;Partido da Mobilização Nacional;PMN;152
2022;1;RO;PORTO VELHO;2;6;Deputado Federal;43;PV;Partido Verde;Federação Brasil da Esperança - FE BRASIL(PT/PC do B/PV);48
2022;1;RO;JARU;10;6;Deputado Federal;90;PROS;Partido Republicano da Ordem Social;PROS;18
2022;1;RO;COLORADO DO OESTE;8;5;Senador;35;PMB;Partido da Mulher Brasileira;PMB;13
2022;1;RO;SÃO MIGUEL DO GUAPORÉ;35;7;Deputado Estadual;10;REPUBLICANOS;REPUBLICANOS;REPUBLICANOS;490
2022;1;RO;PORTO VELHO;20;7;Deputado Estadual;10;REPUBLICANOS;REPUBLICANOS;REPUBLICANOS;4570
2022;1;RO;MACHADINHO D OESTE;32;7;Deputado Estadual;10;REPUBLICANOS;REPUBLICANOS;REPUBLICANOS;1951
2022;1;RO;PORTO VELHO;20;3;Governador;50;PSOL;Partido Socialismo e Liberdade;Federação PSOL REDE(PSOL/REDE);645
2022;1;RO;ALTO ALEGRE DOS PARECIS;19;3;Governador;50;PSOL;Partido Socialismo e Liberdade;Federação PSOL REDE(PSOL/REDE);9
2022;1;RO;THEOBROMA;27;6;Deputado Federal;19;PODE;Podemos;PODE;103
2022;1;RO;SANTA LUZIA D OESTE;19;6;Deputado Federal;19;PODE;Podemos;PODE;213
2022;1;RO;BURITIS;34;6;Deputado Federal;50;PSOL;Partido Socialismo e Liberdade;Federação PSOL REDE(PSOL/REDE);4
2022;1;RO;NOVA UNIÃO;28;6;Deputado Federal;50;PSOL;Partido Socialismo e Liberdade;Federação PSOL REDE(PSOL/REDE);1
2022;1;RO;CORUMBIARA;16;6;Deputado Federal;50;PSOL;Partido Socialismo e Liberdade;Federação PSOL REDE(PSOL/REDE);0
2022;1;RO;VALE DO PARAÍSO;28;6;Deputado Federal;77;SOLIDARIEDADE;Solidariedade;SOLIDARIEDADE;0
2022;1;RO;ROLIM DE MOURA;29;6;Deputado Federal;18;REDE;Rede Sustentabilidade;Federação PSOL REDE(PSOL/REDE);0
2022;1;RO;ALVORADA DO OESTE;18;7;Deputado Estadual;18;REDE;Rede Sustentabilidade;Federação PSOL REDE(PSOL/REDE);0
2022;1;RO;THEOBROMA;27;7;Deputado Estadual;18;REDE;Rede Sustentabilidade;Federação PSOL REDE(PSOL/REDE);0
2022;2;RO;BURITIS;34;3;Governador;44;UNIÃO;UNIÃO BRASIL;UNIÃO / REPUBLICANOS / AVANTE / MDB / PATRIOTA / PSC / Federação PSDB Cidadania(PSDB/CIDADANIA);6827
2022;1;RO;PIMENTEIRAS DO OESTE;16;7;Deputado Estadual;40;PSB;Partido Socialista Brasileiro;PSB;465
2022;1;RO;BURITIS;34;7;Deputado Estadual;40;PSB;Partido Socialista Brasileiro;PSB;408
2022;1;RO;VALE DO PARAÍSO;28;7;Deputado Estadual;23;CIDADANIA;Cidadania;Federação PSDB Cidadania(PSDB/CIDADANIA);0
2022;1;RO;SERINGUEIRAS;35;5;Senador;12;PDT;Partido Democrático Trabalhista;Federação Brasil da Esperança - FE BRASIL(PT/PC do B/PV) / PDT / PSB / SOLIDARIEDADE;0
2022;1;RO;VALE DO PARAÍSO;28;3;Governador;77;SOLIDARIEDADE;Solidariedade;Federação Brasil da Esperança - FE BRASIL(PT/PC do B/PV) / PSB / SOLIDARIEDADE / PDT;548
2022;1;RO;CHUPINGUAIA;8;3;Governador;77;SOLIDARIEDADE;Solidariedade;Federação Brasil da Esperança - FE BRASIL(PT/PC do B/PV) / PSB / SOLIDARIEDADE / PDT;453
2022;1;RO;THEOBROMA;27;6;Deputado Federal;18;REDE;Rede Sustentabilidade;Federação PSOL REDE(PSOL/REDE);0
2022;1;RO;CEREJEIRAS;16;5;Senador;11;PP;PROGRESSISTAS;PP;1905
2022;2;RO;ALTO ALEGRE DOS PARECIS;19;3;Governador;22;PL;Partido Liberal;PL / DC / PMB / PTB;1338
2022;1;RO;PRESIDENTE MÉDICI;3;6;Deputado Federal;18;REDE;Rede Sustentabilidade;Federação PSOL REDE(PSOL/REDE);0
2022;1;RO;CACAULÂNDIA;26;6;Deputado Federal;18;REDE;Rede Sustentabilidade;Federação PSOL REDE(PSOL/REDE);0
2022;1;RO;NOVA MAMORÉ;1;3;Governador;19;PODE;Podemos;PODE / PMN / PSD;1777
2022;1;RO;ALVORADA DO OESTE;18;3;Governador;19;PODE;Podemos;PODE / PMN / PSD;1298
2022;1;RO;ESPIGÃO DO OESTE;12;5;Senador;55;PSD;Partido Social Democrático;PODE / PSD / PMN;2514
2022;1;RO;GUAJARÁ-MIRIM;1;5;Senador;55;PSD;Partido Social Democrático;PODE / PSD / PMN;2570
2022;1;RO;JARU;10;5;Senador;55;PSD;Partido Social Democrático;PODE / PSD / PMN;2462
2022;1;RO;CAMPO NOVO DE RONDÔNIA;34;5;Senador;55;PSD;Partido Social Democrático;PODE / PSD / PMN;699
2022;1;RO;PORTO VELHO;2;5;Senador;22;PL;Partido Liberal;PL / DC / PTB;21568
2022;1;RO;PIMENTEIRAS DO OESTE;16;6;Deputado Federal;20;PSC;Partido Social Cristão;PSC;246
2022;1;RO;CAMPO NOVO DE RONDÔNIA;34;6;Deputado Federal;44;UNIÃO;UNIÃO BRASIL;UNIÃO;621
2022;1;RO;VILHENA;4;7;Deputado Estadual;11;PP;PROGRESSISTAS;PP;1068
2022;1;RO;NOVO HORIZONTE DO OESTE;15;7;Deputado Estadual;50;PSOL;Partido Socialismo e Liberdade;Federação PSOL REDE(PSOL/REDE);0
2022;1;RO;VILHENA;4;7;Deputado Estadual;50;PSOL;Partido Socialismo e Liberdade;Federação PSOL REDE(PSOL/REDE);9
2022;1;RO;ALVORADA DO OESTE;18;7;Deputado Estadual;15;MDB;Movimento Democrático Brasileiro;MDB;278
2022;1;RO;CAMPO NOVO DE RONDÔNIA;34;6;Deputado Federal;12;PDT;Partido Democrático Trabalhista;PDT;11
2022;1;RO;NOVA UNIÃO;28;7;Deputado Estadual;35;PMB;Partido da Mulher Brasileira;PMB;2
2022;1;RO;ALTA FLORESTA D OESTE;17;7;Deputado Estadual;35;PMB;Partido da Mulher Brasileira;PMB;15
2022;1;RO;PIMENTEIRAS DO OESTE;16;7;Deputado Estadual;35;PMB;Partido da Mulher Brasileira;PMB;1
2022;1;RO;NOVA BRASILÂNDIA D OESTE;15;7;Deputado Estadual;35;PMB;Partido da Mulher Brasileira;PMB;14
2022;1;RO;PARECIS;19;7;Deputado Estadual;22;PL;Partido Liberal;PL;389
2022;1;RO;ARIQUEMES;7;7;Deputado Estadual;14;PTB;Partido Trabalhista Brasileiro;PTB;6132
2022;1;RO;OURO PRETO DO OESTE;13;7;Deputado Estadual;77;SOLIDARIEDADE;Solidariedade;SOLIDARIEDADE;30
2022;1;RO;PORTO VELHO;20;7;Deputado Estadual;77;SOLIDARIEDADE;Solidariedade;SOLIDARIEDADE;495
2022;1;RO;CACAULÂNDIA;26;7;Deputado Estadual;13;PT;Partido dos Trabalhadores;Federação Brasil da Esperança - FE BRASIL(PT/PC do B/PV);52
2022;1;RO;SÃO FRANCISCO DO GUAPORÉ;5;7;Deputado Estadual;65;PC do B;Partido Comunista do Brasil;Federação Brasil da Esperança - FE BRASIL(PT/PC do B/PV);0
2022;1;RO;GUAJARÁ-MIRIM;1;7;Deputado Estadual;65;PC do B;Partido Comunista do Brasil;Federação Brasil da Esperança - FE BRASIL(PT/PC do B/PV);0
2022;1;RO;CACOAL;11;7;Deputado Estadual;65;PC do B;Partido Comunista do Brasil;Federação Brasil da Esperança - FE BRASIL(PT/PC do B/PV);0
2022;1;RO;CACOAL;11;7;Deputado Estadual;36;AGIR;AGIR;AGIR;193
2022;1;RO;ARIQUEMES;7;7;Deputado Estadual;36;AGIR;AGIR;AGIR;19
2022;1;RO;JARU;10;7;Deputado Estadual;36;AGIR;AGIR;AGIR;6
2022;1;RO;BURITIS;34;6;Deputado Federal;40;PSB;Partido Socialista Brasileiro;PSB;342
2022;1;RO;CUJUBIM;26;6;Deputado Federal;13;PT;Partido dos Trabalhadores;Federação Brasil da Esperança - FE BRASIL(PT/PC do B/PV);230
2022;1;RO;CACOAL;11;7;Deputado Estadual;18;REDE;Rede Sustentabilidade;Federação PSOL REDE(PSOL/REDE);133
2022;2;RO;PORTO VELHO;2;3;Governador;44;UNIÃO;UNIÃO BRASIL;UNIÃO / REPUBLICANOS / AVANTE / MDB / PATRIOTA / PSC / Federação PSDB Cidadania(PSDB/CIDADANIA);46735
2022;2;RO;MONTE NEGRO;25;3;Governador;44;UNIÃO;UNIÃO BRASIL;UNIÃO / REPUBLICANOS / AVANTE / MDB / PATRIOTA / PSC / Federação PSDB Cidadania(PSDB/CIDADANIA);2478
2022;2;RO;COLORADO DO OESTE;8;3;Governador;44;UNIÃO;UNIÃO BRASIL;UNIÃO / REPUBLICANOS / AVANTE / MDB / PATRIOTA / PSC / Federação PSDB Cidadania(PSDB/CIDADANIA);4829
2022;1;RO;MONTE NEGRO;25;7;Deputado Estadual;40;PSB;Partido Socialista Brasileiro;PSB;378
2022;1;RO;PORTO VELHO;6;7;Deputado Estadual;40;PSB;Partido Socialista Brasileiro;PSB;1992
2022;1;RO;ALVORADA DO OESTE;18;3;Governador;44;UNIÃO;UNIÃO BRASIL;UNIÃO / REPUBLICANOS / AVANTE / MDB / PATRIOTA / PSC / Federação PSDB Cidadania(PSDB/CIDADANIA);3060
2022;1;RO;NOVO HORIZONTE DO OESTE;15;7;Deputado Estadual;23;CIDADANIA;Cidadania;Federação PSDB Cidadania(PSDB/CIDADANIA);0
2022;1;RO;NOVA MAMORÉ;1;5;Senador;12;PDT;Partido Democrático Trabalhista;Federação Brasil da Esperança - FE BRASIL(PT/PC do B/PV) / PDT / PSB / SOLIDARIEDADE;0
2022;1;RO;MINISTRO ANDREAZZA;11;5;Senador;12;PDT;Partido Democrático Trabalhista;Federação Brasil da Esperança - FE BRASIL(PT/PC do B/PV) / PDT / PSB / SOLIDARIEDADE;0
2022;1;RO;MONTE NEGRO;25;3;Governador;77;SOLIDARIEDADE;Solidariedade;Federação Brasil da Esperança - FE BRASIL(PT/PC do B/PV) / PSB / SOLIDARIEDADE / PDT;388
2022;1;RO;GUAJARÁ-MIRIM;1;3;Governador;77;SOLIDARIEDADE;Solidariedade;Federação Brasil da Esperança - FE BRASIL(PT/PC do B/PV) / PSB / SOLIDARIEDADE / PDT;1638
2022;1;RO;ARIQUEMES;7;6;Deputado Federal;13;PT;Partido dos Trabalhadores;Federação Brasil da Esperança - FE BRASIL(PT/PC do B/PV);1359
2022;1;RO;JI-PARANÁ;30;5;Senador;11;PP;PROGRESSISTAS;PP;6217
2022;1;RO;PORTO VELHO;2;6;Deputado Federal;13;PT;Partido dos Trabalhadores;Federação Brasil da Esperança - FE BRASIL(PT/PC do B/PV);3409
2022;2;RO;SANTA LUZIA D OESTE;19;3;Governador;22;PL;Partido Liberal;PL / DC / PMB / PTB;1379
2022;1;RO;SÃO FELIPE D OESTE;19;7;Deputado Estadual;23;CIDADANIA;Cidadania;Federação PSDB Cidadania(PSDB/CIDADANIA);0
2022;1;RO;MIRANTE DA SERRA;28;6;Deputado Federal;18;REDE;Rede Sustentabilidade;Federação PSOL REDE(PSOL/REDE);0
2022;1;RO;JARU;10;6;Deputado Federal;18;REDE;Rede Sustentabilidade;Federação PSOL REDE(PSOL/REDE);0
2022;1;RO;CORUMBIARA;16;5;Senador;35;PMB;Partido da Mulher Brasileira;PMB;2
2022;1;RO;MINISTRO ANDREAZZA;11;6;Deputado Federal;55;PSD;Partido Social Democrático;PSD;1529
2022;1;RO;SERINGUEIRAS;35;6;Deputado Federal;55;PSD;Partido Social Democrático;PSD;784
2022;1;RO;PRIMAVERA DE RONDÔNIA;9;6;Deputado Federal;70;AVANTE;AVANTE;AVANTE;17
2022;1;RO;SÃO FRANCISCO DO GUAPORÉ;5;6;Deputado Federal;70;AVANTE;AVANTE;AVANTE;24
2022;1;RO;PRESIDENTE MÉDICI;3;6;Deputado Federal;19;PODE;Podemos;PODE;309
2022;1;RO;COSTA MARQUES;5;6;Deputado Federal;19;PODE;Podemos;PODE;201
2022;1;RO;JI-PARANÁ;30;6;Deputado Federal;50;PSOL;Partido Socialismo e Liberdade;Federação PSOL REDE(PSOL/REDE);10
2022;1;RO;PRIMAVERA DE RONDÔNIA;9;6;Deputado Federal;50;PSOL;Partido Socialismo e Liberdade;Federação PSOL REDE(PSOL/REDE);0
2022;1;RO;NOVO HORIZONTE DO OESTE;15;6;Deputado Federal;50;PSOL;Partido Socialismo e Liberdade;Federação PSOL REDE(PSOL/REDE);0
2022;1;RO;GOVERNADOR JORGE TEIXEIRA;27;6;Deputado Federal;50;PSOL;Partido Socialismo e Liberdade;Federação PSOL REDE(PSOL/REDE);0
2022;1;RO;PRESIDENTE MÉDICI;3;6;Deputado Federal;50;PSOL;Partido Socialismo e Liberdade;Federação PSOL REDE(PSOL/REDE);2
2022;1;RO;BURITIS;34;7;Deputado Estadual;77;SOLIDARIEDADE;Solidariedade;SOLIDARIEDADE;10
2022;1;RO;SANTA LUZIA D OESTE;19;7;Deputado Estadual;77;SOLIDARIEDADE;Solidariedade;SOLIDARIEDADE;2
2022;1;RO;PIMENTEIRAS DO OESTE;16;7;Deputado Estadual;19;PODE;Podemos;PODE;19
2022;1;RO;CHUPINGUAIA;8;7;Deputado Estadual;19;PODE;Podemos;PODE;150
2022;1;RO;ITAPUÃ DO OESTE;2;7;Deputado Estadual;13;PT;Partido dos Trabalhadores;Federação Brasil da Esperança - FE BRASIL(PT/PC do B/PV);136
2022;1;RO;CUJUBIM;26;7;Deputado Estadual;13;PT;Partido dos Trabalhadores;Federação Brasil da Esperança - FE BRASIL(PT/PC do B/PV);81
2022;1;RO;ESPIGÃO DO OESTE;12;6;Deputado Federal;70;AVANTE;AVANTE;AVANTE;48
2022;1;RO;SANTA LUZIA D OESTE;19;6;Deputado Federal;70;AVANTE;AVANTE;AVANTE;31
2022;1;RO;THEOBROMA;27;7;Deputado Estadual;10;REPUBLICANOS;REPUBLICANOS;REPUBLICANOS;213
2022;1;RO;PORTO VELHO;21;3;Governador;50;PSOL;Partido Socialismo e Liberdade;Federação PSOL REDE(PSOL/REDE);448
2022;1;RO;PORTO VELHO;2;6;Deputado Federal;19;PODE;Podemos;PODE;5713
2022;1;RO;CEREJEIRAS;16;6;Deputado Federal;19;PODE;Podemos;PODE;267
2022;1;RO;TEIXEIRÓPOLIS;13;7;Deputado Estadual;77;SOLIDARIEDADE;Solidariedade;SOLIDARIEDADE;3
2022;1;RO;MACHADINHO D OESTE;32;7;Deputado Estadual;77;SOLIDARIEDADE;Solidariedade;SOLIDARIEDADE;1950
2022;1;RO;COSTA MARQUES;5;7;Deputado Estadual;19;PODE;Podemos;PODE;17
2022;1;RO;PARECIS;19;7;Deputado Estadual;19;PODE;Podemos;PODE;74
2022;1;RO;GUAJARÁ-MIRIM;1;7;Deputado Estadual;13;PT;Partido dos Trabalhadores;Federação Brasil da Esperança - FE BRASIL(PT/PC do B/PV);286
2022;1;RO;MIRANTE DA SERRA;28;7;Deputado Estadual;13;PT;Partido dos Trabalhadores;Federação Brasil da Esperança - FE BRASIL(PT/PC do B/PV);659
2022;1;RO;COSTA MARQUES;5;7;Deputado Estadual;65;PC do B;Partido Comunista do Brasil;Federação Brasil da Esperança - FE BRASIL(PT/PC do B/PV);0
2022;1;RO;COLORADO DO OESTE;8;7;Deputado Estadual;65;PC do B;Partido Comunista do Brasil;Federação Brasil da Esperança - FE BRASIL(PT/PC do B/PV);0
2022;1;RO;JI-PARANÁ;3;7;Deputado Estadual;65;PC do B;Partido Comunista do Brasil;Federação Brasil da Esperança - FE BRASIL(PT/PC do B/PV);4
2022;1;RO;JI-PARANÁ;30;7;Deputado Estadual;43;PV;Partido Verde;Federação Brasil da Esperança - FE BRASIL(PT/PC do B/PV);9
2022;1;RO;COLORADO DO OESTE;8;7;Deputado Estadual;55;PSD;Partido Social Democrático;PSD;275
2022;1;RO;ARIQUEMES;7;7;Deputado Estadual;55;PSD;Partido Social Democrático;PSD;726
2022;1;RO;PORTO VELHO;21;7;Deputado Estadual;36;AGIR;AGIR;AGIR;259
2022;1;RO;MONTE NEGRO;25;7;Deputado Estadual;36;AGIR;AGIR;AGIR;1
2022;1;RO;PRESIDENTE MÉDICI;3;7;Deputado Estadual;36;AGIR;AGIR;AGIR;35
2022;1;RO;PORTO VELHO;20;7;Deputado Estadual;36;AGIR;AGIR;AGIR;455
2022;1;RO;TEIXEIRÓPOLIS;13;6;Deputado Federal;40;PSB;Partido Socialista Brasileiro;PSB;14
2022;1;RO;MONTE NEGRO;25;6;Deputado Federal;77;SOLIDARIEDADE;Solidariedade;SOLIDARIEDADE;3
2022;1;RO;SÃO FRANCISCO DO GUAPORÉ;5;6;Deputado Federal;77;SOLIDARIEDADE;Solidariedade;SOLIDARIEDADE;1
2022;1;RO;PARECIS;19;6;Deputado Federal;77;SOLIDARIEDADE;Solidariedade;SOLIDARIEDADE;0
2022;1;RO;PIMENTEIRAS DO OESTE;16;7;Deputado Estadual;43;PV;Partido Verde;Federação Brasil da Esperança - FE BRASIL(PT/PC do B/PV);0
2022;1;RO;THEOBROMA;27;5;Senador;36;AGIR;AGIR;AGIR / PROS;7
2022;1;RO;TEIXEIRÓPOLIS;13;5;Senador;36;AGIR;AGIR;AGIR / PROS;5
2022;1;RO;PORTO VELHO;21;5;Senador;36;AGIR;AGIR;AGIR / PROS;450
2022;1;RO;MONTE NEGRO;25;5;Senador;36;AGIR;AGIR;AGIR / PROS;19
2022;1;RO;NOVA MAMORÉ;1;7;Deputado Estadual;12;PDT;Partido Democrático Trabalhista;PDT;307
2022;1;RO;CANDEIAS DO JAMARI;21;7;Deputado Estadual;12;PDT;Partido Democrático Trabalhista;PDT;69
2022;1;RO;PRESIDENTE MÉDICI;3;7;Deputado Estadual;12;PDT;Partido Democrático Trabalhista;PDT;579
2022;1;RO;CAMPO NOVO DE RONDÔNIA;34;7;Deputado Estadual;12;PDT;Partido Democrático Trabalhista;PDT;19
2022;1;RO;GUAJARÁ-MIRIM;1;7;Deputado Estadual;45;PSDB;Partido da Social Democracia Brasileira;Federação PSDB Cidadania(PSDB/CIDADANIA);404
2022;1;RO;CANDEIAS DO JAMARI;21;7;Deputado Estadual;45;PSDB;Partido da Social Democracia Brasileira;Federação PSDB Cidadania(PSDB/CIDADANIA);578
2022;1;RO;NOVO HORIZONTE DO OESTE;15;7;Deputado Estadual;45;PSDB;Partido da Social Democracia Brasileira;Federação PSDB Cidadania(PSDB/CIDADANIA);435
2022;1;RO;CHUPINGUAIA;8;6;Deputado Federal;51;PATRIOTA;Patriota;PATRIOTA;12
2022;1;RO;RIO CRESPO;26;5;Senador;10;REPUBLICANOS;REPUBLICANOS;REPUBLICANOS / Federação PSDB Cidadania(PSDB/CIDADANIA) / UNIÃO / PSC / AVANTE / PATRIOTA / MDB;567
2022;1;RO;PORTO VELHO;20;5;Senador;10;REPUBLICANOS;REPUBLICANOS;REPUBLICANOS / Federação PSDB Cidadania(PSDB/CIDADANIA) / UNIÃO / PSC / AVANTE / PATRIOTA / MDB;24799
2022;1;RO;ITAPUÃ DO OESTE;2;5;Senador;10;REPUBLICANOS;REPUBLICANOS;REPUBLICANOS / Federação PSDB Cidadania(PSDB/CIDADANIA) / UNIÃO / PSC / AVANTE / PATRIOTA / MDB;1751
2022;1;RO;NOVA UNIÃO;28;7;Deputado Estadual;44;UNIÃO;UNIÃO BRASIL;UNIÃO;337
2022;1;RO;MONTE NEGRO;25;7;Deputado Estadual;44;UNIÃO;UNIÃO BRASIL;UNIÃO;889
2022;1;RO;JARU;10;7;Deputado Estadual;44;UNIÃO;UNIÃO BRASIL;UNIÃO;884
2022;1;RO;GOVERNADOR JORGE TEIXEIRA;27;7;Deputado Estadual;70;AVANTE;AVANTE;AVANTE;15
2022;1;RO;CORUMBIARA;16;6;Deputado Federal;65;PC do B;Partido Comunista do Brasil;Federação Brasil da Esperança - FE BRASIL(PT/PC do B/PV);24
2022;1;RO;VALE DO ANARI;32;6;Deputado Federal;65;PC do B;Partido Comunista do Brasil;Federação Brasil da Esperança - FE BRASIL(PT/PC do B/PV);0
2022;1;RO;CHUPINGUAIA;8;7;Deputado Estadual;55;PSD;Partido Social Democrático;PSD;331
2022;1;RO;COLORADO DO OESTE;8;7;Deputado Estadual;33;PMN;Partido da Mobilização Nacional;PMN;180
2022;1;RO;OURO PRETO DO OESTE;13;7;Deputado Estadual;13;PT;Partido dos Trabalhadores;Federação Brasil da Esperança - FE BRASIL(PT/PC do B/PV);1137
2022;1;RO;PIMENTEIRAS DO OESTE;16;7;Deputado Estadual;65;PC do B;Partido Comunista do Brasil;Federação Brasil da Esperança - FE BRASIL(PT/PC do B/PV);0
2022;1;RO;ITAPUÃ DO OESTE;2;7;Deputado Estadual;65;PC do B;Partido Comunista do Brasil;Federação Brasil da Esperança - FE BRASIL(PT/PC do B/PV);0
2022;1;RO;MACHADINHO D OESTE;32;7;Deputado Estadual;65;PC do B;Partido Comunista do Brasil;Federação Brasil da Esperança - FE BRASIL(PT/PC do B/PV);3
2022;1;RO;ALTO ALEGRE DOS PARECIS;19;7;Deputado Estadual;43;PV;Partido Verde;Federação Brasil da Esperança - FE BRASIL(PT/PC do B/PV);0
2022;1;RO;COSTA MARQUES;5;7;Deputado Estadual;43;PV;Partido Verde;Federação Brasil da Esperança - FE BRASIL(PT/PC do B/PV);3
2022;1;RO;VILHENA;4;7;Deputado Estadual;55;PSD;Partido Social Democrático;PSD;2888
2022;1;RO;ALVORADA DO OESTE;18;7;Deputado Estadual;55;PSD;Partido Social Democrático;PSD;1596
2022;1;RO;ALTO PARAÍSO;25;7;Deputado Estadual;36;AGIR;AGIR;AGIR;0
2022;1;RO;JI-PARANÁ;30;7;Deputado Estadual;36;AGIR;AGIR;AGIR;187
2022;1;RO;CACOAL;11;6;Deputado Federal;40;PSB;Partido Socialista Brasileiro;PSB;2126
2022;1;RO;ALTO ALEGRE DOS PARECIS;19;6;Deputado Federal;40;PSB;Partido Socialista Brasileiro;PSB;114
2022;1;RO;PORTO VELHO;21;6;Deputado Federal;18;REDE;Rede Sustentabilidade;Federação PSOL REDE(PSOL/REDE);0
2022;2;RO;VALE DO PARAÍSO;28;3;Governador;44;UNIÃO;UNIÃO BRASIL;UNIÃO / REPUBLICANOS / AVANTE / MDB / PATRIOTA / PSC / Federação PSDB Cidadania(PSDB/CIDADANIA);2366
2022;1;RO;PORTO VELHO;20;7;Deputado Estadual;40;PSB;Partido Socialista Brasileiro;PSB;1909
2022;1;RO;JI-PARANÁ;3;7;Deputado Estadual;40;PSB;Partido Socialista Brasileiro;PSB;407
2022;1;RO;CASTANHEIRAS;15;3;Governador;44;UNIÃO;UNIÃO BRASIL;UNIÃO / REPUBLICANOS / AVANTE / MDB / PATRIOTA / PSC / Federação PSDB Cidadania(PSDB/CIDADANIA);853
2022;1;RO;GOVERNADOR JORGE TEIXEIRA;27;3;Governador;44;UNIÃO;UNIÃO BRASIL;UNIÃO / REPUBLICANOS / AVANTE / MDB / PATRIOTA / PSC / Federação PSDB Cidadania(PSDB/CIDADANIA);1983
2022;1;RO;JARU;10;5;Senador;12;PDT;Partido Democrático Trabalhista;Federação Brasil da Esperança - FE BRASIL(PT/PC do B/PV) / PDT / PSB / SOLIDARIEDADE;0
2022;1;RO;SANTA LUZIA D OESTE;19;5;Senador;12;PDT;Partido Democrático Trabalhista;Federação Brasil da Esperança - FE BRASIL(PT/PC do B/PV) / PDT / PSB / SOLIDARIEDADE;0
2022;1;RO;URUPÁ;18;3;Governador;77;SOLIDARIEDADE;Solidariedade;Federação Brasil da Esperança - FE BRASIL(PT/PC do B/PV) / PSB / SOLIDARIEDADE / PDT;937
2022;1;RO;PIMENTEIRAS DO OESTE;16;5;Senador;11;PP;PROGRESSISTAS;PP;160
2022;1;RO;PIMENTEIRAS DO OESTE;16;6;Deputado Federal;13;PT;Partido dos Trabalhadores;Federação Brasil da Esperança - FE BRASIL(PT/PC do B/PV);51
2022;1;RO;CACOAL;11;6;Deputado Federal;13;PT;Partido dos Trabalhadores;Federação Brasil da Esperança - FE BRASIL(PT/PC do B/PV);1858
2022;2;RO;PORTO VELHO;20;3;Governador;22;PL;Partido Liberal;PL / DC / PMB / PTB;24852
2022;1;RO;CASTANHEIRAS;15;3;Governador;19;PODE;Podemos;PODE / PMN / PSD;308
2022;1;RO;GOVERNADOR JORGE TEIXEIRA;27;5;Senador;55;PSD;Partido Social Democrático;PODE / PSD / PMN;417
2022;1;RO;VALE DO PARAÍSO;28;5;Senador;55;PSD;Partido Social Democrático;PODE / PSD / PMN;1084
2022;1;RO;ALVORADA DO OESTE;18;6;Deputado Federal;18;REDE;Rede Sustentabilidade;Federação PSOL REDE(PSOL/REDE);0
2022;1;RO;JI-PARANÁ;3;6;Deputado Federal;18;REDE;Rede Sustentabilidade;Federação PSOL REDE(PSOL/REDE);0
2022;1;RO;NOVO HORIZONTE DO OESTE;15;6;Deputado Federal;20;PSC;Partido Social Cristão;PSC;293
2022;1;RO;NOVA BRASILÂNDIA D OESTE;15;6;Deputado Federal;20;PSC;Partido Social Cristão;PSC;772
2022;1;RO;CHUPINGUAIA;8;6;Deputado Federal;20;PSC;Partido Social Cristão;PSC;421
2022;1;RO;CORUMBIARA;16;6;Deputado Federal;44;UNIÃO;UNIÃO BRASIL;UNIÃO;1014
2022;1;RO;SÃO FELIPE D OESTE;19;7;Deputado Estadual;15;MDB;Movimento Democrático Brasileiro;MDB;140
2022;1;RO;CUJUBIM;26;6;Deputado Federal;12;PDT;Partido Democrático Trabalhista;PDT;15
2022;1;RO;ITAPUÃ DO OESTE;2;6;Deputado Federal;12;PDT;Partido Democrático Trabalhista;PDT;8
2022;1;RO;NOVA BRASILÂNDIA D OESTE;15;6;Deputado Federal;12;PDT;Partido Democrático Trabalhista;PDT;17
2022;1;RO;RIO CRESPO;26;7;Deputado Estadual;20;PSC;Partido Social Cristão;PSC;42
2022;1;RO;CHUPINGUAIA;8;3;Governador;22;PL;Partido Liberal;PL / DC / PMB / PTB;2876
2022;1;RO;OURO PRETO DO OESTE;13;3;Governador;22;PL;Partido Liberal;PL / DC / PMB / PTB;8922
2022;1;RO;PRESIDENTE MÉDICI;3;7;Deputado Estadual;35;PMB;Partido da Mulher Brasileira;PMB;9
2022;1;RO;ROLIM DE MOURA;29;6;Deputado Federal;43;PV;Partido Verde;Federação Brasil da Esperança - FE BRASIL(PT/PC do B/PV);1
2022;1;RO;NOVA MAMORÉ;1;6;Deputado Federal;43;PV;Partido Verde;Federação Brasil da Esperança - FE BRASIL(PT/PC do B/PV);0
2022;1;RO;CEREJEIRAS;16;6;Deputado Federal;90;PROS;Partido Republicano da Ordem Social;PROS;1
2022;1;RO;VALE DO ANARI;32;6;Deputado Federal;90;PROS;Partido Republicano da Ordem Social;PROS;1
2022;1;RO;PORTO VELHO;6;6;Deputado Federal;55;PSD;Partido Social Democrático;PSD;1163
2022;1;RO;GUAJARÁ-MIRIM;1;6;Deputado Federal;70;AVANTE;AVANTE;AVANTE;1175
2022;1;RO;COLORADO DO OESTE;8;6;Deputado Federal;70;AVANTE;AVANTE;AVANTE;35
2022;1;RO;MACHADINHO D OESTE;32;7;Deputado Estadual;51;PATRIOTA;Patriota;PATRIOTA;1463
2022;1;RO;TEIXEIRÓPOLIS;13;7;Deputado Estadual;51;PATRIOTA;Patriota;PATRIOTA;150
2022;1;RO;ALTA FLORESTA D OESTE;17;6;Deputado Federal;36;AGIR;AGIR;AGIR;8
2022;1;RO;TEIXEIRÓPOLIS;13;6;Deputado Federal;36;AGIR;AGIR;AGIR;0
2022;1;RO;BURITIS;34;6;Deputado Federal;36;AGIR;AGIR;AGIR;7
2022;1;RO;CEREJEIRAS;16;6;Deputado Federal;36;AGIR;AGIR;AGIR;1
2022;1;RO;VILHENA;4;5;Senador;36;AGIR;AGIR;AGIR / PROS;118
2022;1;RO;URUPÁ;18;7;Deputado Estadual;12;PDT;Partido Democrático Trabalhista;PDT;50
2022;1;RO;PORTO VELHO;6;7;Deputado Estadual;12;PDT;Partido Democrático Trabalhista;PDT;559
2022;1;RO;PORTO VELHO;6;6;Deputado Federal;11;PP;PROGRESSISTAS;PP;739
2022;1;RO;JI-PARANÁ;30;6;Deputado Federal;11;PP;PROGRESSISTAS;PP;2855
2022;1;RO;CACAULÂNDIA;26;6;Deputado Federal;14;PTB;Partido Trabalhista Brasileiro;PTB;15
2022;1;RO;JI-PARANÁ;3;6;Deputado Federal;22;PL;Partido Liberal;PL;6898
2022;1;RO;PIMENTEIRAS DO OESTE;16;7;Deputado Estadual;45;PSDB;Partido da Social Democracia Brasileira;Federação PSDB Cidadania(PSDB/CIDADANIA);21
2022;1;RO;CUJUBIM;26;7;Deputado Estadual;45;PSDB;Partido da Social Democracia Brasileira;Federação PSDB Cidadania(PSDB/CIDADANIA);26
2022;1;RO;SÃO FELIPE D OESTE;19;7;Deputado Estadual;45;PSDB;Partido da Social Democracia Brasileira;Federação PSDB Cidadania(PSDB/CIDADANIA);49
2022;1;RO;URUPÁ;18;6;Deputado Federal;51;PATRIOTA;Patriota;PATRIOTA;2
2022;1;RO;PRIMAVERA DE RONDÔNIA;9;5;Senador;10;REPUBLICANOS;REPUBLICANOS;REPUBLICANOS / Federação PSDB Cidadania(PSDB/CIDADANIA) / UNIÃO / PSC / AVANTE / PATRIOTA / MDB;593
2022;1;RO;VALE DO ANARI;32;5;Senador;10;REPUBLICANOS;REPUBLICANOS;REPUBLICANOS / Federação PSDB Cidadania(PSDB/CIDADANIA) / UNIÃO / PSC / AVANTE / PATRIOTA / MDB;1573
2022;1;RO;VALE DO PARAÍSO;28;6;Deputado Federal;15;MDB;Movimento Democrático Brasileiro;MDB;713
2022;1;RO;OURO PRETO DO OESTE;13;6;Deputado Federal;15;MDB;Movimento Democrático Brasileiro;MDB;3820
2022;1;RO;PARECIS;19;7;Deputado Estadual;44;UNIÃO;UNIÃO BRASIL;UNIÃO;598
2022;1;RO;NOVO HORIZONTE DO OESTE;15;7;Deputado Estadual;70;AVANTE;AVANTE;AVANTE;13
2022;1;RO;PRESIDENTE MÉDICI;3;7;Deputado Estadual;70;AVANTE;AVANTE;AVANTE;102
2022;1;RO;ALTO PARAÍSO;25;7;Deputado Estadual;70;AVANTE;AVANTE;AVANTE;63
2022;1;RO;NOVA BRASILÂNDIA D OESTE;15;7;Deputado Estadual;70;AVANTE;AVANTE;AVANTE;14
2022;1;RO;GUAJARÁ-MIRIM;1;6;Deputado Federal;65;PC do B;Partido Comunista do Brasil;Federação Brasil da Esperança - FE BRASIL(PT/PC do B/PV);5
2022;1;RO;SÃO FELIPE D OESTE;19;6;Deputado Federal;10;REPUBLICANOS;REPUBLICANOS;REPUBLICANOS;137
2022;1;RO;RIO CRESPO;26;6;Deputado Federal;10;REPUBLICANOS;REPUBLICANOS;REPUBLICANOS;93
2022;1;RO;VALE DO ANARI;32;7;Deputado Estadual;33;PMN;Partido da Mobilização Nacional;PMN;26
2022;1;RO;PRESIDENTE MÉDICI;3;7;Deputado Estadual;33;PMN;Partido da Mobilização Nacional;PMN;119
2022;1;RO;GOVERNADOR JORGE TEIXEIRA;27;6;Deputado Federal;35;PMB;Partido da Mulher Brasileira;PMB;0
2022;1;RO;ALTA FLORESTA D OESTE;17;6;Deputado Federal;43;PV;Partido Verde;Federação Brasil da Esperança - FE BRASIL(PT/PC do B/PV);0
2022;1;RO;ALVORADA DO OESTE;18;6;Deputado Federal;43;PV;Partido Verde;Federação Brasil da Esperança - FE BRASIL(PT/PC do B/PV);0
2022;1;RO;THEOBROMA;27;6;Deputado Federal;43;PV;Partido Verde;Federação Brasil da Esperança - FE BRASIL(PT/PC do B/PV);0
2022;1;RO;ESPIGÃO DO OESTE;12;6;Deputado Federal;90;PROS;Partido Republicano da Ordem Social;PROS;3
2022;1;RO;CUJUBIM;26;6;Deputado Federal;90;PROS;Partido Republicano da Ordem Social;PROS;11
2022;1;RO;CASTANHEIRAS;15;5;Senador;35;PMB;Partido da Mulher Brasileira;PMB;0
2022;1;RO;JI-PARANÁ;3;5;Senador;35;PMB;Partido da Mulher Brasileira;PMB;42
2022;1;RO;CEREJEIRAS;16;5;Senador;35;PMB;Partido da Mulher Brasileira;PMB;23
2022;1;RO;PORTO VELHO;2;6;Deputado Federal;55;PSD;Partido Social Democrático;PSD;1788
2022;1;RO;URUPÁ;18;6;Deputado Federal;55;PSD;Partido Social Democrático;PSD;663
2022;1;RO;PARECIS;19;6;Deputado Federal;18;REDE;Rede Sustentabilidade;Federação PSOL REDE(PSOL/REDE);0
2022;1;RO;BURITIS;34;5;Senador;22;PL;Partido Liberal;PL / DC / PTB;6157
2022;1;RO;URUPÁ;18;5;Senador;22;PL;Partido Liberal;PL / DC / PTB;1818
2022;1;RO;ROLIM DE MOURA;29;6;Deputado Federal;20;PSC;Partido Social Cristão;PSC;1935
2022;1;RO;SÃO MIGUEL DO GUAPORÉ;35;6;Deputado Federal;20;PSC;Partido Social Cristão;PSC;782
2022;1;RO;JI-PARANÁ;30;6;Deputado Federal;20;PSC;Partido Social Cristão;PSC;3522
2022;1;RO;CACAULÂNDIA;26;6;Deputado Federal;44;UNIÃO;UNIÃO BRASIL;UNIÃO;274
2022;1;RO;OURO PRETO DO OESTE;13;7;Deputado Estadual;11;PP;PROGRESSISTAS;PP;230
2022;1;RO;CACOAL;11;7;Deputado Estadual;11;PP;PROGRESSISTAS;PP;622
2022;1;RO;BURITIS;34;7;Deputado Estadual;11;PP;PROGRESSISTAS;PP;8935
2022;1;RO;ALTO PARAÍSO;25;6;Deputado Federal;40;PSB;Partido Socialista Brasileiro;PSB;136
2022;1;RO;ESPIGÃO DO OESTE;12;6;Deputado Federal;40;PSB;Partido Socialista Brasileiro;PSB;386
2022;1;RO;CAMPO NOVO DE RONDÔNIA;34;6;Deputado Federal;40;PSB;Partido Socialista Brasileiro;PSB;333
2022;1;RO;THEOBROMA;27;6;Deputado Federal;40;PSB;Partido Socialista Brasileiro;PSB;386
2022;1;RO;NOVA MAMORÉ;1;6;Deputado Federal;40;PSB;Partido Socialista Brasileiro;PSB;261
2022;1;RO;CEREJEIRAS;16;6;Deputado Federal;77;SOLIDARIEDADE;Solidariedade;SOLIDARIEDADE;7
2022;1;RO;CACOAL;11;6;Deputado Federal;77;SOLIDARIEDADE;Solidariedade;SOLIDARIEDADE;11
2022;1;RO;TEIXEIRÓPOLIS;13;6;Deputado Federal;77;SOLIDARIEDADE;Solidariedade;SOLIDARIEDADE;1
2022;1;RO;URUPÁ;18;6;Deputado Federal;13;PT;Partido dos Trabalhadores;Federação Brasil da Esperança - FE BRASIL(PT/PC do B/PV);691
2022;1;RO;NOVA UNIÃO;28;7;Deputado Estadual;40;PSB;Partido Socialista Brasileiro;PSB;266
2022;1;RO;MACHADINHO D OESTE;32;7;Deputado Estadual;40;PSB;Partido Socialista Brasileiro;PSB;385
2022;2;RO;CACOAL;11;3;Governador;44;UNIÃO;UNIÃO BRASIL;UNIÃO / REPUBLICANOS / AVANTE / MDB / PATRIOTA / PSC / Federação PSDB Cidadania(PSDB/CIDADANIA);30355
2022;2;RO;PIMENTA BUENO;9;3;Governador;44;UNIÃO;UNIÃO BRASIL;UNIÃO / REPUBLICANOS / AVANTE / MDB / PATRIOTA / PSC / Federação PSDB Cidadania(PSDB/CIDADANIA);12289
2022;1;RO;ARIQUEMES;7;3;Governador;44;UNIÃO;UNIÃO BRASIL;UNIÃO / REPUBLICANOS / AVANTE / MDB / PATRIOTA / PSC / Federação PSDB Cidadania(PSDB/CIDADANIA);13058
2022;1;RO;SÃO FRANCISCO DO GUAPORÉ;5;3;Governador;44;UNIÃO;UNIÃO BRASIL;UNIÃO / REPUBLICANOS / AVANTE / MDB / PATRIOTA / PSC / Federação PSDB Cidadania(PSDB/CIDADANIA);3319
2022;1;RO;VALE DO PARAÍSO;28;3;Governador;44;UNIÃO;UNIÃO BRASIL;UNIÃO / REPUBLICANOS / AVANTE / MDB / PATRIOTA / PSC / Federação PSDB Cidadania(PSDB/CIDADANIA);1909
2022;1;RO;NOVA BRASILÂNDIA D OESTE;15;3;Governador;44;UNIÃO;UNIÃO BRASIL;UNIÃO / REPUBLICANOS / AVANTE / MDB / PATRIOTA / PSC / Federação PSDB Cidadania(PSDB/CIDADANIA);4079
2022;1;RO;OURO PRETO DO OESTE;13;3;Governador;77;SOLIDARIEDADE;Solidariedade;Federação Brasil da Esperança - FE BRASIL(PT/PC do B/PV) / PSB / SOLIDARIEDADE / PDT;1795
2022;1;RO;NOVA MAMORÉ;1;3;Governador;77;SOLIDARIEDADE;Solidariedade;Federação Brasil da Esperança - FE BRASIL(PT/PC do B/PV) / PSB / SOLIDARIEDADE / PDT;714
2022;2;RO;OURO PRETO DO OESTE;13;3;Governador;22;PL;Partido Liberal;PL / DC / PMB / PTB;10213
2022;2;RO;NOVA UNIÃO;28;3;Governador;22;PL;Partido Liberal;PL / DC / PMB / PTB;1980
2022;1;RO;PARECIS;19;7;Deputado Estadual;23;CIDADANIA;Cidadania;Federação PSDB Cidadania(PSDB/CIDADANIA);0
2022;1;RO;NOVA MAMORÉ;1;7;Deputado Estadual;23;CIDADANIA;Cidadania;Federação PSDB Cidadania(PSDB/CIDADANIA);0
2022;1;RO;CABIXI;8;7;Deputado Estadual;23;CIDADANIA;Cidadania;Federação PSDB Cidadania(PSDB/CIDADANIA);0
2022;1;RO;OURO PRETO DO OESTE;13;3;Governador;19;PODE;Podemos;PODE / PMN / PSD;1138
2022;1;RO;NOVA BRASILÂNDIA D OESTE;15;7;Deputado Estadual;23;CIDADANIA;Cidadania;Federação PSDB Cidadania(PSDB/CIDADANIA);0
2022;1;RO;COLORADO DO OESTE;8;5;Senador;55;PSD;Partido Social Democrático;PODE / PSD / PMN;617
2022;1;RO;NOVO HORIZONTE DO OESTE;15;5;Senador;22;PL;Partido Liberal;PL / DC / PTB;959
2022;1;RO;NOVA UNIÃO;28;5;Senador;22;PL;Partido Liberal;PL / DC / PTB;1022
2022;1;RO;SÃO FELIPE D OESTE;19;5;Senador;22;PL;Partido Liberal;PL / DC / PTB;854
2022;1;RO;CHUPINGUAIA;8;6;Deputado Federal;44;UNIÃO;UNIÃO BRASIL;UNIÃO;572
2022;1;RO;CACAULÂNDIA;26;7;Deputado Estadual;11;PP;PROGRESSISTAS;PP;45
2022;1;RO;ROLIM DE MOURA;29;7;Deputado Estadual;50;PSOL;Partido Socialismo e Liberdade;Federação PSOL REDE(PSOL/REDE);2
2022;1;RO;RIO CRESPO;26;7;Deputado Estadual;15;MDB;Movimento Democrático Brasileiro;MDB;26
2022;1;RO;ESPIGÃO DO OESTE;12;7;Deputado Estadual;15;MDB;Movimento Democrático Brasileiro;MDB;496
2022;1;RO;SANTA LUZIA D OESTE;19;6;Deputado Federal;12;PDT;Partido Democrático Trabalhista;PDT;11
2022;1;RO;MONTE NEGRO;25;6;Deputado Federal;12;PDT;Partido Democrático Trabalhista;PDT;18
2022;1;RO;JI-PARANÁ;30;7;Deputado Estadual;20;PSC;Partido Social Cristão;PSC;1419
2022;1;RO;CORUMBIARA;16;7;Deputado Estadual;20;PSC;Partido Social Cristão;PSC;203
2022;1;RO;SÃO MIGUEL DO GUAPORÉ;35;7;Deputado Estadual;20;PSC;Partido Social Cristão;PSC;544
2022;1;RO;OURO PRETO DO OESTE;13;7;Deputado Estadual;20;PSC;Partido Social Cristão;PSC;3392
2022;1;RO;JARU;10;3;Governador;22;PL;Partido Liberal;PL / DC / PMB / PTB;8270
2022;1;RO;PRESIDENTE MÉDICI;3;3;Governador;22;PL;Partido Liberal;PL / DC / PMB / PTB;4728
2022;1;RO;ALTO PARAÍSO;25;3;Governador;22;PL;Partido Liberal;PL / DC / PMB / PTB;4318
2022;1;RO;COSTA MARQUES;5;7;Deputado Estadual;35;PMB;Partido da Mulher Brasileira;PMB;0
2022;1;RO;MONTE NEGRO;25;7;Deputado Estadual;35;PMB;Partido da Mulher Brasileira;PMB;14
2022;1;RO;ESPIGÃO DO OESTE;12;7;Deputado Estadual;22;PL;Partido Liberal;PL;1156
2022;1;RO;NOVO HORIZONTE DO OESTE;15;7;Deputado Estadual;22;PL;Partido Liberal;PL;95
2022;1;RO;PIMENTEIRAS DO OESTE;16;7;Deputado Estadual;22;PL;Partido Liberal;PL;94
2022;1;RO;VALE DO ANARI;32;7;Deputado Estadual;18;REDE;Rede Sustentabilidade;Federação PSOL REDE(PSOL/REDE);0
2022;1;RO;PRESIDENTE MÉDICI;3;7;Deputado Estadual;14;PTB;Partido Trabalhista Brasileiro;PTB;117
2022;1;RO;GOVERNADOR JORGE TEIXEIRA;27;7;Deputado Estadual;14;PTB;Partido Trabalhista Brasileiro;PTB;186
2022;1;RO;ALTO ALEGRE DOS PARECIS;19;7;Deputado Estadual;14;PTB;Partido Trabalhista Brasileiro;PTB;74
2022;1;RO;CACOAL;11;7;Deputado Estadual;51;PATRIOTA;Patriota;PATRIOTA;1332
2022;1;RO;BURITIS;34;7;Deputado Estadual;51;PATRIOTA;Patriota;PATRIOTA;407
2022;1;RO;SERINGUEIRAS;35;6;Deputado Federal;36;AGIR;AGIR;AGIR;2
2022;1;RO;PORTO VELHO;2;6;Deputado Federal;36;AGIR;AGIR;AGIR;223
2022;1;RO;SÃO MIGUEL DO GUAPORÉ;35;5;Senador;36;AGIR;AGIR;AGIR / PROS;37
2022;1;RO;MIRANTE DA SERRA;28;5;Senador;36;AGIR;AGIR;AGIR / PROS;7
2022;1;RO;ALVORADA DO OESTE;18;6;Deputado Federal;14;PTB;Partido Trabalhista Brasileiro;PTB;101
2022;1;RO;MINISTRO ANDREAZZA;11;6;Deputado Federal;14;PTB;Partido Trabalhista Brasileiro;PTB;31
2022;1;RO;PORTO VELHO;2;6;Deputado Federal;14;PTB;Partido Trabalhista Brasileiro;PTB;540
2022;1;RO;ESPIGÃO DO OESTE;12;6;Deputado Federal;14;PTB;Partido Trabalhista Brasileiro;PTB;101
2022;1;RO;THEOBROMA;27;6;Deputado Federal;14;PTB;Partido Trabalhista Brasileiro;PTB;88
2022;1;RO;CEREJEIRAS;16;6;Deputado Federal;14;PTB;Partido Trabalhista Brasileiro;PTB;47
2022;1;RO;ITAPUÃ DO OESTE;2;7;Deputado Estadual;12;PDT;Partido Democrático Trabalhista;PDT;20
2022;1;RO;COSTA MARQUES;5;7;Deputado Estadual;12;PDT;Partido Democrático Trabalhista;PDT;40
2022;1;RO;CHUPINGUAIA;8;7;Deputado Estadual;12;PDT;Partido Democrático Trabalhista;PDT;12
2022;1;RO;CEREJEIRAS;16;6;Deputado Federal;11;PP;PROGRESSISTAS;PP;78
2022;1;RO;MIRANTE DA SERRA;28;6;Deputado Federal;11;PP;PROGRESSISTAS;PP;61
2022;1;RO;CAMPO NOVO DE RONDÔNIA;34;6;Deputado Federal;14;PTB;Partido Trabalhista Brasileiro;PTB;37
2022;1;RO;CACAULÂNDIA;26;6;Deputado Federal;22;PL;Partido Liberal;PL;257
2022;1;RO;CASTANHEIRAS;15;6;Deputado Federal;22;PL;Partido Liberal;PL;353
2022;1;RO;COSTA MARQUES;5;6;Deputado Federal;22;PL;Partido Liberal;PL;819
2022;1;RO;ROLIM DE MOURA;29;7;Deputado Estadual;45;PSDB;Partido da Social Democracia Brasileira;Federação PSDB Cidadania(PSDB/CIDADANIA);4000
2022;1;RO;PORTO VELHO;20;6;Deputado Federal;51;PATRIOTA;Patriota;PATRIOTA;907
2022;1;RO;PRESIDENTE MÉDICI;3;6;Deputado Federal;51;PATRIOTA;Patriota;PATRIOTA;5
2022;1;RO;THEOBROMA;27;6;Deputado Federal;51;PATRIOTA;Patriota;PATRIOTA;16
2022;1;RO;SANTA LUZIA D OESTE;19;5;Senador;10;REPUBLICANOS;REPUBLICANOS;REPUBLICANOS / Federação PSDB Cidadania(PSDB/CIDADANIA) / UNIÃO / PSC / AVANTE / PATRIOTA / MDB;1447
2022;1;RO;VILHENA;4;5;Senador;10;REPUBLICANOS;REPUBLICANOS;REPUBLICANOS / Federação PSDB Cidadania(PSDB/CIDADANIA) / UNIÃO / PSC / AVANTE / PATRIOTA / MDB;6015
2022;1;RO;CABIXI;8;5;Senador;10;REPUBLICANOS;REPUBLICANOS;REPUBLICANOS / Federação PSDB Cidadania(PSDB/CIDADANIA) / UNIÃO / PSC / AVANTE / PATRIOTA / MDB;974
2022;1;RO;ALTA FLORESTA D OESTE;17;6;Deputado Federal;15;MDB;Movimento Democrático Brasileiro;MDB;1371
2022;1;RO;THEOBROMA;27;7;Deputado Estadual;70;AVANTE;AVANTE;AVANTE;20
2022;1;RO;JARU;10;6;Deputado Federal;65;PC do B;Partido Comunista do Brasil;Federação Brasil da Esperança - FE BRASIL(PT/PC do B/PV);24
2022;1;RO;ALTO PARAÍSO;25;6;Deputado Federal;10;REPUBLICANOS;REPUBLICANOS;REPUBLICANOS;1259
2022;1;RO;PORTO VELHO;6;7;Deputado Estadual;33;PMN;Partido da Mobilização Nacional;PMN;830
2022;1;RO;CASTANHEIRAS;15;7;Deputado Estadual;33;PMN;Partido da Mobilização Nacional;PMN;102
2022;1;RO;MONTE NEGRO;25;6;Deputado Federal;35;PMB;Partido da Mulher Brasileira;PMB;0
2022;1;RO;CAMPO NOVO DE RONDÔNIA;34;6;Deputado Federal;43;PV;Partido Verde;Federação Brasil da Esperança - FE BRASIL(PT/PC do B/PV);0
2022;1;RO;CACOAL;11;6;Deputado Federal;43;PV;Partido Verde;Federação Brasil da Esperança - FE BRASIL(PT/PC do B/PV);2
2022;1;RO;SÃO MIGUEL DO GUAPORÉ;35;6;Deputado Federal;43;PV;Partido Verde;Federação Brasil da Esperança - FE BRASIL(PT/PC do B/PV);0
2022;1;RO;URUPÁ;18;6;Deputado Federal;43;PV;Partido Verde;Federação Brasil da Esperança - FE BRASIL(PT/PC do B/PV);0
2022;1;RO;PORTO VELHO;6;6;Deputado Federal;43;PV;Partido Verde;Federação Brasil da Esperança - FE BRASIL(PT/PC do B/PV);84
2022;1;RO;PORTO VELHO;2;6;Deputado Federal;90;PROS;Partido Republicano da Ordem Social;PROS;736
2022;1;RO;RIO CRESPO;26;6;Deputado Federal;90;PROS;Partido Republicano da Ordem Social;PROS;0
2022;1;RO;NOVA UNIÃO;28;5;Senador;35;PMB;Partido da Mulher Brasileira;PMB;4
2022;1;RO;PARECIS;19;7;Deputado Estadual;10;REPUBLICANOS;REPUBLICANOS;REPUBLICANOS;104
2022;1;RO;COSTA MARQUES;5;3;Governador;50;PSOL;Partido Socialismo e Liberdade;Federação PSOL REDE(PSOL/REDE);8
2022;1;RO;ITAPUÃ DO OESTE;2;6;Deputado Federal;50;PSOL;Partido Socialismo e Liberdade;Federação PSOL REDE(PSOL/REDE);0
2022;1;RO;MONTE NEGRO;25;7;Deputado Estadual;77;SOLIDARIEDADE;Solidariedade;SOLIDARIEDADE;4
2022;1;RO;URUPÁ;18;7;Deputado Estadual;13;PT;Partido dos Trabalhadores;Federação Brasil da Esperança - FE BRASIL(PT/PC do B/PV);489
2022;1;RO;RIO CRESPO;26;6;Deputado Federal;43;PV;Partido Verde;Federação Brasil da Esperança - FE BRASIL(PT/PC do B/PV);77
2022;1;RO;CANDEIAS DO JAMARI;21;6;Deputado Federal;90;PROS;Partido Republicano da Ordem Social;PROS;26
2022;1;RO;COSTA MARQUES;5;6;Deputado Federal;90;PROS;Partido Republicano da Ordem Social;PROS;0
2022;1;RO;CACOAL;11;5;Senador;35;PMB;Partido da Mulher Brasileira;PMB;131
2022;1;RO;GUAJARÁ-MIRIM;1;5;Senador;35;PMB;Partido da Mulher Brasileira;PMB;84
2022;1;RO;SÃO MIGUEL DO GUAPORÉ;35;5;Senador;35;PMB;Partido da Mulher Brasileira;PMB;26
2022;1;RO;NOVA BRASILÂNDIA D OESTE;15;6;Deputado Federal;55;PSD;Partido Social Democrático;PSD;1754
2022;1;RO;PRIMAVERA DE RONDÔNIA;9;6;Deputado Federal;55;PSD;Partido Social Democrático;PSD;214
2022;1;RO;VILHENA;4;6;Deputado Federal;55;PSD;Partido Social Democrático;PSD;11677
2022;1;RO;CANDEIAS DO JAMARI;21;6;Deputado Federal;36;AGIR;AGIR;AGIR;16
2022;1;RO;MONTE NEGRO;25;6;Deputado Federal;36;AGIR;AGIR;AGIR;7
2022;1;RO;ALTO ALEGRE DOS PARECIS;19;6;Deputado Federal;36;AGIR;AGIR;AGIR;1
2022;1;RO;OURO PRETO DO OESTE;13;6;Deputado Federal;36;AGIR;AGIR;AGIR;16
2022;1;RO;SERINGUEIRAS;35;5;Senador;36;AGIR;AGIR;AGIR / PROS;3
2022;1;RO;VALE DO PARAÍSO;28;7;Deputado Estadual;12;PDT;Partido Democrático Trabalhista;PDT;12
2022;1;RO;ROLIM DE MOURA;29;7;Deputado Estadual;12;PDT;Partido Democrático Trabalhista;PDT;181
2022;1;RO;SERINGUEIRAS;35;7;Deputado Estadual;45;PSDB;Partido da Social Democracia Brasileira;Federação PSDB Cidadania(PSDB/CIDADANIA);51
2022;1;RO;PARECIS;19;6;Deputado Federal;51;PATRIOTA;Patriota;PATRIOTA;2
2022;1;RO;CEREJEIRAS;16;5;Senador;10;REPUBLICANOS;REPUBLICANOS;REPUBLICANOS / Federação PSDB Cidadania(PSDB/CIDADANIA) / UNIÃO / PSC / AVANTE / PATRIOTA / MDB;2192
2022;1;RO;ESPIGÃO DO OESTE;12;6;Deputado Federal;15;MDB;Movimento Democrático Brasileiro;MDB;525
2022;1;RO;JI-PARANÁ;3;6;Deputado Federal;15;MDB;Movimento Democrático Brasileiro;MDB;1575
2022;1;RO;NOVA MAMORÉ;1;6;Deputado Federal;15;MDB;Movimento Democrático Brasileiro;MDB;495
2022;1;RO;PRIMAVERA DE RONDÔNIA;9;6;Deputado Federal;15;MDB;Movimento Democrático Brasileiro;MDB;352
2022;1;RO;VALE DO PARAÍSO;28;7;Deputado Estadual;44;UNIÃO;UNIÃO BRASIL;UNIÃO;218
2022;1;RO;CORUMBIARA;16;7;Deputado Estadual;44;UNIÃO;UNIÃO BRASIL;UNIÃO;1564
2022;1;RO;ALTO PARAÍSO;25;7;Deputado Estadual;44;UNIÃO;UNIÃO BRASIL;UNIÃO;416
2022;1;RO;NOVA UNIÃO;28;5;Senador;55;PSD;Partido Social Democrático;PODE / PSD / PMN;883
2022;1;RO;CANDEIAS DO JAMARI;21;5;Senador;55;PSD;Partido Social Democrático;PODE / PSD / PMN;1462
2022;1;RO;RIO CRESPO;26;7;Deputado Estadual;70;AVANTE;AVANTE;AVANTE;5
2022;1;RO;MIRANTE DA SERRA;28;7;Deputado Estadual;70;AVANTE;AVANTE;AVANTE;36
2022;1;RO;NOVA UNIÃO;28;6;Deputado Federal;65;PC do B;Partido Comunista do Brasil;Federação Brasil da Esperança - FE BRASIL(PT/PC do B/PV);93
2022;1;RO;TEIXEIRÓPOLIS;13;6;Deputado Federal;65;PC do B;Partido Comunista do Brasil;Federação Brasil da Esperança - FE BRASIL(PT/PC do B/PV);2
2022;1;RO;ALTA FLORESTA D OESTE;17;6;Deputado Federal;65;PC do B;Partido Comunista do Brasil;Federação Brasil da Esperança - FE BRASIL(PT/PC do B/PV);5
2022;1;RO;CORUMBIARA;16;6;Deputado Federal;10;REPUBLICANOS;REPUBLICANOS;REPUBLICANOS;119
2022;1;RO;MONTE NEGRO;25;6;Deputado Federal;10;REPUBLICANOS;REPUBLICANOS;REPUBLICANOS;213
2022;1;RO;MIRANTE DA SERRA;28;7;Deputado Estadual;55;PSD;Partido Social Democrático;PSD;489
2022;1;RO;ITAPUÃ DO OESTE;2;7;Deputado Estadual;33;PMN;Partido da Mobilização Nacional;PMN;42
2022;1;RO;VILHENA;4;7;Deputado Estadual;33;PMN;Partido da Mobilização Nacional;PMN;3426
2022;1;RO;NOVA MAMORÉ;1;6;Deputado Federal;35;PMB;Partido da Mulher Brasileira;PMB;0
2022;1;RO;COLORADO DO OESTE;8;6;Deputado Federal;43;PV;Partido Verde;Federação Brasil da Esperança - FE BRASIL(PT/PC do B/PV);12
2022;1;RO;PORTO VELHO;20;6;Deputado Federal;90;PROS;Partido Republicano da Ordem Social;PROS;404
2022;1;RO;URUPÁ;18;6;Deputado Federal;90;PROS;Partido Republicano da Ordem Social;PROS;1
2022;1;RO;CABIXI;8;5;Senador;35;PMB;Partido da Mulher Brasileira;PMB;1
2022;1;RO;JI-PARANÁ;30;5;Senador;35;PMB;Partido da Mulher Brasileira;PMB;119
2022;1;RO;CHUPINGUAIA;8;6;Deputado Federal;55;PSD;Partido Social Democrático;PSD;608
2022;1;RO;MACHADINHO D OESTE;32;6;Deputado Federal;55;PSD;Partido Social Democrático;PSD;393
2022;1;RO;VILHENA;4;6;Deputado Federal;70;AVANTE;AVANTE;AVANTE;152
2022;1;RO;ITAPUÃ DO OESTE;2;6;Deputado Federal;70;AVANTE;AVANTE;AVANTE;131
2022;1;RO;NOVO HORIZONTE DO OESTE;15;5;Senador;11;PP;PROGRESSISTAS;PP;615
2022;1;RO;ESPIGÃO DO OESTE;12;5;Senador;11;PP;PROGRESSISTAS;PP;1543
2022;1;RO;ITAPUÃ DO OESTE;2;5;Senador;11;PP;PROGRESSISTAS;PP;171
2022;1;RO;URUPÁ;18;5;Senador;11;PP;PROGRESSISTAS;PP;924
2022;1;RO;ROLIM DE MOURA;29;5;Senador;11;PP;PROGRESSISTAS;PP;7277
2022;1;RO;PORTO VELHO;21;7;Deputado Estadual;70;AVANTE;AVANTE;AVANTE;2648
2022;1;RO;ITAPUÃ DO OESTE;2;7;Deputado Estadual;70;AVANTE;AVANTE;AVANTE;150
2022;1;RO;CANDEIAS DO JAMARI;21;6;Deputado Federal;10;REPUBLICANOS;REPUBLICANOS;REPUBLICANOS;4807
2022;1;RO;BURITIS;34;6;Deputado Federal;10;REPUBLICANOS;REPUBLICANOS;REPUBLICANOS;481
2022;1;RO;CHUPINGUAIA;8;6;Deputado Federal;10;REPUBLICANOS;REPUBLICANOS;REPUBLICANOS;83
2022;1;RO;MINISTRO ANDREAZZA;11;6;Deputado Federal;43;PV;Partido Verde;Federação Brasil da Esperança - FE BRASIL(PT/PC do B/PV);0
2022;1;RO;TEIXEIRÓPOLIS;13;6;Deputado Federal;43;PV;Partido Verde;Federação Brasil da Esperança - FE BRASIL(PT/PC do B/PV);0
2022;1;RO;PRIMAVERA DE RONDÔNIA;9;6;Deputado Federal;90;PROS;Partido Republicano da Ordem Social;PROS;0
2022;1;RO;NOVA UNIÃO;28;6;Deputado Federal;55;PSD;Partido Social Democrático;PSD;480
2022;1;RO;NOVA UNIÃO;28;6;Deputado Federal;70;AVANTE;AVANTE;AVANTE;10
2022;1;RO;SÃO FELIPE D OESTE;19;6;Deputado Federal;70;AVANTE;AVANTE;AVANTE;19
2022;1;RO;SERINGUEIRAS;35;7;Deputado Estadual;10;REPUBLICANOS;REPUBLICANOS;REPUBLICANOS;88
2022;1;RO;NOVO HORIZONTE DO OESTE;15;7;Deputado Estadual;10;REPUBLICANOS;REPUBLICANOS;REPUBLICANOS;114
2022;1;RO;CUJUBIM;26;7;Deputado Estadual;10;REPUBLICANOS;REPUBLICANOS;REPUBLICANOS;454
2022;1;RO;ESPIGÃO DO OESTE;12;3;Governador;50;PSOL;Partido Socialismo e Liberdade;Federação PSOL REDE(PSOL/REDE);35
2022;1;RO;ROLIM DE MOURA;29;6;Deputado Federal;19;PODE;Podemos;PODE;1406
2022;1;RO;ALTO ALEGRE DOS PARECIS;19;6;Deputado Federal;19;PODE;Podemos;PODE;178
2022;1;RO;SERINGUEIRAS;35;6;Deputado Federal;50;PSOL;Partido Socialismo e Liberdade;Federação PSOL REDE(PSOL/REDE);0
2022;1;RO;CAMPO NOVO DE RONDÔNIA;34;7;Deputado Estadual;77;SOLIDARIEDADE;Solidariedade;SOLIDARIEDADE;6
2022;1;RO;CUJUBIM;26;7;Deputado Estadual;77;SOLIDARIEDADE;Solidariedade;SOLIDARIEDADE;12
2022;1;RO;CACAULÂNDIA;26;7;Deputado Estadual;19;PODE;Podemos;PODE;75
2022;1;RO;GOVERNADOR JORGE TEIXEIRA;27;7;Deputado Estadual;19;PODE;Podemos;PODE;837
2022;1;RO;COLORADO DO OESTE;8;7;Deputado Estadual;18;REDE;Rede Sustentabilidade;Federação PSOL REDE(PSOL/REDE);0
2022;1;RO;NOVO HORIZONTE DO OESTE;15;7;Deputado Estadual;13;PT;Partido dos Trabalhadores;Federação Brasil da Esperança - FE BRASIL(PT/PC do B/PV);196
2022;1;RO;ALTO ALEGRE DOS PARECIS;19;7;Deputado Estadual;13;PT;Partido dos Trabalhadores;Federação Brasil da Esperança - FE BRASIL(PT/PC do B/PV);621
2022;1;RO;SÃO MIGUEL DO GUAPORÉ;35;7;Deputado Estadual;65;PC do B;Partido Comunista do Brasil;Federação Brasil da Esperança - FE BRASIL(PT/PC do B/PV);0
2022;1;RO;PARECIS;19;7;Deputado Estadual;43;PV;Partido Verde;Federação Brasil da Esperança - FE BRASIL(PT/PC do B/PV);0
2022;1;RO;ALTA FLORESTA D OESTE;17;7;Deputado Estadual;43;PV;Partido Verde;Federação Brasil da Esperança - FE BRASIL(PT/PC do B/PV);2
2022;1;RO;NOVA UNIÃO;28;7;Deputado Estadual;55;PSD;Partido Social Democrático;PSD;1080
2022;1;RO;NOVO HORIZONTE DO OESTE;15;7;Deputado Estadual;55;PSD;Partido Social Democrático;PSD;395
2022;1;RO;PIMENTEIRAS DO OESTE;16;7;Deputado Estadual;36;AGIR;AGIR;AGIR;0
2022;1;RO;VALE DO PARAÍSO;28;7;Deputado Estadual;36;AGIR;AGIR;AGIR;3
2022;1;RO;PORTO VELHO;20;6;Deputado Federal;40;PSB;Partido Socialista Brasileiro;PSB;5071
2022;1;RO;SÃO FRANCISCO DO GUAPORÉ;5;6;Deputado Federal;40;PSB;Partido Socialista Brasileiro;PSB;148
2022;1;RO;SÃO FRANCISCO DO GUAPORÉ;5;7;Deputado Estadual;40;PSB;Partido Socialista Brasileiro;PSB;1071
2022;1;RO;URUPÁ;18;7;Deputado Estadual;40;PSB;Partido Socialista Brasileiro;PSB;693
2022;1;RO;SERINGUEIRAS;35;6;Deputado Federal;13;PT;Partido dos Trabalhadores;Federação Brasil da Esperança - FE BRASIL(PT/PC do B/PV);456
2022;1;RO;PIMENTEIRAS DO OESTE;16;6;Deputado Federal;18;REDE;Rede Sustentabilidade;Federação PSOL REDE(PSOL/REDE);0
2022;2;RO;RIO CRESPO;26;3;Governador;44;UNIÃO;UNIÃO BRASIL;UNIÃO / REPUBLICANOS / AVANTE / MDB / PATRIOTA / PSC / Federação PSDB Cidadania(PSDB/CIDADANIA);678
2022;2;RO;MINISTRO ANDREAZZA;11;3;Governador;44;UNIÃO;UNIÃO BRASIL;UNIÃO / REPUBLICANOS / AVANTE / MDB / PATRIOTA / PSC / Federação PSDB Cidadania(PSDB/CIDADANIA);2902
2022;2;RO;SÃO MIGUEL DO GUAPORÉ;35;3;Governador;44;UNIÃO;UNIÃO BRASIL;UNIÃO / REPUBLICANOS / AVANTE / MDB / PATRIOTA / PSC / Federação PSDB Cidadania(PSDB/CIDADANIA);7239
2022;1;RO;COLORADO DO OESTE;8;3;Governador;44;UNIÃO;UNIÃO BRASIL;UNIÃO / REPUBLICANOS / AVANTE / MDB / PATRIOTA / PSC / Federação PSDB Cidadania(PSDB/CIDADANIA);3629
2022;1;RO;MIRANTE DA SERRA;28;5;Senador;12;PDT;Partido Democrático Trabalhista;Federação Brasil da Esperança - FE BRASIL(PT/PC do B/PV) / PDT / PSB / SOLIDARIEDADE;0
2022;1;RO;PORTO VELHO;2;3;Governador;77;SOLIDARIEDADE;Solidariedade;Federação Brasil da Esperança - FE BRASIL(PT/PC do B/PV) / PSB / SOLIDARIEDADE / PDT;9295
2022;1;RO;GOVERNADOR JORGE TEIXEIRA;27;3;Governador;77;SOLIDARIEDADE;Solidariedade;Federação Brasil da Esperança - FE BRASIL(PT/PC do B/PV) / PSB / SOLIDARIEDADE / PDT;456
2022;1;RO;CAMPO NOVO DE RONDÔNIA;34;6;Deputado Federal;13;PT;Partido dos Trabalhadores;Federação Brasil da Esperança - FE BRASIL(PT/PC do B/PV);282
2022;1;RO;MIRANTE DA SERRA;28;5;Senador;11;PP;PROGRESSISTAS;PP;592
2022;1;RO;CHUPINGUAIA;8;5;Senador;11;PP;PROGRESSISTAS;PP;1394
2022;1;RO;JI-PARANÁ;3;5;Senador;11;PP;PROGRESSISTAS;PP;2170
2022;1;RO;SANTA LUZIA D OESTE;19;7;Deputado Estadual;13;PT;Partido dos Trabalhadores;Federação Brasil da Esperança - FE BRASIL(PT/PC do B/PV);167
2022;1;RO;ALTO PARAÍSO;25;7;Deputado Estadual;65;PC do B;Partido Comunista do Brasil;Federação Brasil da Esperança - FE BRASIL(PT/PC do B/PV);2
2022;1;RO;PORTO VELHO;21;7;Deputado Estadual;65;PC do B;Partido Comunista do Brasil;Federação Brasil da Esperança - FE BRASIL(PT/PC do B/PV);58
2022;1;RO;RIO CRESPO;26;7;Deputado Estadual;43;PV;Partido Verde;Federação Brasil da Esperança - FE BRASIL(PT/PC do B/PV);0
2022;1;RO;MACHADINHO D OESTE;32;7;Deputado Estadual;43;PV;Partido Verde;Federação Brasil da Esperança - FE BRASIL(PT/PC do B/PV);2
2022;1;RO;CORUMBIARA;16;7;Deputado Estadual;43;PV;Partido Verde;Federação Brasil da Esperança - FE BRASIL(PT/PC do B/PV);0
2022;1;RO;OURO PRETO DO OESTE;13;7;Deputado Estadual;43;PV;Partido Verde;Federação Brasil da Esperança - FE BRASIL(PT/PC do B/PV);4
2022;1;RO;JI-PARANÁ;3;6;Deputado Federal;40;PSB;Partido Socialista Brasileiro;PSB;420
2022;1;RO;CHUPINGUAIA;8;6;Deputado Federal;77;SOLIDARIEDADE;Solidariedade;SOLIDARIEDADE;14
2022;1;RO;CAMPO NOVO DE RONDÔNIA;34;6;Deputado Federal;18;REDE;Rede Sustentabilidade;Federação PSOL REDE(PSOL/REDE);0
2022;1;RO;ALTO ALEGRE DOS PARECIS;19;7;Deputado Estadual;18;REDE;Rede Sustentabilidade;Federação PSOL REDE(PSOL/REDE);6
2022;1;RO;CHUPINGUAIA;8;7;Deputado Estadual;18;REDE;Rede Sustentabilidade;Federação PSOL REDE(PSOL/REDE);2
2022;2;RO;CAMPO NOVO DE RONDÔNIA;34;3;Governador;44;UNIÃO;UNIÃO BRASIL;UNIÃO / REPUBLICANOS / AVANTE / MDB / PATRIOTA / PSC / Federação PSDB Cidadania(PSDB/CIDADANIA);2057
2022;2;RO;JI-PARANÁ;3;3;Governador;44;UNIÃO;UNIÃO BRASIL;UNIÃO / REPUBLICANOS / AVANTE / MDB / PATRIOTA / PSC / Federação PSDB Cidadania(PSDB/CIDADANIA);10794
2022;1;RO;CANDEIAS DO JAMARI;21;3;Governador;44;UNIÃO;UNIÃO BRASIL;UNIÃO / REPUBLICANOS / AVANTE / MDB / PATRIOTA / PSC / Federação PSDB Cidadania(PSDB/CIDADANIA);4838
2022;1;RO;MONTE NEGRO;25;5;Senador;12;PDT;Partido Democrático Trabalhista;Federação Brasil da Esperança - FE BRASIL(PT/PC do B/PV) / PDT / PSB / SOLIDARIEDADE;0
2022;1;RO;ALTO PARAÍSO;25;5;Senador;12;PDT;Partido Democrático Trabalhista;Federação Brasil da Esperança - FE BRASIL(PT/PC do B/PV) / PDT / PSB / SOLIDARIEDADE;0
2022;1;RO;JI-PARANÁ;30;3;Governador;77;SOLIDARIEDADE;Solidariedade;Federação Brasil da Esperança - FE BRASIL(PT/PC do B/PV) / PSB / SOLIDARIEDADE / PDT;3498
2022;1;RO;COLORADO DO OESTE;8;3;Governador;77;SOLIDARIEDADE;Solidariedade;Federação Brasil da Esperança - FE BRASIL(PT/PC do B/PV) / PSB / SOLIDARIEDADE / PDT;899
2022;1;RO;NOVA MAMORÉ;1;5;Senador;11;PP;PROGRESSISTAS;PP;1215
2022;1;RO;GOVERNADOR JORGE TEIXEIRA;27;5;Senador;11;PP;PROGRESSISTAS;PP;1442
2022;1;RO;CAMPO NOVO DE RONDÔNIA;34;5;Senador;11;PP;PROGRESSISTAS;PP;1004
2022;1;RO;RIO CRESPO;26;5;Senador;11;PP;PROGRESSISTAS;PP;245
2022;1;RO;PARECIS;19;6;Deputado Federal;13;PT;Partido dos Trabalhadores;Federação Brasil da Esperança - FE BRASIL(PT/PC do B/PV);77
2022;1;RO;PIMENTA BUENO;9;6;Deputado Federal;13;PT;Partido dos Trabalhadores;Federação Brasil da Esperança - FE BRASIL(PT/PC do B/PV);1070
2022;1;RO;ESPIGÃO DO OESTE;12;6;Deputado Federal;13;PT;Partido dos Trabalhadores;Federação Brasil da Esperança - FE BRASIL(PT/PC do B/PV);553
2022;1;RO;VILHENA;4;7;Deputado Estadual;22;PL;Partido Liberal;PL;3126
2022;1;RO;GUAJARÁ-MIRIM;1;7;Deputado Estadual;22;PL;Partido Liberal;PL;767
2022;1;RO;NOVA UNIÃO;28;7;Deputado Estadual;22;PL;Partido Liberal;PL;121
2022;1;RO;CUJUBIM;26;7;Deputado Estadual;14;PTB;Partido Trabalhista Brasileiro;PTB;4358
2022;1;RO;NOVO HORIZONTE DO OESTE;15;7;Deputado Estadual;14;PTB;Partido Trabalhista Brasileiro;PTB;51
2022;1;RO;CANDEIAS DO JAMARI;21;7;Deputado Estadual;14;PTB;Partido Trabalhista Brasileiro;PTB;324
2022;1;RO;JARU;10;7;Deputado Estadual;14;PTB;Partido Trabalhista Brasileiro;PTB;442
2022;1;RO;ROLIM DE MOURA;29;7;Deputado Estadual;14;PTB;Partido Trabalhista Brasileiro;PTB;1422
2022;1;RO;MINISTRO ANDREAZZA;11;5;Senador;36;AGIR;AGIR;AGIR / PROS;7
2022;1;RO;ALTO ALEGRE DOS PARECIS;19;5;Senador;36;AGIR;AGIR;AGIR / PROS;5
2022;1;RO;GOVERNADOR JORGE TEIXEIRA;27;6;Deputado Federal;11;PP;PROGRESSISTAS;PP;127
2022;1;RO;PRESIDENTE MÉDICI;3;6;Deputado Federal;22;PL;Partido Liberal;PL;4445
2022;1;RO;ITAPUÃ DO OESTE;2;6;Deputado Federal;22;PL;Partido Liberal;PL;491
2022;1;RO;PORTO VELHO;6;7;Deputado Estadual;45;PSDB;Partido da Social Democracia Brasileira;Federação PSDB Cidadania(PSDB/CIDADANIA);2616
2022;1;RO;JI-PARANÁ;30;7;Deputado Estadual;45;PSDB;Partido da Social Democracia Brasileira;Federação PSDB Cidadania(PSDB/CIDADANIA);1123
2022;1;RO;CACOAL;11;5;Senador;10;REPUBLICANOS;REPUBLICANOS;REPUBLICANOS / Federação PSDB Cidadania(PSDB/CIDADANIA) / UNIÃO / PSC / AVANTE / PATRIOTA / MDB;8102
2022;1;RO;CACAULÂNDIA;26;6;Deputado Federal;15;MDB;Movimento Democrático Brasileiro;MDB;1060
2022;1;RO;CAMPO NOVO DE RONDÔNIA;34;6;Deputado Federal;15;MDB;Movimento Democrático Brasileiro;MDB;1411
2022;1;RO;ITAPUÃ DO OESTE;2;6;Deputado Federal;15;MDB;Movimento Democrático Brasileiro;MDB;417
2022;1;RO;ROLIM DE MOURA;29;6;Deputado Federal;15;MDB;Movimento Democrático Brasileiro;MDB;1228
2022;1;RO;JI-PARANÁ;30;7;Deputado Estadual;44;UNIÃO;UNIÃO BRASIL;UNIÃO;1868
2022;1;RO;PRIMAVERA DE RONDÔNIA;9;7;Deputado Estadual;44;UNIÃO;UNIÃO BRASIL;UNIÃO;236
2022;1;RO;SERINGUEIRAS;35;7;Deputado Estadual;70;AVANTE;AVANTE;AVANTE;35
2022;1;RO;CACOAL;11;7;Deputado Estadual;10;REPUBLICANOS;REPUBLICANOS;REPUBLICANOS;1096
2022;1;RO;SERINGUEIRAS;35;6;Deputado Federal;19;PODE;Podemos;PODE;374
2022;1;RO;VALE DO PARAÍSO;28;6;Deputado Federal;19;PODE;Podemos;PODE;26
2022;1;RO;PARECIS;19;6;Deputado Federal;50;PSOL;Partido Socialismo e Liberdade;Federação PSOL REDE(PSOL/REDE);0
2022;1;RO;SÃO FRANCISCO DO GUAPORÉ;5;6;Deputado Federal;50;PSOL;Partido Socialismo e Liberdade;Federação PSOL REDE(PSOL/REDE);0
2022;1;RO;VALE DO ANARI;32;6;Deputado Federal;50;PSOL;Partido Socialismo e Liberdade;Federação PSOL REDE(PSOL/REDE);0
2022;1;RO;MINISTRO ANDREAZZA;11;7;Deputado Estadual;77;SOLIDARIEDADE;Solidariedade;SOLIDARIEDADE;2
2022;1;RO;URUPÁ;18;7;Deputado Estadual;19;PODE;Podemos;PODE;216
2022;1;RO;CEREJEIRAS;16;7;Deputado Estadual;13;PT;Partido dos Trabalhadores;Federação Brasil da Esperança - FE BRASIL(PT/PC do B/PV);177
2022;1;RO;RIO CRESPO;26;7;Deputado Estadual;65;PC do B;Partido Comunista do Brasil;Federação Brasil da Esperança - FE BRASIL(PT/PC do B/PV);0
2022;1;RO;PORTO VELHO;21;7;Deputado Estadual;43;PV;Partido Verde;Federação Brasil da Esperança - FE BRASIL(PT/PC do B/PV);108
2022;1;RO;SÃO MIGUEL DO GUAPORÉ;35;7;Deputado Estadual;43;PV;Partido Verde;Federação Brasil da Esperança - FE BRASIL(PT/PC do B/PV);0
2022;1;RO;ESPIGÃO DO OESTE;12;7;Deputado Estadual;43;PV;Partido Verde;Federação Brasil da Esperança - FE BRASIL(PT/PC do B/PV);0
2022;1;RO;JI-PARANÁ;3;7;Deputado Estadual;36;AGIR;AGIR;AGIR;126
2022;1;RO;ROLIM DE MOURA;29;6;Deputado Federal;40;PSB;Partido Socialista Brasileiro;PSB;517
2022;1;RO;ALVORADA DO OESTE;18;6;Deputado Federal;40;PSB;Partido Socialista Brasileiro;PSB;482
2022;1;RO;CANDEIAS DO JAMARI;21;6;Deputado Federal;40;PSB;Partido Socialista Brasileiro;PSB;352
2022;1;RO;COSTA MARQUES;5;6;Deputado Federal;40;PSB;Partido Socialista Brasileiro;PSB;106
2022;2;RO;PRIMAVERA DE RONDÔNIA;9;3;Governador;44;UNIÃO;UNIÃO BRASIL;UNIÃO / REPUBLICANOS / AVANTE / MDB / PATRIOTA / PSC / Federação PSDB Cidadania(PSDB/CIDADANIA);956
2022;2;RO;CASTANHEIRAS;15;3;Governador;44;UNIÃO;UNIÃO BRASIL;UNIÃO / REPUBLICANOS / AVANTE / MDB / PATRIOTA / PSC / Federação PSDB Cidadania(PSDB/CIDADANIA);948
2022;1;RO;MIRANTE DA SERRA;28;7;Deputado Estadual;40;PSB;Partido Socialista Brasileiro;PSB;217
2022;1;RO;JI-PARANÁ;30;7;Deputado Estadual;40;PSB;Partido Socialista Brasileiro;PSB;900
2022;1;RO;THEOBROMA;27;5;Senador;12;PDT;Partido Democrático Trabalhista;Federação Brasil da Esperança - FE BRASIL(PT/PC do B/PV) / PDT / PSB / SOLIDARIEDADE;0
2022;1;RO;SÃO FRANCISCO DO GUAPORÉ;5;7;Deputado Estadual;23;CIDADANIA;Cidadania;Federação PSDB Cidadania(PSDB/CIDADANIA);0
2022;1;RO;SÃO FRANCISCO DO GUAPORÉ;5;3;Governador;77;SOLIDARIEDADE;Solidariedade;Federação Brasil da Esperança - FE BRASIL(PT/PC do B/PV) / PSB / SOLIDARIEDADE / PDT;691
2022;1;RO;MINISTRO ANDREAZZA;11;3;Governador;77;SOLIDARIEDADE;Solidariedade;Federação Brasil da Esperança - FE BRASIL(PT/PC do B/PV) / PSB / SOLIDARIEDADE / PDT;514
2022;1;RO;ITAPUÃ DO OESTE;2;7;Deputado Estadual;40;PSB;Partido Socialista Brasileiro;PSB;325
2022;1;RO;SANTA LUZIA D OESTE;19;7;Deputado Estadual;40;PSB;Partido Socialista Brasileiro;PSB;346
2022;1;RO;THEOBROMA;27;7;Deputado Estadual;40;PSB;Partido Socialista Brasileiro;PSB;520
2022;1;RO;RIO CRESPO;26;6;Deputado Federal;13;PT;Partido dos Trabalhadores;Federação Brasil da Esperança - FE BRASIL(PT/PC do B/PV);72
2022;1;RO;NOVA MAMORÉ;1;3;Governador;44;UNIÃO;UNIÃO BRASIL;UNIÃO / REPUBLICANOS / AVANTE / MDB / PATRIOTA / PSC / Federação PSDB Cidadania(PSDB/CIDADANIA);2346
2022;1;RO;PORTO VELHO;21;3;Governador;44;UNIÃO;UNIÃO BRASIL;UNIÃO / REPUBLICANOS / AVANTE / MDB / PATRIOTA / PSC / Federação PSDB Cidadania(PSDB/CIDADANIA);20710
2022;1;RO;BURITIS;34;3;Governador;44;UNIÃO;UNIÃO BRASIL;UNIÃO / REPUBLICANOS / AVANTE / MDB / PATRIOTA / PSC / Federação PSDB Cidadania(PSDB/CIDADANIA);4482
2022;1;RO;MONTE NEGRO;25;7;Deputado Estadual;23;CIDADANIA;Cidadania;Federação PSDB Cidadania(PSDB/CIDADANIA);0
2022;1;RO;JARU;10;7;Deputado Estadual;23;CIDADANIA;Cidadania;Federação PSDB Cidadania(PSDB/CIDADANIA);0
2022;1;RO;ALTO PARAÍSO;25;7;Deputado Estadual;23;CIDADANIA;Cidadania;Federação PSDB Cidadania(PSDB/CIDADANIA);0
2022;1;RO;VALE DO ANARI;32;5;Senador;12;PDT;Partido Democrático Trabalhista;Federação Brasil da Esperança - FE BRASIL(PT/PC do B/PV) / PDT / PSB / SOLIDARIEDADE;0
2022;1;RO;COLORADO DO OESTE;8;5;Senador;12;PDT;Partido Democrático Trabalhista;Federação Brasil da Esperança - FE BRASIL(PT/PC do B/PV) / PDT / PSB / SOLIDARIEDADE;0
2022;1;RO;SÃO MIGUEL DO GUAPORÉ;35;5;Senador;12;PDT;Partido Democrático Trabalhista;Federação Brasil da Esperança - FE BRASIL(PT/PC do B/PV) / PDT / PSB / SOLIDARIEDADE;0
2022;1;RO;NOVO HORIZONTE DO OESTE;15;3;Governador;77;SOLIDARIEDADE;Solidariedade;Federação Brasil da Esperança - FE BRASIL(PT/PC do B/PV) / PSB / SOLIDARIEDADE / PDT;528
2022;1;RO;PORTO VELHO;20;6;Deputado Federal;13;PT;Partido dos Trabalhadores;Federação Brasil da Esperança - FE BRASIL(PT/PC do B/PV);2525
2022;1;RO;GOVERNADOR JORGE TEIXEIRA;27;6;Deputado Federal;13;PT;Partido dos Trabalhadores;Federação Brasil da Esperança - FE BRASIL(PT/PC do B/PV);266
2022;1;RO;COLORADO DO OESTE;8;5;Senador;11;PP;PROGRESSISTAS;PP;525
2022;1;RO;ALTA FLORESTA D OESTE;17;7;Deputado Estadual;13;PT;Partido dos Trabalhadores;Federação Brasil da Esperança - FE BRASIL(PT/PC do B/PV);738
2022;1;RO;PIMENTA BUENO;9;7;Deputado Estadual;13;PT;Partido dos Trabalhadores;Federação Brasil da Esperança - FE BRASIL(PT/PC do B/PV);884
2022;1;RO;GOVERNADOR JORGE TEIXEIRA;27;6;Deputado Federal;20;PSC;Partido Social Cristão;PSC;537
2022;1;RO;OURO PRETO DO OESTE;13;6;Deputado Federal;44;UNIÃO;UNIÃO BRASIL;UNIÃO;5454
2022;1;RO;SÃO MIGUEL DO GUAPORÉ;35;7;Deputado Estadual;50;PSOL;Partido Socialismo e Liberdade;Federação PSOL REDE(PSOL/REDE);2
2022;1;RO;SÃO FRANCISCO DO GUAPORÉ;5;7;Deputado Estadual;50;PSOL;Partido Socialismo e Liberdade;Federação PSOL REDE(PSOL/REDE);0
2022;1;RO;CUJUBIM;26;7;Deputado Estadual;50;PSOL;Partido Socialismo e Liberdade;Federação PSOL REDE(PSOL/REDE);1
2022;1;RO;MINISTRO ANDREAZZA;11;7;Deputado Estadual;15;MDB;Movimento Democrático Brasileiro;MDB;286
2022;1;RO;CACAULÂNDIA;26;7;Deputado Estadual;20;PSC;Partido Social Cristão;PSC;125
2022;1;RO;VALE DO ANARI;32;7;Deputado Estadual;35;PMB;Partido da Mulher Brasileira;PMB;3
2022;1;RO;JARU;10;7;Deputado Estadual;35;PMB;Partido da Mulher Brasileira;PMB;31
2022;1;RO;CACAULÂNDIA;26;7;Deputado Estadual;35;PMB;Partido da Mulher Brasileira;PMB;18
2022;1;RO;CANDEIAS DO JAMARI;21;7;Deputado Estadual;51;PATRIOTA;Patriota;PATRIOTA;1269
2022;1;RO;SÃO FRANCISCO DO GUAPORÉ;5;3;Governador;22;PL;Partido Liberal;PL / DC / PMB / PTB;3875
2022;1;RO;ALTA FLORESTA D OESTE;17;3;Governador;22;PL;Partido Liberal;PL / DC / PMB / PTB;2781
2022;1;RO;MIRANTE DA SERRA;28;7;Deputado Estadual;22;PL;Partido Liberal;PL;177
2022;1;RO;PORTO VELHO;2;7;Deputado Estadual;22;PL;Partido Liberal;PL;6192
2022;1;RO;SÃO FELIPE D OESTE;19;7;Deputado Estadual;22;PL;Partido Liberal;PL;426
2022;1;RO;MONTE NEGRO;25;7;Deputado Estadual;14;PTB;Partido Trabalhista Brasileiro;PTB;1590
2022;1;RO;COSTA MARQUES;5;7;Deputado Estadual;14;PTB;Partido Trabalhista Brasileiro;PTB;44
2022;1;RO;PORTO VELHO;6;6;Deputado Federal;36;AGIR;AGIR;AGIR;237
2022;1;RO;NOVA UNIÃO;28;5;Senador;36;AGIR;AGIR;AGIR / PROS;11
2022;1;RO;PIMENTA BUENO;9;5;Senador;36;AGIR;AGIR;AGIR / PROS;55
2022;1;RO;PORTO VELHO;20;7;Deputado Estadual;12;PDT;Partido Democrático Trabalhista;PDT;434
2022;1;RO;JI-PARANÁ;30;7;Deputado Estadual;12;PDT;Partido Democrático Trabalhista;PDT;1306
2022;1;RO;JARU;10;7;Deputado Estadual;12;PDT;Partido Democrático Trabalhista;PDT;138
2022;1;RO;NOVA UNIÃO;28;6;Deputado Federal;14;PTB;Partido Trabalhista Brasileiro;PTB;146
2022;1;RO;JI-PARANÁ;30;6;Deputado Federal;14;PTB;Partido Trabalhista Brasileiro;PTB;1528
2022;1;RO;CABIXI;8;6;Deputado Federal;14;PTB;Partido Trabalhista Brasileiro;PTB;7
2022;1;RO;MONTE NEGRO;25;6;Deputado Federal;14;PTB;Partido Trabalhista Brasileiro;PTB;40
2022;1;RO;CABIXI;8;6;Deputado Federal;22;PL;Partido Liberal;PL;898
2022;1;RO;VILHENA;4;6;Deputado Federal;22;PL;Partido Liberal;PL;4027
2022;1;RO;TEIXEIRÓPOLIS;13;6;Deputado Federal;22;PL;Partido Liberal;PL;438
2022;1;RO;ALTA FLORESTA D OESTE;17;7;Deputado Estadual;45;PSDB;Partido da Social Democracia Brasileira;Federação PSDB Cidadania(PSDB/CIDADANIA);639
2022;1;RO;PIMENTA BUENO;9;7;Deputado Estadual;45;PSDB;Partido da Social Democracia Brasileira;Federação PSDB Cidadania(PSDB/CIDADANIA);110
2022;1;RO;ITAPUÃ DO OESTE;2;7;Deputado Estadual;45;PSDB;Partido da Social Democracia Brasileira;Federação PSDB Cidadania(PSDB/CIDADANIA);84
2022;1;RO;PIMENTEIRAS DO OESTE;16;6;Deputado Federal;51;PATRIOTA;Patriota;PATRIOTA;0
2022;1;RO;SERINGUEIRAS;35;6;Deputado Federal;51;PATRIOTA;Patriota;PATRIOTA;3
2022;1;RO;BURITIS;34;5;Senador;10;REPUBLICANOS;REPUBLICANOS;REPUBLICANOS / Federação PSDB Cidadania(PSDB/CIDADANIA) / UNIÃO / PSC / AVANTE / PATRIOTA / MDB;4003
2022;1;RO;ALVORADA DO OESTE;18;5;Senador;10;REPUBLICANOS;REPUBLICANOS;REPUBLICANOS / Federação PSDB Cidadania(PSDB/CIDADANIA) / UNIÃO / PSC / AVANTE / PATRIOTA / MDB;2528
2022;1;RO;SÃO FRANCISCO DO GUAPORÉ;5;7;Deputado Estadual;44;UNIÃO;UNIÃO BRASIL;UNIÃO;4434
2022;1;RO;JI-PARANÁ;3;7;Deputado Estadual;44;UNIÃO;UNIÃO BRASIL;UNIÃO;803
2022;1;RO;JI-PARANÁ;3;7;Deputado Estadual;70;AVANTE;AVANTE;AVANTE;374
2022;1;RO;MACHADINHO D OESTE;32;6;Deputado Federal;65;PC do B;Partido Comunista do Brasil;Federação Brasil da Esperança - FE BRASIL(PT/PC do B/PV);11
2022;1;RO;PRESIDENTE MÉDICI;3;6;Deputado Federal;65;PC do B;Partido Comunista do Brasil;Federação Brasil da Esperança - FE BRASIL(PT/PC do B/PV);18
2022;1;RO;GOVERNADOR JORGE TEIXEIRA;27;6;Deputado Federal;10;REPUBLICANOS;REPUBLICANOS;REPUBLICANOS;99
2022;1;RO;NOVO HORIZONTE DO OESTE;15;6;Deputado Federal;10;REPUBLICANOS;REPUBLICANOS;REPUBLICANOS;164
2022;1;RO;NOVA UNIÃO;28;6;Deputado Federal;10;REPUBLICANOS;REPUBLICANOS;REPUBLICANOS;61
2022;1;RO;ALTO ALEGRE DOS PARECIS;19;6;Deputado Federal;10;REPUBLICANOS;REPUBLICANOS;REPUBLICANOS;294
2022;1;RO;NOVA UNIÃO;28;7;Deputado Estadual;33;PMN;Partido da Mobilização Nacional;PMN;0
2022;1;RO;SÃO FRANCISCO DO GUAPORÉ;5;7;Deputado Estadual;33;PMN;Partido da Mobilização Nacional;PMN;72
2022;1;RO;CUJUBIM;26;7;Deputado Estadual;33;PMN;Partido da Mobilização Nacional;PMN;41
2022;1;RO;SANTA LUZIA D OESTE;19;6;Deputado Federal;43;PV;Partido Verde;Federação Brasil da Esperança - FE BRASIL(PT/PC do B/PV);0
2022;1;RO;CORUMBIARA;16;6;Deputado Federal;43;PV;Partido Verde;Federação Brasil da Esperança - FE BRASIL(PT/PC do B/PV);7
2022;1;RO;CANDEIAS DO JAMARI;21;6;Deputado Federal;43;PV;Partido Verde;Federação Brasil da Esperança - FE BRASIL(PT/PC do B/PV);11
2022;1;RO;GOVERNADOR JORGE TEIXEIRA;27;7;Deputado Estadual;18;REDE;Rede Sustentabilidade;Federação PSOL REDE(PSOL/REDE);14
2022;1;RO;VALE DO ANARI;32;3;Governador;44;UNIÃO;UNIÃO BRASIL;UNIÃO / REPUBLICANOS / AVANTE / MDB / PATRIOTA / PSC / Federação PSDB Cidadania(PSDB/CIDADANIA);1581
2022;1;RO;ESPIGÃO DO OESTE;12;3;Governador;44;UNIÃO;UNIÃO BRASIL;UNIÃO / REPUBLICANOS / AVANTE / MDB / PATRIOTA / PSC / Federação PSDB Cidadania(PSDB/CIDADANIA);7047
2022;1;RO;URUPÁ;18;7;Deputado Estadual;23;CIDADANIA;Cidadania;Federação PSDB Cidadania(PSDB/CIDADANIA);0
2022;1;RO;ITAPUÃ DO OESTE;2;7;Deputado Estadual;23;CIDADANIA;Cidadania;Federação PSDB Cidadania(PSDB/CIDADANIA);0
2022;1;RO;OURO PRETO DO OESTE;13;7;Deputado Estadual;23;CIDADANIA;Cidadania;Federação PSDB Cidadania(PSDB/CIDADANIA);0
2022;1;RO;MACHADINHO D OESTE;32;7;Deputado Estadual;23;CIDADANIA;Cidadania;Federação PSDB Cidadania(PSDB/CIDADANIA);0
2022;1;RO;CAMPO NOVO DE RONDÔNIA;34;7;Deputado Estadual;23;CIDADANIA;Cidadania;Federação PSDB Cidadania(PSDB/CIDADANIA);0
2022;1;RO;GUAJARÁ-MIRIM;1;5;Senador;12;PDT;Partido Democrático Trabalhista;Federação Brasil da Esperança - FE BRASIL(PT/PC do B/PV) / PDT / PSB / SOLIDARIEDADE;0
2022;1;RO;ALVORADA DO OESTE;18;5;Senador;12;PDT;Partido Democrático Trabalhista;Federação Brasil da Esperança - FE BRASIL(PT/PC do B/PV) / PDT / PSB / SOLIDARIEDADE;0
2022;1;RO;TEIXEIRÓPOLIS;13;5;Senador;12;PDT;Partido Democrático Trabalhista;Federação Brasil da Esperança - FE BRASIL(PT/PC do B/PV) / PDT / PSB / SOLIDARIEDADE;0
2022;1;RO;CORUMBIARA;16;3;Governador;77;SOLIDARIEDADE;Solidariedade;Federação Brasil da Esperança - FE BRASIL(PT/PC do B/PV) / PSB / SOLIDARIEDADE / PDT;598
2022;1;RO;SÃO FELIPE D OESTE;19;6;Deputado Federal;13;PT;Partido dos Trabalhadores;Federação Brasil da Esperança - FE BRASIL(PT/PC do B/PV);257
2022;1;RO;JARU;10;5;Senador;11;PP;PROGRESSISTAS;PP;2090
2022;1;RO;CACOAL;11;5;Senador;11;PP;PROGRESSISTAS;PP;16298
2022;1;RO;CABIXI;8;5;Senador;11;PP;PROGRESSISTAS;PP;650
2022;1;RO;COLORADO DO OESTE;8;6;Deputado Federal;13;PT;Partido dos Trabalhadores;Federação Brasil da Esperança - FE BRASIL(PT/PC do B/PV);540
2022;1;RO;ROLIM DE MOURA;29;6;Deputado Federal;13;PT;Partido dos Trabalhadores;Federação Brasil da Esperança - FE BRASIL(PT/PC do B/PV);1117
2022;1;RO;GOVERNADOR JORGE TEIXEIRA;27;3;Governador;19;PODE;Podemos;PODE / PMN / PSD;953
2022;1;RO;SÃO FRANCISCO DO GUAPORÉ;5;3;Governador;19;PODE;Podemos;PODE / PMN / PSD;809
2022;1;RO;PORTO VELHO;20;3;Governador;19;PODE;Podemos;PODE / PMN / PSD;13345
2022;1;RO;NOVO HORIZONTE DO OESTE;15;5;Senador;55;PSD;Partido Social Democrático;PODE / PSD / PMN;1172
2022;1;RO;CABIXI;8;5;Senador;55;PSD;Partido Social Democrático;PODE / PSD / PMN;220
2022;1;RO;GOVERNADOR JORGE TEIXEIRA;27;6;Deputado Federal;18;REDE;Rede Sustentabilidade;Federação PSOL REDE(PSOL/REDE);0
2022;1;RO;PORTO VELHO;21;3;Governador;22;PL;Partido Liberal;PL / DC / PMB / PTB;11998
2022;1;RO;COLORADO DO OESTE;8;3;Governador;22;PL;Partido Liberal;PL / DC / PMB / PTB;3856
2022;1;RO;MIRANTE DA SERRA;28;7;Deputado Estadual;35;PMB;Partido da Mulher Brasileira;PMB;9
2022;1;RO;CABIXI;8;7;Deputado Estadual;35;PMB;Partido da Mulher Brasileira;PMB;8
2022;1;RO;URUPÁ;18;7;Deputado Estadual;35;PMB;Partido da Mulher Brasileira;PMB;6
2022;1;RO;NOVA MAMORÉ;1;7;Deputado Estadual;22;PL;Partido Liberal;PL;436
2022;1;RO;CANDEIAS DO JAMARI;21;7;Deputado Estadual;22;PL;Partido Liberal;PL;1148
2022;1;RO;OURO PRETO DO OESTE;13;7;Deputado Estadual;22;PL;Partido Liberal;PL;1032
2022;1;RO;VALE DO PARAÍSO;28;7;Deputado Estadual;22;PL;Partido Liberal;PL;197
2022;1;RO;PORTO VELHO;21;7;Deputado Estadual;14;PTB;Partido Trabalhista Brasileiro;PTB;2253
2022;1;RO;CHUPINGUAIA;8;7;Deputado Estadual;51;PATRIOTA;Patriota;PATRIOTA;243
2022;1;RO;CAMPO NOVO DE RONDÔNIA;34;7;Deputado Estadual;51;PATRIOTA;Patriota;PATRIOTA;204
2022;1;RO;SERINGUEIRAS;35;7;Deputado Estadual;51;PATRIOTA;Patriota;PATRIOTA;412
2022;1;RO;ALTO PARAÍSO;25;6;Deputado Federal;36;AGIR;AGIR;AGIR;2
2022;1;RO;SÃO FRANCISCO DO GUAPORÉ;5;6;Deputado Federal;36;AGIR;AGIR;AGIR;1
2022;1;RO;ESPIGÃO DO OESTE;12;5;Senador;36;AGIR;AGIR;AGIR / PROS;24
2022;1;RO;OURO PRETO DO OESTE;13;7;Deputado Estadual;12;PDT;Partido Democrático Trabalhista;PDT;157
2022;1;RO;NOVA UNIÃO;28;6;Deputado Federal;11;PP;PROGRESSISTAS;PP;25
2022;1;RO;NOVO HORIZONTE DO OESTE;15;6;Deputado Federal;11;PP;PROGRESSISTAS;PP;75
2022;1;RO;SÃO FRANCISCO DO GUAPORÉ;5;6;Deputado Federal;22;PL;Partido Liberal;PL;1844
2022;1;RO;ARIQUEMES;7;6;Deputado Federal;22;PL;Partido Liberal;PL;3612
2022;1;RO;PORTO VELHO;2;7;Deputado Estadual;45;PSDB;Partido da Social Democracia Brasileira;Federação PSDB Cidadania(PSDB/CIDADANIA);4090
2022;1;RO;ARIQUEMES;7;7;Deputado Estadual;45;PSDB;Partido da Social Democracia Brasileira;Federação PSDB Cidadania(PSDB/CIDADANIA);442
2022;1;RO;NOVA BRASILÂNDIA D OESTE;15;7;Deputado Estadual;45;PSDB;Partido da Social Democracia Brasileira;Federação PSDB Cidadania(PSDB/CIDADANIA);178
2022;1;RO;VALE DO PARAÍSO;28;6;Deputado Federal;51;PATRIOTA;Patriota;PATRIOTA;4
2022;1;RO;NOVA UNIÃO;28;6;Deputado Federal;51;PATRIOTA;Patriota;PATRIOTA;1
2022;1;RO;PRIMAVERA DE RONDÔNIA;9;7;Deputado Estadual;13;PT;Partido dos Trabalhadores;Federação Brasil da Esperança - FE BRASIL(PT/PC do B/PV);59
2022;1;RO;CHUPINGUAIA;8;7;Deputado Estadual;65;PC do B;Partido Comunista do Brasil;Federação Brasil da Esperança - FE BRASIL(PT/PC do B/PV);0
2022;1;RO;VALE DO PARAÍSO;28;7;Deputado Estadual;65;PC do B;Partido Comunista do Brasil;Federação Brasil da Esperança - FE BRASIL(PT/PC do B/PV);2
2022;1;RO;THEOBROMA;27;7;Deputado Estadual;65;PC do B;Partido Comunista do Brasil;Federação Brasil da Esperança - FE BRASIL(PT/PC do B/PV);0
2022;1;RO;JARU;10;7;Deputado Estadual;65;PC do B;Partido Comunista do Brasil;Federação Brasil da Esperança - FE BRASIL(PT/PC do B/PV);3
2022;1;RO;CABIXI;8;7;Deputado Estadual;43;PV;Partido Verde;Federação Brasil da Esperança - FE BRASIL(PT/PC do B/PV);1
2022;1;RO;SERINGUEIRAS;35;7;Deputado Estadual;43;PV;Partido Verde;Federação Brasil da Esperança - FE BRASIL(PT/PC do B/PV);3
2022;1;RO;TEIXEIRÓPOLIS;13;7;Deputado Estadual;43;PV;Partido Verde;Federação Brasil da Esperança - FE BRASIL(PT/PC do B/PV);0
2022;1;RO;CACAULÂNDIA;26;7;Deputado Estadual;55;PSD;Partido Social Democrático;PSD;374
2022;1;RO;ALTO PARAÍSO;25;7;Deputado Estadual;55;PSD;Partido Social Democrático;PSD;85
2022;1;RO;CHUPINGUAIA;8;7;Deputado Estadual;36;AGIR;AGIR;AGIR;1
2022;1;RO;CABIXI;8;7;Deputado Estadual;77;SOLIDARIEDADE;Solidariedade;SOLIDARIEDADE;13
2022;1;RO;ALTA FLORESTA D OESTE;17;7;Deputado Estadual;77;SOLIDARIEDADE;Solidariedade;SOLIDARIEDADE;10
2022;1;RO;CACOAL;11;7;Deputado Estadual;19;PODE;Podemos;PODE;580
2022;1;RO;VALE DO PARAÍSO;28;7;Deputado Estadual;19;PODE;Podemos;PODE;543
2022;1;RO;COLORADO DO OESTE;8;7;Deputado Estadual;19;PODE;Podemos;PODE;466
2022;1;RO;PIMENTA BUENO;9;7;Deputado Estadual;19;PODE;Podemos;PODE;666
2022;1;RO;NOVO HORIZONTE DO OESTE;15;7;Deputado Estadual;19;PODE;Podemos;PODE;4
2022;1;RO;THEOBROMA;27;7;Deputado Estadual;13;PT;Partido dos Trabalhadores;Federação Brasil da Esperança - FE BRASIL(PT/PC do B/PV);152
2022;1;RO;GOVERNADOR JORGE TEIXEIRA;27;7;Deputado Estadual;13;PT;Partido dos Trabalhadores;Federação Brasil da Esperança - FE BRASIL(PT/PC do B/PV);115
2022;1;RO;PRIMAVERA DE RONDÔNIA;9;7;Deputado Estadual;65;PC do B;Partido Comunista do Brasil;Federação Brasil da Esperança - FE BRASIL(PT/PC do B/PV);0
2022;1;RO;ESPIGÃO DO OESTE;12;7;Deputado Estadual;65;PC do B;Partido Comunista do Brasil;Federação Brasil da Esperança - FE BRASIL(PT/PC do B/PV);0
2022;1;RO;TEIXEIRÓPOLIS;13;7;Deputado Estadual;65;PC do B;Partido Comunista do Brasil;Federação Brasil da Esperança - FE BRASIL(PT/PC do B/PV);0
2022;1;RO;BURITIS;34;7;Deputado Estadual;43;PV;Partido Verde;Federação Brasil da Esperança - FE BRASIL(PT/PC do B/PV);1
2022;1;RO;NOVA UNIÃO;28;7;Deputado Estadual;43;PV;Partido Verde;Federação Brasil da Esperança - FE BRASIL(PT/PC do B/PV);0
2022;1;RO;CEREJEIRAS;16;7;Deputado Estadual;43;PV;Partido Verde;Federação Brasil da Esperança - FE BRASIL(PT/PC do B/PV);9
2022;1;RO;MONTE NEGRO;25;7;Deputado Estadual;55;PSD;Partido Social Democrático;PSD;384
2022;1;RO;CEREJEIRAS;16;7;Deputado Estadual;36;AGIR;AGIR;AGIR;1
2022;1;RO;CHUPINGUAIA;8;6;Deputado Federal;40;PSB;Partido Socialista Brasileiro;PSB;73
2022;1;RO;NOVA BRASILÂNDIA D OESTE;15;6;Deputado Federal;40;PSB;Partido Socialista Brasileiro;PSB;241
2022;1;RO;ALTO PARAÍSO;25;6;Deputado Federal;77;SOLIDARIEDADE;Solidariedade;SOLIDARIEDADE;0
2022;1;RO;JI-PARANÁ;30;6;Deputado Federal;77;SOLIDARIEDADE;Solidariedade;SOLIDARIEDADE;104
2022;1;RO;NOVA MAMORÉ;1;6;Deputado Federal;13;PT;Partido dos Trabalhadores;Federação Brasil da Esperança - FE BRASIL(PT/PC do B/PV);399
2022;1;RO;CABIXI;8;7;Deputado Estadual;18;REDE;Rede Sustentabilidade;Federação PSOL REDE(PSOL/REDE);0
2022;1;RO;CANDEIAS DO JAMARI;21;7;Deputado Estadual;18;REDE;Rede Sustentabilidade;Federação PSOL REDE(PSOL/REDE);5
2022;1;RO;SÃO FELIPE D OESTE;19;7;Deputado Estadual;18;REDE;Rede Sustentabilidade;Federação PSOL REDE(PSOL/REDE);1
2022;1;RO;PRIMAVERA DE RONDÔNIA;9;7;Deputado Estadual;18;REDE;Rede Sustentabilidade;Federação PSOL REDE(PSOL/REDE);1
2022;1;RO;CACAULÂNDIA;26;7;Deputado Estadual;18;REDE;Rede Sustentabilidade;Federação PSOL REDE(PSOL/REDE);0
2022;1;RO;VALE DO PARAÍSO;28;7;Deputado Estadual;40;PSB;Partido Socialista Brasileiro;PSB;311
2022;1;RO;CACOAL;11;7;Deputado Estadual;40;PSB;Partido Socialista Brasileiro;PSB;879
2022;1;RO;JARU;10;7;Deputado Estadual;40;PSB;Partido Socialista Brasileiro;PSB;3500
2022;1;RO;CACAULÂNDIA;26;7;Deputado Estadual;40;PSB;Partido Socialista Brasileiro;PSB;140
2022;2;RO;NOVA UNIÃO;28;3;Governador;44;UNIÃO;UNIÃO BRASIL;UNIÃO / REPUBLICANOS / AVANTE / MDB / PATRIOTA / PSC / Federação PSDB Cidadania(PSDB/CIDADANIA);1926
2022;2;RO;PIMENTEIRAS DO OESTE;16;3;Governador;44;UNIÃO;UNIÃO BRASIL;UNIÃO / REPUBLICANOS / AVANTE / MDB / PATRIOTA / PSC / Federação PSDB Cidadania(PSDB/CIDADANIA);680
2022;2;RO;CEREJEIRAS;16;3;Governador;44;UNIÃO;UNIÃO BRASIL;UNIÃO / REPUBLICANOS / AVANTE / MDB / PATRIOTA / PSC / Federação PSDB Cidadania(PSDB/CIDADANIA);4610
2022;2;RO;PORTO VELHO;20;3;Governador;44;UNIÃO;UNIÃO BRASIL;UNIÃO / REPUBLICANOS / AVANTE / MDB / PATRIOTA / PSC / Federação PSDB Cidadania(PSDB/CIDADANIA);37556
2022;1;RO;CACAULÂNDIA;26;3;Governador;44;UNIÃO;UNIÃO BRASIL;UNIÃO / REPUBLICANOS / AVANTE / MDB / PATRIOTA / PSC / Federação PSDB Cidadania(PSDB/CIDADANIA);679
2022;2;RO;PIMENTA BUENO;9;3;Governador;22;PL;Partido Liberal;PL / DC / PMB / PTB;6969
2022;1;RO;GOVERNADOR JORGE TEIXEIRA;27;7;Deputado Estadual;23;CIDADANIA;Cidadania;Federação PSDB Cidadania(PSDB/CIDADANIA);0
2022;1;RO;CHUPINGUAIA;8;7;Deputado Estadual;10;REPUBLICANOS;REPUBLICANOS;REPUBLICANOS;422
2022;1;RO;CEREJEIRAS;16;6;Deputado Federal;40;PSB;Partido Socialista Brasileiro;PSB;395
2022;1;RO;PORTO VELHO;21;7;Deputado Estadual;23;CIDADANIA;Cidadania;Federação PSDB Cidadania(PSDB/CIDADANIA);0
2022;1;RO;PORTO VELHO;6;3;Governador;77;SOLIDARIEDADE;Solidariedade;Federação Brasil da Esperança - FE BRASIL(PT/PC do B/PV) / PSB / SOLIDARIEDADE / PDT;6482
2022;1;RO;CANDEIAS DO JAMARI;21;3;Governador;77;SOLIDARIEDADE;Solidariedade;Federação Brasil da Esperança - FE BRASIL(PT/PC do B/PV) / PSB / SOLIDARIEDADE / PDT;1528
2022;1;RO;PARECIS;19;3;Governador;77;SOLIDARIEDADE;Solidariedade;Federação Brasil da Esperança - FE BRASIL(PT/PC do B/PV) / PSB / SOLIDARIEDADE / PDT;121
2022;1;RO;JI-PARANÁ;30;7;Deputado Estadual;77;SOLIDARIEDADE;Solidariedade;SOLIDARIEDADE;32
2022;1;RO;CASTANHEIRAS;15;7;Deputado Estadual;19;PODE;Podemos;PODE;11
2022;1;RO;JI-PARANÁ;30;7;Deputado Estadual;19;PODE;Podemos;PODE;402
2022;1;RO;ESPIGÃO DO OESTE;12;7;Deputado Estadual;13;PT;Partido dos Trabalhadores;Federação Brasil da Esperança - FE BRASIL(PT/PC do B/PV);402
2022;1;RO;PORTO VELHO;21;7;Deputado Estadual;13;PT;Partido dos Trabalhadores;Federação Brasil da Esperança - FE BRASIL(PT/PC do B/PV);2327
2022;1;RO;SÃO FRANCISCO DO GUAPORÉ;5;7;Deputado Estadual;43;PV;Partido Verde;Federação Brasil da Esperança - FE BRASIL(PT/PC do B/PV);4
2022;1;RO;PORTO VELHO;6;7;Deputado Estadual;55;PSD;Partido Social Democrático;PSD;2349
2022;1;RO;PRESIDENTE MÉDICI;3;7;Deputado Estadual;55;PSD;Partido Social Democrático;PSD;2092
2022;1;RO;PRIMAVERA DE RONDÔNIA;9;7;Deputado Estadual;36;AGIR;AGIR;AGIR;0
2022;1;RO;GUAJARÁ-MIRIM;1;7;Deputado Estadual;36;AGIR;AGIR;AGIR;29
2022;1;RO;SANTA LUZIA D OESTE;19;6;Deputado Federal;77;SOLIDARIEDADE;Solidariedade;SOLIDARIEDADE;0
2022;1;RO;MIRANTE DA SERRA;28;6;Deputado Federal;77;SOLIDARIEDADE;Solidariedade;SOLIDARIEDADE;16
2022;1;RO;NOVA MAMORÉ;1;6;Deputado Federal;18;REDE;Rede Sustentabilidade;Federação PSOL REDE(PSOL/REDE);0
2022;1;RO;SÃO FRANCISCO DO GUAPORÉ;5;6;Deputado Federal;18;REDE;Rede Sustentabilidade;Federação PSOL REDE(PSOL/REDE);0
2022;1;RO;URUPÁ;18;7;Deputado Estadual;18;REDE;Rede Sustentabilidade;Federação PSOL REDE(PSOL/REDE);1
2022;1;RO;SÃO FRANCISCO DO GUAPORÉ;5;7;Deputado Estadual;18;REDE;Rede Sustentabilidade;Federação PSOL REDE(PSOL/REDE);0
2022;2;RO;NOVA BRASILÂNDIA D OESTE;15;3;Governador;44;UNIÃO;UNIÃO BRASIL;UNIÃO / REPUBLICANOS / AVANTE / MDB / PATRIOTA / PSC / Federação PSDB Cidadania(PSDB/CIDADANIA);4550
2022;1;RO;ALVORADA DO OESTE;18;7;Deputado Estadual;40;PSB;Partido Socialista Brasileiro;PSB;900
2022;1;RO;CABIXI;8;3;Governador;44;UNIÃO;UNIÃO BRASIL;UNIÃO / REPUBLICANOS / AVANTE / MDB / PATRIOTA / PSC / Federação PSDB Cidadania(PSDB/CIDADANIA);1260
2022;1;RO;CORUMBIARA;16;3;Governador;44;UNIÃO;UNIÃO BRASIL;UNIÃO / REPUBLICANOS / AVANTE / MDB / PATRIOTA / PSC / Federação PSDB Cidadania(PSDB/CIDADANIA);1805
2022;1;RO;ALTO PARAÍSO;25;3;Governador;44;UNIÃO;UNIÃO BRASIL;UNIÃO / REPUBLICANOS / AVANTE / MDB / PATRIOTA / PSC / Federação PSDB Cidadania(PSDB/CIDADANIA);1359
2022;1;RO;RIO CRESPO;26;7;Deputado Estadual;36;AGIR;AGIR;AGIR;0
2022;1;RO;MACHADINHO D OESTE;32;6;Deputado Federal;40;PSB;Partido Socialista Brasileiro;PSB;246
2022;1;RO;MINISTRO ANDREAZZA;11;6;Deputado Federal;77;SOLIDARIEDADE;Solidariedade;SOLIDARIEDADE;1
2022;1;RO;RIO CRESPO;26;7;Deputado Estadual;40;PSB;Partido Socialista Brasileiro;PSB;49
2022;1;RO;VILHENA;4;7;Deputado Estadual;40;PSB;Partido Socialista Brasileiro;PSB;2167
2022;1;RO;SÃO MIGUEL DO GUAPORÉ;35;7;Deputado Estadual;40;PSB;Partido Socialista Brasileiro;PSB;5677
2022;1;RO;TEIXEIRÓPOLIS;13;7;Deputado Estadual;40;PSB;Partido Socialista Brasileiro;PSB;78
2022;1;RO;NOVA BRASILÂNDIA D OESTE;15;7;Deputado Estadual;40;PSB;Partido Socialista Brasileiro;PSB;1069
2022;2;RO;PORTO VELHO;6;3;Governador;44;UNIÃO;UNIÃO BRASIL;UNIÃO / REPUBLICANOS / AVANTE / MDB / PATRIOTA / PSC / Federação PSDB Cidadania(PSDB/CIDADANIA);31316
2022;2;RO;NOVA MAMORÉ;1;3;Governador;44;UNIÃO;UNIÃO BRASIL;UNIÃO / REPUBLICANOS / AVANTE / MDB / PATRIOTA / PSC / Federação PSDB Cidadania(PSDB/CIDADANIA);4089
2022;1;RO;ITAPUÃ DO OESTE;2;3;Governador;44;UNIÃO;UNIÃO BRASIL;UNIÃO / REPUBLICANOS / AVANTE / MDB / PATRIOTA / PSC / Federação PSDB Cidadania(PSDB/CIDADANIA);1227
2022;1;RO;URUPÁ;18;3;Governador;44;UNIÃO;UNIÃO BRASIL;UNIÃO / REPUBLICANOS / AVANTE / MDB / PATRIOTA / PSC / Federação PSDB Cidadania(PSDB/CIDADANIA);1954
2022;1;RO;CAMPO NOVO DE RONDÔNIA;34;3;Governador;44;UNIÃO;UNIÃO BRASIL;UNIÃO / REPUBLICANOS / AVANTE / MDB / PATRIOTA / PSC / Federação PSDB Cidadania(PSDB/CIDADANIA);999
2022;1;RO;THEOBROMA;27;3;Governador;44;UNIÃO;UNIÃO BRASIL;UNIÃO / REPUBLICANOS / AVANTE / MDB / PATRIOTA / PSC / Federação PSDB Cidadania(PSDB/CIDADANIA);1947
2022;1;RO;PIMENTA BUENO;9;3;Governador;44;UNIÃO;UNIÃO BRASIL;UNIÃO / REPUBLICANOS / AVANTE / MDB / PATRIOTA / PSC / Federação PSDB Cidadania(PSDB/CIDADANIA);8350
2022;1;RO;COLORADO DO OESTE;8;7;Deputado Estadual;23;CIDADANIA;Cidadania;Federação PSDB Cidadania(PSDB/CIDADANIA);0
2022;1;RO;ALTA FLORESTA D OESTE;17;7;Deputado Estadual;23;CIDADANIA;Cidadania;Federação PSDB Cidadania(PSDB/CIDADANIA);0
2022;1;RO;NOVA UNIÃO;28;3;Governador;77;SOLIDARIEDADE;Solidariedade;Federação Brasil da Esperança - FE BRASIL(PT/PC do B/PV) / PSB / SOLIDARIEDADE / PDT;934
2022;1;RO;PIMENTA BUENO;9;3;Governador;77;SOLIDARIEDADE;Solidariedade;Federação Brasil da Esperança - FE BRASIL(PT/PC do B/PV) / PSB / SOLIDARIEDADE / PDT;1389
2022;1;RO;URUPÁ;18;7;Deputado Estadual;33;PMN;Partido da Mobilização Nacional;PMN;16
2022;1;RO;CACOAL;11;7;Deputado Estadual;33;PMN;Partido da Mobilização Nacional;PMN;418
2022;1;RO;PORTO VELHO;21;6;Deputado Federal;35;PMB;Partido da Mulher Brasileira;PMB;11
2022;1;RO;JI-PARANÁ;3;6;Deputado Federal;35;PMB;Partido da Mulher Brasileira;PMB;0
2022;1;RO;MACHADINHO D OESTE;32;6;Deputado Federal;35;PMB;Partido da Mulher Brasileira;PMB;0
2022;1;RO;SÃO FELIPE D OESTE;19;6;Deputado Federal;43;PV;Partido Verde;Federação Brasil da Esperança - FE BRASIL(PT/PC do B/PV);0
2022;1;RO;SERINGUEIRAS;35;6;Deputado Federal;90;PROS;Partido Republicano da Ordem Social;PROS;7
2022;1;RO;GUAJARÁ-MIRIM;1;6;Deputado Federal;55;PSD;Partido Social Democrático;PSD;575
2022;1;RO;ALTA FLORESTA D OESTE;17;6;Deputado Federal;55;PSD;Partido Social Democrático;PSD;663
2022;1;RO;BURITIS;34;6;Deputado Federal;55;PSD;Partido Social Democrático;PSD;466
2022;1;RO;MONTE NEGRO;25;6;Deputado Federal;70;AVANTE;AVANTE;AVANTE;39
2022;1;RO;PORTO VELHO;21;6;Deputado Federal;70;AVANTE;AVANTE;AVANTE;3628
2022;1;RO;TEIXEIRÓPOLIS;13;6;Deputado Federal;70;AVANTE;AVANTE;AVANTE;7
2022;1;RO;MONTE NEGRO;25;7;Deputado Estadual;10;REPUBLICANOS;REPUBLICANOS;REPUBLICANOS;789
2022;1;RO;JARU;10;3;Governador;50;PSOL;Partido Socialismo e Liberdade;Federação PSOL REDE(PSOL/REDE);40
2022;1;RO;ITAPUÃ DO OESTE;2;3;Governador;50;PSOL;Partido Socialismo e Liberdade;Federação PSOL REDE(PSOL/REDE);6
2022;1;RO;NOVA UNIÃO;28;6;Deputado Federal;19;PODE;Podemos;PODE;23
2022;1;RO;VALE DO ANARI;32;6;Deputado Federal;19;PODE;Podemos;PODE;106
2022;1;RO;OURO PRETO DO OESTE;13;6;Deputado Federal;50;PSOL;Partido Socialismo e Liberdade;Federação PSOL REDE(PSOL/REDE);1
2022;1;RO;NOVA BRASILÂNDIA D OESTE;15;6;Deputado Federal;50;PSOL;Partido Socialismo e Liberdade;Federação PSOL REDE(PSOL/REDE);1
2022;1;RO;SÃO FELIPE D OESTE;19;6;Deputado Federal;50;PSOL;Partido Socialismo e Liberdade;Federação PSOL REDE(PSOL/REDE);4
2022;1;RO;NOVA MAMORÉ;1;6;Deputado Federal;50;PSOL;Partido Socialismo e Liberdade;Federação PSOL REDE(PSOL/REDE);0
2022;1;RO;CABIXI;8;6;Deputado Federal;70;AVANTE;AVANTE;AVANTE;2
2022;1;RO;MINISTRO ANDREAZZA;11;6;Deputado Federal;70;AVANTE;AVANTE;AVANTE;4
2022;1;RO;MONTE NEGRO;25;3;Governador;50;PSOL;Partido Socialismo e Liberdade;Federação PSOL REDE(PSOL/REDE);9
2022;1;RO;ALTO PARAÍSO;25;6;Deputado Federal;19;PODE;Podemos;PODE;1653
2022;1;RO;NOVA BRASILÂNDIA D OESTE;15;6;Deputado Federal;19;PODE;Podemos;PODE;438
2022;1;RO;SÃO FELIPE D OESTE;19;6;Deputado Federal;19;PODE;Podemos;PODE;274
2022;1;RO;RIO CRESPO;26;6;Deputado Federal;50;PSOL;Partido Socialismo e Liberdade;Federação PSOL REDE(PSOL/REDE);0
2022;1;RO;MINISTRO ANDREAZZA;11;6;Deputado Federal;50;PSOL;Partido Socialismo e Liberdade;Federação PSOL REDE(PSOL/REDE);2
2022;1;RO;CANDEIAS DO JAMARI;21;7;Deputado Estadual;19;PODE;Podemos;PODE;679
2022;1;RO;COSTA MARQUES;5;7;Deputado Estadual;13;PT;Partido dos Trabalhadores;Federação Brasil da Esperança - FE BRASIL(PT/PC do B/PV);155
2022;1;RO;PORTO VELHO;2;7;Deputado Estadual;65;PC do B;Partido Comunista do Brasil;Federação Brasil da Esperança - FE BRASIL(PT/PC do B/PV);88
2022;1;RO;PIMENTA BUENO;9;7;Deputado Estadual;43;PV;Partido Verde;Federação Brasil da Esperança - FE BRASIL(PT/PC do B/PV);2
2022;1;RO;GOVERNADOR JORGE TEIXEIRA;27;7;Deputado Estadual;43;PV;Partido Verde;Federação Brasil da Esperança - FE BRASIL(PT/PC do B/PV);1
2022;1;RO;ARIQUEMES;7;7;Deputado Estadual;43;PV;Partido Verde;Federação Brasil da Esperança - FE BRASIL(PT/PC do B/PV);5
2022;1;RO;PRIMAVERA DE RONDÔNIA;9;7;Deputado Estadual;43;PV;Partido Verde;Federação Brasil da Esperança - FE BRASIL(PT/PC do B/PV);0
2022;1;RO;PARECIS;19;7;Deputado Estadual;55;PSD;Partido Social Democrático;PSD;79
2022;1;RO;SERINGUEIRAS;35;7;Deputado Estadual;36;AGIR;AGIR;AGIR;8
2022;1;RO;PIMENTA BUENO;9;7;Deputado Estadual;36;AGIR;AGIR;AGIR;13
2022;1;RO;ARIQUEMES;7;6;Deputado Federal;40;PSB;Partido Socialista Brasileiro;PSB;428
2022;1;RO;VILHENA;4;6;Deputado Federal;44;UNIÃO;UNIÃO BRASIL;UNIÃO;4486
2022;1;RO;PORTO VELHO;20;6;Deputado Federal;44;UNIÃO;UNIÃO BRASIL;UNIÃO;22780
2022;1;RO;TEIXEIRÓPOLIS;13;7;Deputado Estadual;11;PP;PROGRESSISTAS;PP;92
2022;1;RO;MACHADINHO D OESTE;32;6;Deputado Federal;12;PDT;Partido Democrático Trabalhista;PDT;37
2022;1;RO;CACOAL;11;6;Deputado Federal;12;PDT;Partido Democrático Trabalhista;PDT;917
2022;1;RO;ALTO ALEGRE DOS PARECIS;19;3;Governador;22;PL;Partido Liberal;PL / DC / PMB / PTB;968
2022;1;RO;PIMENTA BUENO;9;3;Governador;22;PL;Partido Liberal;PL / DC / PMB / PTB;6565
2022;1;RO;CASTANHEIRAS;15;3;Governador;22;PL;Partido Liberal;PL / DC / PMB / PTB;698
2022;1;RO;CEREJEIRAS;16;7;Deputado Estadual;35;PMB;Partido da Mulher Brasileira;PMB;13
2022;1;RO;ARIQUEMES;7;7;Deputado Estadual;22;PL;Partido Liberal;PL;5047
2022;1;RO;ALTO PARAÍSO;25;7;Deputado Estadual;10;REPUBLICANOS;REPUBLICANOS;REPUBLICANOS;4026
2022;1;RO;CORUMBIARA;16;7;Deputado Estadual;10;REPUBLICANOS;REPUBLICANOS;REPUBLICANOS;93
2022;1;RO;PRESIDENTE MÉDICI;3;3;Governador;50;PSOL;Partido Socialismo e Liberdade;Federação PSOL REDE(PSOL/REDE);20
2022;1;RO;PRIMAVERA DE RONDÔNIA;9;3;Governador;50;PSOL;Partido Socialismo e Liberdade;Federação PSOL REDE(PSOL/REDE);0
2022;1;RO;CAMPO NOVO DE RONDÔNIA;34;6;Deputado Federal;19;PODE;Podemos;PODE;569
2022;1;RO;MACHADINHO D OESTE;32;6;Deputado Federal;50;PSOL;Partido Socialismo e Liberdade;Federação PSOL REDE(PSOL/REDE);1
2022;1;RO;CAMPO NOVO DE RONDÔNIA;34;5;Senador;35;PMB;Partido da Mulher Brasileira;PMB;9
2022;1;RO;NOVA MAMORÉ;1;6;Deputado Federal;55;PSD;Partido Social Democrático;PSD;1071
2022;1;RO;ARIQUEMES;7;6;Deputado Federal;55;PSD;Partido Social Democrático;PSD;268
2022;1;RO;JARU;10;6;Deputado Federal;55;PSD;Partido Social Democrático;PSD;1970
2022;1;RO;ALTA FLORESTA D OESTE;17;7;Deputado Estadual;10;REPUBLICANOS;REPUBLICANOS;REPUBLICANOS;392
2022;1;RO;CEREJEIRAS;16;7;Deputado Estadual;10;REPUBLICANOS;REPUBLICANOS;REPUBLICANOS;165
2022;1;RO;PIMENTEIRAS DO OESTE;16;7;Deputado Estadual;10;REPUBLICANOS;REPUBLICANOS;REPUBLICANOS;44
2022;1;RO;MIRANTE DA SERRA;28;7;Deputado Estadual;10;REPUBLICANOS;REPUBLICANOS;REPUBLICANOS;325
2022;1;RO;CASTANHEIRAS;15;7;Deputado Estadual;10;REPUBLICANOS;REPUBLICANOS;REPUBLICANOS;25
2022;1;RO;JI-PARANÁ;30;6;Deputado Federal;19;PODE;Podemos;PODE;1209
2022;1;RO;PIMENTA BUENO;9;6;Deputado Federal;70;AVANTE;AVANTE;AVANTE;74
2022;1;RO;PARECIS;19;7;Deputado Estadual;13;PT;Partido dos Trabalhadores;Federação Brasil da Esperança - FE BRASIL(PT/PC do B/PV);44
2022;1;RO;JARU;10;7;Deputado Estadual;13;PT;Partido dos Trabalhadores;Federação Brasil da Esperança - FE BRASIL(PT/PC do B/PV);555
2022;1;RO;JI-PARANÁ;30;7;Deputado Estadual;13;PT;Partido dos Trabalhadores;Federação Brasil da Esperança - FE BRASIL(PT/PC do B/PV);2493
2022;1;RO;NOVA UNIÃO;28;7;Deputado Estadual;13;PT;Partido dos Trabalhadores;Federação Brasil da Esperança - FE BRASIL(PT/PC do B/PV);576
2022;1;RO;CAMPO NOVO DE RONDÔNIA;34;7;Deputado Estadual;13;PT;Partido dos Trabalhadores;Federação Brasil da Esperança - FE BRASIL(PT/PC do B/PV);143
2022;1;RO;SANTA LUZIA D OESTE;19;7;Deputado Estadual;65;PC do B;Partido Comunista do Brasil;Federação Brasil da Esperança - FE BRASIL(PT/PC do B/PV);0
2022;1;RO;ALTO ALEGRE DOS PARECIS;19;7;Deputado Estadual;65;PC do B;Partido Comunista do Brasil;Federação Brasil da Esperança - FE BRASIL(PT/PC do B/PV);0
2022;1;RO;JI-PARANÁ;3;7;Deputado Estadual;43;PV;Partido Verde;Federação Brasil da Esperança - FE BRASIL(PT/PC do B/PV);10
2022;1;RO;ITAPUÃ DO OESTE;2;7;Deputado Estadual;55;PSD;Partido Social Democrático;PSD;144
2022;1;RO;JI-PARANÁ;30;7;Deputado Estadual;55;PSD;Partido Social Democrático;PSD;11174
2022;1;RO;ESPIGÃO DO OESTE;12;7;Deputado Estadual;55;PSD;Partido Social Democrático;PSD;4053
2022;1;RO;SANTA LUZIA D OESTE;19;6;Deputado Federal;40;PSB;Partido Socialista Brasileiro;PSB;89
2022;1;RO;COSTA MARQUES;5;5;Senador;55;PSD;Partido Social Democrático;PODE / PSD / PMN;1289
2022;1;RO;RIO CRESPO;26;5;Senador;55;PSD;Partido Social Democrático;PODE / PSD / PMN;355
2022;1;RO;ALTO ALEGRE DOS PARECIS;19;5;Senador;55;PSD;Partido Social Democrático;PODE / PSD / PMN;843
2022;1;RO;COSTA MARQUES;5;3;Governador;19;PODE;Podemos;PODE / PMN / PSD;524
2022;1;RO;JI-PARANÁ;3;3;Governador;19;PODE;Podemos;PODE / PMN / PSD;1342
2022;1;RO;SÃO MIGUEL DO GUAPORÉ;35;3;Governador;19;PODE;Podemos;PODE / PMN / PSD;1488
2022;1;RO;SÃO MIGUEL DO GUAPORÉ;35;5;Senador;11;PP;PROGRESSISTAS;PP;1240
2022;2;RO;ESPIGÃO DO OESTE;12;3;Governador;22;PL;Partido Liberal;PL / DC / PMB / PTB;8387
2022;2;RO;SERINGUEIRAS;35;3;Governador;22;PL;Partido Liberal;PL / DC / PMB / PTB;3421
2022;2;RO;RIO CRESPO;26;3;Governador;22;PL;Partido Liberal;PL / DC / PMB / PTB;1643
2022;1;RO;JI-PARANÁ;3;7;Deputado Estadual;77;SOLIDARIEDADE;Solidariedade;SOLIDARIEDADE;22
2022;1;RO;CANDEIAS DO JAMARI;21;7;Deputado Estadual;77;SOLIDARIEDADE;Solidariedade;SOLIDARIEDADE;55
2022;1;RO;SERINGUEIRAS;35;7;Deputado Estadual;19;PODE;Podemos;PODE;10
2022;1;RO;CAMPO NOVO DE RONDÔNIA;34;7;Deputado Estadual;19;PODE;Podemos;PODE;129
2022;1;RO;ALVORADA DO OESTE;18;7;Deputado Estadual;19;PODE;Podemos;PODE;50
2022;1;RO;COSTA MARQUES;5;6;Deputado Federal;77;SOLIDARIEDADE;Solidariedade;SOLIDARIEDADE;3
2022;1;RO;JARU;10;6;Deputado Federal;77;SOLIDARIEDADE;Solidariedade;SOLIDARIEDADE;182
2022;1;RO;PRIMAVERA DE RONDÔNIA;9;6;Deputado Federal;77;SOLIDARIEDADE;Solidariedade;SOLIDARIEDADE;2
2022;1;RO;PRIMAVERA DE RONDÔNIA;9;7;Deputado Estadual;40;PSB;Partido Socialista Brasileiro;PSB;125
2022;1;RO;VALE DO ANARI;32;7;Deputado Estadual;40;PSB;Partido Socialista Brasileiro;PSB;585
2022;1;RO;MINISTRO ANDREAZZA;11;7;Deputado Estadual;40;PSB;Partido Socialista Brasileiro;PSB;120
2022;2;RO;VALE DO ANARI;32;3;Governador;44;UNIÃO;UNIÃO BRASIL;UNIÃO / REPUBLICANOS / AVANTE / MDB / PATRIOTA / PSC / Federação PSDB Cidadania(PSDB/CIDADANIA);2230
2022;1;RO;JARU;10;3;Governador;44;UNIÃO;UNIÃO BRASIL;UNIÃO / REPUBLICANOS / AVANTE / MDB / PATRIOTA / PSC / Federação PSDB Cidadania(PSDB/CIDADANIA);15216
2022;1;RO;PRIMAVERA DE RONDÔNIA;9;3;Governador;44;UNIÃO;UNIÃO BRASIL;UNIÃO / REPUBLICANOS / AVANTE / MDB / PATRIOTA / PSC / Federação PSDB Cidadania(PSDB/CIDADANIA);635
2022;1;RO;CORUMBIARA;16;5;Senador;12;PDT;Partido Democrático Trabalhista;Federação Brasil da Esperança - FE BRASIL(PT/PC do B/PV) / PDT / PSB / SOLIDARIEDADE;0
2022;1;RO;BURITIS;34;5;Senador;12;PDT;Partido Democrático Trabalhista;Federação Brasil da Esperança - FE BRASIL(PT/PC do B/PV) / PDT / PSB / SOLIDARIEDADE;0
2022;1;RO;CACAULÂNDIA;26;5;Senador;12;PDT;Partido Democrático Trabalhista;Federação Brasil da Esperança - FE BRASIL(PT/PC do B/PV) / PDT / PSB / SOLIDARIEDADE;0
2022;1;RO;SANTA LUZIA D OESTE;19;3;Governador;77;SOLIDARIEDADE;Solidariedade;Federação Brasil da Esperança - FE BRASIL(PT/PC do B/PV) / PSB / SOLIDARIEDADE / PDT;310
2022;1;RO;JI-PARANÁ;30;6;Deputado Federal;13;PT;Partido dos Trabalhadores;Federação Brasil da Esperança - FE BRASIL(PT/PC do B/PV);1730
2022;1;RO;GUAJARÁ-MIRIM;1;5;Senador;11;PP;PROGRESSISTAS;PP;786
2022;1;RO;PORTO VELHO;6;5;Senador;55;PSD;Partido Social Democrático;PODE / PSD / PMN;5655
2022;1;RO;MACHADINHO D OESTE;32;5;Senador;55;PSD;Partido Social Democrático;PODE / PSD / PMN;1250
2022;1;RO;CACOAL;11;5;Senador;55;PSD;Partido Social Democrático;PODE / PSD / PMN;2852
2022;1;RO;SÃO FRANCISCO DO GUAPORÉ;5;6;Deputado Federal;13;PT;Partido dos Trabalhadores;Federação Brasil da Esperança - FE BRASIL(PT/PC do B/PV);421
2022;2;RO;MIRANTE DA SERRA;28;3;Governador;22;PL;Partido Liberal;PL / DC / PMB / PTB;3045
2022;2;RO;CANDEIAS DO JAMARI;21;3;Governador;22;PL;Partido Liberal;PL / DC / PMB / PTB;6115
2022;1;RO;JI-PARANÁ;30;7;Deputado Estadual;23;CIDADANIA;Cidadania;Federação PSDB Cidadania(PSDB/CIDADANIA);0
2022;1;RO;PIMENTA BUENO;9;7;Deputado Estadual;23;CIDADANIA;Cidadania;Federação PSDB Cidadania(PSDB/CIDADANIA);0
2022;1;RO;CABIXI;8;6;Deputado Federal;18;REDE;Rede Sustentabilidade;Federação PSOL REDE(PSOL/REDE);0
2022;1;RO;URUPÁ;18;7;Deputado Estadual;36;AGIR;AGIR;AGIR;5
2022;1;RO;CACAULÂNDIA;26;7;Deputado Estadual;36;AGIR;AGIR;AGIR;0
2022;1;RO;PARECIS;19;6;Deputado Federal;40;PSB;Partido Socialista Brasileiro;PSB;98
2022;1;RO;VALE DO PARAÍSO;28;6;Deputado Federal;40;PSB;Partido Socialista Brasileiro;PSB;28
2022;1;RO;PIMENTA BUENO;9;6;Deputado Federal;77;SOLIDARIEDADE;Solidariedade;SOLIDARIEDADE;11
2022;1;RO;RIO CRESPO;26;6;Deputado Federal;77;SOLIDARIEDADE;Solidariedade;SOLIDARIEDADE;0
2022;1;RO;ALTA FLORESTA D OESTE;17;7;Deputado Estadual;40;PSB;Partido Socialista Brasileiro;PSB;414
2022;1;RO;PORTO VELHO;2;7;Deputado Estadual;40;PSB;Partido Socialista Brasileiro;PSB;2446
2022;1;RO;PIMENTEIRAS DO OESTE;16;3;Governador;44;UNIÃO;UNIÃO BRASIL;UNIÃO / REPUBLICANOS / AVANTE / MDB / PATRIOTA / PSC / Federação PSDB Cidadania(PSDB/CIDADANIA);727
2022;1;RO;MIRANTE DA SERRA;28;7;Deputado Estadual;23;CIDADANIA;Cidadania;Federação PSDB Cidadania(PSDB/CIDADANIA);0
2022;1;RO;NOVA UNIÃO;28;5;Senador;12;PDT;Partido Democrático Trabalhista;Federação Brasil da Esperança - FE BRASIL(PT/PC do B/PV) / PDT / PSB / SOLIDARIEDADE;0
2022;1;RO;ROLIM DE MOURA;29;3;Governador;77;SOLIDARIEDADE;Solidariedade;Federação Brasil da Esperança - FE BRASIL(PT/PC do B/PV) / PSB / SOLIDARIEDADE / PDT;1806
2022;1;RO;VILHENA;4;6;Deputado Federal;13;PT;Partido dos Trabalhadores;Federação Brasil da Esperança - FE BRASIL(PT/PC do B/PV);1200
2022;1;RO;PARECIS;19;5;Senador;11;PP;PROGRESSISTAS;PP;619
2022;1;RO;PORTO VELHO;2;5;Senador;11;PP;PROGRESSISTAS;PP;4526
2022;1;RO;CEREJEIRAS;16;6;Deputado Federal;13;PT;Partido dos Trabalhadores;Federação Brasil da Esperança - FE BRASIL(PT/PC do B/PV);322
2022;1;RO;CHUPINGUAIA;8;6;Deputado Federal;13;PT;Partido dos Trabalhadores;Federação Brasil da Esperança - FE BRASIL(PT/PC do B/PV);283
2022;1;RO;CASTANHEIRAS;15;6;Deputado Federal;70;AVANTE;AVANTE;AVANTE;3
2022;1;RO;URUPÁ;18;7;Deputado Estadual;10;REPUBLICANOS;REPUBLICANOS;REPUBLICANOS;465
2022;1;RO;VALE DO PARAÍSO;28;7;Deputado Estadual;10;REPUBLICANOS;REPUBLICANOS;REPUBLICANOS;47
2022;1;RO;ALTA FLORESTA D OESTE;17;6;Deputado Federal;20;PSC;Partido Social Cristão;PSC;703
2022;1;RO;SÃO FELIPE D OESTE;19;6;Deputado Federal;20;PSC;Partido Social Cristão;PSC;269
2022;1;RO;MINISTRO ANDREAZZA;11;6;Deputado Federal;20;PSC;Partido Social Cristão;PSC;499
2022;1;RO;TEIXEIRÓPOLIS;13;6;Deputado Federal;44;UNIÃO;UNIÃO BRASIL;UNIÃO;612
2022;1;RO;PRIMAVERA DE RONDÔNIA;9;6;Deputado Federal;44;UNIÃO;UNIÃO BRASIL;UNIÃO;408
2022;1;RO;CEREJEIRAS;16;7;Deputado Estadual;50;PSOL;Partido Socialismo e Liberdade;Federação PSOL REDE(PSOL/REDE);0
2022;1;RO;ARIQUEMES;7;7;Deputado Estadual;50;PSOL;Partido Socialismo e Liberdade;Federação PSOL REDE(PSOL/REDE);7
2022;1;RO;SERINGUEIRAS;35;7;Deputado Estadual;50;PSOL;Partido Socialismo e Liberdade;Federação PSOL REDE(PSOL/REDE);0
2022;1;RO;PORTO VELHO;2;7;Deputado Estadual;50;PSOL;Partido Socialismo e Liberdade;Federação PSOL REDE(PSOL/REDE);167
2022;1;RO;VALE DO ANARI;32;7;Deputado Estadual;50;PSOL;Partido Socialismo e Liberdade;Federação PSOL REDE(PSOL/REDE);0
2022;1;RO;ARIQUEMES;7;7;Deputado Estadual;11;PP;PROGRESSISTAS;PP;941
2022;1;RO;MONTE NEGRO;25;7;Deputado Estadual;11;PP;PROGRESSISTAS;PP;809
2022;1;RO;RIO CRESPO;26;7;Deputado Estadual;11;PP;PROGRESSISTAS;PP;44
2022;1;RO;SERINGUEIRAS;35;6;Deputado Federal;65;PC do B;Partido Comunista do Brasil;Federação Brasil da Esperança - FE BRASIL(PT/PC do B/PV);1
2022;1;RO;JI-PARANÁ;3;6;Deputado Federal;65;PC do B;Partido Comunista do Brasil;Federação Brasil da Esperança - FE BRASIL(PT/PC do B/PV);11
2022;1;RO;JI-PARANÁ;30;6;Deputado Federal;65;PC do B;Partido Comunista do Brasil;Federação Brasil da Esperança - FE BRASIL(PT/PC do B/PV);22
2022;1;RO;PIMENTEIRAS DO OESTE;16;7;Deputado Estadual;33;PMN;Partido da Mobilização Nacional;PMN;57
2022;1;RO;NOVO HORIZONTE DO OESTE;15;7;Deputado Estadual;33;PMN;Partido da Mobilização Nacional;PMN;88
2022;1;RO;ROLIM DE MOURA;29;6;Deputado Federal;35;PMB;Partido da Mulher Brasileira;PMB;0
2022;1;RO;CUJUBIM;26;6;Deputado Federal;43;PV;Partido Verde;Federação Brasil da Esperança - FE BRASIL(PT/PC do B/PV);0
2022;1;RO;MONTE NEGRO;25;3;Governador;22;PL;Partido Liberal;PL / DC / PMB / PTB;3274
2022;1;RO;SÃO MIGUEL DO GUAPORÉ;35;3;Governador;22;PL;Partido Liberal;PL / DC / PMB / PTB;3176
2022;1;RO;NOVA MAMORÉ;1;7;Deputado Estadual;35;PMB;Partido da Mulher Brasileira;PMB;55
2022;1;RO;PORTO VELHO;20;7;Deputado Estadual;35;PMB;Partido da Mulher Brasileira;PMB;704
2022;1;RO;GOVERNADOR JORGE TEIXEIRA;27;7;Deputado Estadual;35;PMB;Partido da Mulher Brasileira;PMB;4
2022;1;RO;THEOBROMA;27;7;Deputado Estadual;35;PMB;Partido da Mulher Brasileira;PMB;7
2022;1;RO;PORTO VELHO;6;7;Deputado Estadual;22;PL;Partido Liberal;PL;4636
2022;1;RO;ITAPUÃ DO OESTE;2;7;Deputado Estadual;51;PATRIOTA;Patriota;PATRIOTA;740
2022;1;RO;GUAJARÁ-MIRIM;1;7;Deputado Estadual;14;PTB;Partido Trabalhista Brasileiro;PTB;177
2022;1;RO;VILHENA;4;7;Deputado Estadual;14;PTB;Partido Trabalhista Brasileiro;PTB;1042
2022;1;RO;PIMENTEIRAS DO OESTE;16;7;Deputado Estadual;14;PTB;Partido Trabalhista Brasileiro;PTB;6
2022;1;RO;NOVA BRASILÂNDIA D OESTE;15;7;Deputado Estadual;14;PTB;Partido Trabalhista Brasileiro;PTB;147
2022;1;RO;RIO CRESPO;26;6;Deputado Federal;14;PTB;Partido Trabalhista Brasileiro;PTB;14
2022;1;RO;NOVA BRASILÂNDIA D OESTE;15;6;Deputado Federal;14;PTB;Partido Trabalhista Brasileiro;PTB;85
2022;1;RO;CHUPINGUAIA;8;6;Deputado Federal;36;AGIR;AGIR;AGIR;0
2022;1;RO;NOVA BRASILÂNDIA D OESTE;15;6;Deputado Federal;36;AGIR;AGIR;AGIR;4
2022;1;RO;PRIMAVERA DE RONDÔNIA;9;6;Deputado Federal;36;AGIR;AGIR;AGIR;1
2022;1;RO;CAMPO NOVO DE RONDÔNIA;34;5;Senador;36;AGIR;AGIR;AGIR / PROS;2
2022;1;RO;ARIQUEMES;7;7;Deputado Estadual;12;PDT;Partido Democrático Trabalhista;PDT;268
2022;1;RO;MONTE NEGRO;25;7;Deputado Estadual;12;PDT;Partido Democrático Trabalhista;PDT;15
2022;1;RO;PORTO VELHO;2;7;Deputado Estadual;12;PDT;Partido Democrático Trabalhista;PDT;495
2022;1;RO;TEIXEIRÓPOLIS;13;7;Deputado Estadual;12;PDT;Partido Democrático Trabalhista;PDT;27
2022;1;RO;CANDEIAS DO JAMARI;21;6;Deputado Federal;11;PP;PROGRESSISTAS;PP;56
2022;1;RO;PORTO VELHO;20;6;Deputado Federal;11;PP;PROGRESSISTAS;PP;570
2022;1;RO;ESPIGÃO DO OESTE;12;6;Deputado Federal;22;PL;Partido Liberal;PL;2173
2022;1;RO;PORTO VELHO;21;6;Deputado Federal;22;PL;Partido Liberal;PL;5157
2022;1;RO;BURITIS;34;7;Deputado Estadual;45;PSDB;Partido da Social Democracia Brasileira;Federação PSDB Cidadania(PSDB/CIDADANIA);17
2022;1;RO;VALE DO PARAÍSO;28;7;Deputado Estadual;45;PSDB;Partido da Social Democracia Brasileira;Federação PSDB Cidadania(PSDB/CIDADANIA);20
2022;1;RO;COSTA MARQUES;5;7;Deputado Estadual;45;PSDB;Partido da Social Democracia Brasileira;Federação PSDB Cidadania(PSDB/CIDADANIA);176
2022;1;RO;JARU;10;5;Senador;10;REPUBLICANOS;REPUBLICANOS;REPUBLICANOS / Federação PSDB Cidadania(PSDB/CIDADANIA) / UNIÃO / PSC / AVANTE / PATRIOTA / MDB;13786
2022;1;RO;JI-PARANÁ;30;6;Deputado Federal;15;MDB;Movimento Democrático Brasileiro;MDB;3138
2022;1;RO;CACOAL;11;7;Deputado Estadual;70;AVANTE;AVANTE;AVANTE;415
2022;1;RO;CABIXI;8;7;Deputado Estadual;70;AVANTE;AVANTE;AVANTE;10
2022;1;RO;MINISTRO ANDREAZZA;11;6;Deputado Federal;65;PC do B;Partido Comunista do Brasil;Federação Brasil da Esperança - FE BRASIL(PT/PC do B/PV);0
2022;1;RO;SÃO MIGUEL DO GUAPORÉ;35;6;Deputado Federal;65;PC do B;Partido Comunista do Brasil;Federação Brasil da Esperança - FE BRASIL(PT/PC do B/PV);0
2022;1;RO;CACOAL;11;6;Deputado Federal;65;PC do B;Partido Comunista do Brasil;Federação Brasil da Esperança - FE BRASIL(PT/PC do B/PV);19
2022;1;RO;PIMENTA BUENO;9;6;Deputado Federal;65;PC do B;Partido Comunista do Brasil;Federação Brasil da Esperança - FE BRASIL(PT/PC do B/PV);8
2022;1;RO;COLORADO DO OESTE;8;6;Deputado Federal;10;REPUBLICANOS;REPUBLICANOS;REPUBLICANOS;144
2022;1;RO;CABIXI;8;6;Deputado Federal;10;REPUBLICANOS;REPUBLICANOS;REPUBLICANOS;70
2022;1;RO;GUAJARÁ-MIRIM;1;7;Deputado Estadual;33;PMN;Partido da Mobilização Nacional;PMN;104
2022;1;RO;COLORADO DO OESTE;8;7;Deputado Estadual;51;PATRIOTA;Patriota;PATRIOTA;158
2022;1;RO;CACOAL;11;6;Deputado Federal;36;AGIR;AGIR;AGIR;190
2022;1;RO;MACHADINHO D OESTE;32;5;Senador;36;AGIR;AGIR;AGIR / PROS;16
2022;1;RO;JI-PARANÁ;30;7;Deputado Estadual;50;PSOL;Partido Socialismo e Liberdade;Federação PSOL REDE(PSOL/REDE);9
2022;1;RO;ESPIGÃO DO OESTE;12;7;Deputado Estadual;50;PSOL;Partido Socialismo e Liberdade;Federação PSOL REDE(PSOL/REDE);3
2022;1;RO;CORUMBIARA;16;7;Deputado Estadual;11;PP;PROGRESSISTAS;PP;99
2022;1;RO;GUAJARÁ-MIRIM;1;7;Deputado Estadual;11;PP;PROGRESSISTAS;PP;192
2022;1;RO;JARU;10;7;Deputado Estadual;15;MDB;Movimento Democrático Brasileiro;MDB;13789
2022;1;RO;MACHADINHO D OESTE;32;7;Deputado Estadual;15;MDB;Movimento Democrático Brasileiro;MDB;460
2022;1;RO;SÃO FELIPE D OESTE;19;6;Deputado Federal;11;PP;PROGRESSISTAS;PP;44
2022;1;RO;SÃO MIGUEL DO GUAPORÉ;35;7;Deputado Estadual;18;REDE;Rede Sustentabilidade;Federação PSOL REDE(PSOL/REDE);0
2022;1;RO;CANDEIAS DO JAMARI;21;6;Deputado Federal;12;PDT;Partido Democrático Trabalhista;PDT;49
2022;1;RO;BURITIS;34;6;Deputado Federal;12;PDT;Partido Democrático Trabalhista;PDT;28
2022;1;RO;PRIMAVERA DE RONDÔNIA;9;7;Deputado Estadual;20;PSC;Partido Social Cristão;PSC;43
2022;1;RO;NOVA BRASILÂNDIA D OESTE;15;7;Deputado Estadual;20;PSC;Partido Social Cristão;PSC;173
2022;1;RO;JI-PARANÁ;3;7;Deputado Estadual;35;PMB;Partido da Mulher Brasileira;PMB;33
2022;1;RO;MACHADINHO D OESTE;32;6;Deputado Federal;36;AGIR;AGIR;AGIR;11
2022;1;RO;ROLIM DE MOURA;29;6;Deputado Federal;36;AGIR;AGIR;AGIR;46
2022;1;RO;SANTA LUZIA D OESTE;19;5;Senador;36;AGIR;AGIR;AGIR / PROS;5
2022;1;RO;CASTANHEIRAS;15;5;Senador;36;AGIR;AGIR;AGIR / PROS;0
2022;1;RO;JARU;10;5;Senador;36;AGIR;AGIR;AGIR / PROS;38
2022;1;RO;JI-PARANÁ;3;7;Deputado Estadual;12;PDT;Partido Democrático Trabalhista;PDT;897
2022;1;RO;CACAULÂNDIA;26;7;Deputado Estadual;12;PDT;Partido Democrático Trabalhista;PDT;10
2022;1;RO;NOVA BRASILÂNDIA D OESTE;15;7;Deputado Estadual;12;PDT;Partido Democrático Trabalhista;PDT;15
2022;1;RO;ALTO PARAÍSO;25;7;Deputado Estadual;12;PDT;Partido Democrático Trabalhista;PDT;12
2022;1;RO;CORUMBIARA;16;6;Deputado Federal;11;PP;PROGRESSISTAS;PP;46
2022;1;RO;CORUMBIARA;16;6;Deputado Federal;22;PL;Partido Liberal;PL;746
2022;1;RO;SANTA LUZIA D OESTE;19;7;Deputado Estadual;45;PSDB;Partido da Social Democracia Brasileira;Federação PSDB Cidadania(PSDB/CIDADANIA);194
2022;1;RO;JARU;10;6;Deputado Federal;51;PATRIOTA;Patriota;PATRIOTA;207
2022;1;RO;NOVO HORIZONTE DO OESTE;15;6;Deputado Federal;51;PATRIOTA;Patriota;PATRIOTA;4
2022;1;RO;ESPIGÃO DO OESTE;12;3;Governador;22;PL;Partido Liberal;PL / DC / PMB / PTB;6520
2022;1;RO;MACHADINHO D OESTE;32;3;Governador;22;PL;Partido Liberal;PL / DC / PMB / PTB;8307
2022;1;RO;ALTO ALEGRE DOS PARECIS;19;7;Deputado Estadual;35;PMB;Partido da Mulher Brasileira;PMB;9
2022;1;RO;MACHADINHO D OESTE;32;7;Deputado Estadual;35;PMB;Partido da Mulher Brasileira;PMB;25
2022;1;RO;CASTANHEIRAS;15;7;Deputado Estadual;35;PMB;Partido da Mulher Brasileira;PMB;4
2022;1;RO;CORUMBIARA;16;7;Deputado Estadual;22;PL;Partido Liberal;PL;243
2022;1;RO;CACOAL;11;7;Deputado Estadual;14;PTB;Partido Trabalhista Brasileiro;PTB;1554
2022;1;RO;ALVORADA DO OESTE;18;7;Deputado Estadual;14;PTB;Partido Trabalhista Brasileiro;PTB;50
2022;1;RO;MINISTRO ANDREAZZA;11;7;Deputado Estadual;51;PATRIOTA;Patriota;PATRIOTA;67
2022;1;RO;ALTO ALEGRE DOS PARECIS;19;7;Deputado Estadual;51;PATRIOTA;Patriota;PATRIOTA;713
2022;1;RO;GOVERNADOR JORGE TEIXEIRA;27;7;Deputado Estadual;51;PATRIOTA;Patriota;PATRIOTA;318
2022;1;RO;PARECIS;19;6;Deputado Federal;36;AGIR;AGIR;AGIR;6
2022;1;RO;VILHENA;4;6;Deputado Federal;36;AGIR;AGIR;AGIR;14
2022;1;RO;OURO PRETO DO OESTE;13;5;Senador;36;AGIR;AGIR;AGIR / PROS;52
2022;1;RO;ALTO PARAÍSO;25;6;Deputado Federal;14;PTB;Partido Trabalhista Brasileiro;PTB;115
2022;1;RO;MINISTRO ANDREAZZA;11;7;Deputado Estadual;12;PDT;Partido Democrático Trabalhista;PDT;71
2022;1;RO;SANTA LUZIA D OESTE;19;6;Deputado Federal;11;PP;PROGRESSISTAS;PP;300
2022;1;RO;URUPÁ;18;7;Deputado Estadual;45;PSDB;Partido da Social Democracia Brasileira;Federação PSDB Cidadania(PSDB/CIDADANIA);60
2022;1;RO;ROLIM DE MOURA;29;6;Deputado Federal;51;PATRIOTA;Patriota;PATRIOTA;42
2022;1;RO;MINISTRO ANDREAZZA;11;5;Senador;10;REPUBLICANOS;REPUBLICANOS;REPUBLICANOS / Federação PSDB Cidadania(PSDB/CIDADANIA) / UNIÃO / PSC / AVANTE / PATRIOTA / MDB;1127
2022;1;RO;ALTO ALEGRE DOS PARECIS;19;5;Senador;10;REPUBLICANOS;REPUBLICANOS;REPUBLICANOS / Federação PSDB Cidadania(PSDB/CIDADANIA) / UNIÃO / PSC / AVANTE / PATRIOTA / MDB;2221
2022;1;RO;COLORADO DO OESTE;8;6;Deputado Federal;15;MDB;Movimento Democrático Brasileiro;MDB;1419
2022;1;RO;PARECIS;19;6;Deputado Federal;15;MDB;Movimento Democrático Brasileiro;MDB;49
2022;1;RO;CUJUBIM;26;6;Deputado Federal;15;MDB;Movimento Democrático Brasileiro;MDB;1816
2022;1;RO;ALTO PARAÍSO;25;6;Deputado Federal;15;MDB;Movimento Democrático Brasileiro;MDB;1299
2022;1;RO;JARU;10;6;Deputado Federal;43;PV;Partido Verde;Federação Brasil da Esperança - FE BRASIL(PT/PC do B/PV);1
2022;1;RO;CORUMBIARA;16;6;Deputado Federal;90;PROS;Partido Republicano da Ordem Social;PROS;0
2022;1;RO;SÃO FRANCISCO DO GUAPORÉ;5;6;Deputado Federal;90;PROS;Partido Republicano da Ordem Social;PROS;0
2022;1;RO;COSTA MARQUES;5;5;Senador;35;PMB;Partido da Mulher Brasileira;PMB;10
2022;1;RO;ITAPUÃ DO OESTE;2;5;Senador;35;PMB;Partido da Mulher Brasileira;PMB;17
2022;1;RO;NOVO HORIZONTE DO OESTE;15;6;Deputado Federal;55;PSD;Partido Social Democrático;PSD;563
2022;1;RO;CEREJEIRAS;16;6;Deputado Federal;55;PSD;Partido Social Democrático;PSD;1006
2022;1;RO;ALVORADA DO OESTE;18;7;Deputado Estadual;10;REPUBLICANOS;REPUBLICANOS;REPUBLICANOS;354
2022;1;RO;CABIXI;8;7;Deputado Estadual;10;REPUBLICANOS;REPUBLICANOS;REPUBLICANOS;102
2022;1;RO;CACAULÂNDIA;26;7;Deputado Estadual;10;REPUBLICANOS;REPUBLICANOS;REPUBLICANOS;298
2022;1;RO;PRESIDENTE MÉDICI;3;7;Deputado Estadual;10;REPUBLICANOS;REPUBLICANOS;REPUBLICANOS;203
2022;1;RO;TEIXEIRÓPOLIS;13;7;Deputado Estadual;10;REPUBLICANOS;REPUBLICANOS;REPUBLICANOS;73
2022;1;RO;PIMENTEIRAS DO OESTE;16;6;Deputado Federal;70;AVANTE;AVANTE;AVANTE;2
2022;1;RO;ARIQUEMES;7;6;Deputado Federal;70;AVANTE;AVANTE;AVANTE;98
2022;1;RO;PRESIDENTE MÉDICI;3;6;Deputado Federal;11;PP;PROGRESSISTAS;PP;416
2022;1;RO;CUJUBIM;26;6;Deputado Federal;11;PP;PROGRESSISTAS;PP;101
2022;1;RO;CACAULÂNDIA;26;6;Deputado Federal;11;PP;PROGRESSISTAS;PP;16
2022;1;RO;VALE DO ANARI;32;6;Deputado Federal;11;PP;PROGRESSISTAS;PP;92
2022;1;RO;JI-PARANÁ;3;7;Deputado Estadual;18;REDE;Rede Sustentabilidade;Federação PSOL REDE(PSOL/REDE);20
2022;1;RO;NOVA MAMORÉ;1;3;Governador;22;PL;Partido Liberal;PL / DC / PMB / PTB;7633
2022;1;RO;CAMPO NOVO DE RONDÔNIA;34;3;Governador;22;PL;Partido Liberal;PL / DC / PMB / PTB;2424
2022;1;RO;VALE DO ANARI;32;3;Governador;22;PL;Partido Liberal;PL / DC / PMB / PTB;2005
2022;1;RO;ESPIGÃO DO OESTE;12;7;Deputado Estadual;51;PATRIOTA;Patriota;PATRIOTA;401
2022;1;RO;SÃO FRANCISCO DO GUAPORÉ;5;7;Deputado Estadual;51;PATRIOTA;Patriota;PATRIOTA;119
2022;1;RO;ALTO ALEGRE DOS PARECIS;19;7;Deputado Estadual;22;PL;Partido Liberal;PL;340
2022;1;RO;NOVA MAMORÉ;1;7;Deputado Estadual;14;PTB;Partido Trabalhista Brasileiro;PTB;825
2022;1;RO;PARECIS;19;7;Deputado Estadual;14;PTB;Partido Trabalhista Brasileiro;PTB;40
2022;1;RO;SÃO FRANCISCO DO GUAPORÉ;5;7;Deputado Estadual;14;PTB;Partido Trabalhista Brasileiro;PTB;63
2022;1;RO;PIMENTEIRAS DO OESTE;16;6;Deputado Federal;14;PTB;Partido Trabalhista Brasileiro;PTB;7
2022;1;RO;TEIXEIRÓPOLIS;13;6;Deputado Federal;14;PTB;Partido Trabalhista Brasileiro;PTB;122
2022;1;RO;VALE DO ANARI;32;6;Deputado Federal;14;PTB;Partido Trabalhista Brasileiro;PTB;118
2022;1;RO;CAMPO NOVO DE RONDÔNIA;34;5;Senador;22;PL;Partido Liberal;PL / DC / PTB;1879
2022;1;RO;SANTA LUZIA D OESTE;19;3;Governador;19;PODE;Podemos;PODE / PMN / PSD;303
2022;1;RO;MIRANTE DA SERRA;28;3;Governador;19;PODE;Podemos;PODE / PMN / PSD;336
2022;1;RO;PIMENTA BUENO;9;7;Deputado Estadual;65;PC do B;Partido Comunista do Brasil;Federação Brasil da Esperança - FE BRASIL(PT/PC do B/PV);0
2022;1;RO;CASTANHEIRAS;15;7;Deputado Estadual;65;PC do B;Partido Comunista do Brasil;Federação Brasil da Esperança - FE BRASIL(PT/PC do B/PV);0
2022;1;RO;SÃO FELIPE D OESTE;19;7;Deputado Estadual;43;PV;Partido Verde;Federação Brasil da Esperança - FE BRASIL(PT/PC do B/PV);0
2022;1;RO;NOVA MAMORÉ;1;7;Deputado Estadual;55;PSD;Partido Social Democrático;PSD;179
2022;1;RO;MACHADINHO D OESTE;32;7;Deputado Estadual;36;AGIR;AGIR;AGIR;2
2022;1;RO;CASTANHEIRAS;15;7;Deputado Estadual;36;AGIR;AGIR;AGIR;0
2022;1;RO;SANTA LUZIA D OESTE;19;7;Deputado Estadual;36;AGIR;AGIR;AGIR;1
2022;1;RO;PORTO VELHO;2;7;Deputado Estadual;36;AGIR;AGIR;AGIR;215
2022;1;RO;ALTO PARAÍSO;25;6;Deputado Federal;13;PT;Partido dos Trabalhadores;Federação Brasil da Esperança - FE BRASIL(PT/PC do B/PV);479
2022;1;RO;MIRANTE DA SERRA;28;6;Deputado Federal;13;PT;Partido dos Trabalhadores;Federação Brasil da Esperança - FE BRASIL(PT/PC do B/PV);700
2022;2;RO;CABIXI;8;3;Governador;44;UNIÃO;UNIÃO BRASIL;UNIÃO / REPUBLICANOS / AVANTE / MDB / PATRIOTA / PSC / Federação PSDB Cidadania(PSDB/CIDADANIA);1805
2022;2;RO;CORUMBIARA;16;3;Governador;44;UNIÃO;UNIÃO BRASIL;UNIÃO / REPUBLICANOS / AVANTE / MDB / PATRIOTA / PSC / Federação PSDB Cidadania(PSDB/CIDADANIA);2413
2022;1;RO;NOVA MAMORÉ;1;7;Deputado Estadual;40;PSB;Partido Socialista Brasileiro;PSB;668
2022;1;RO;MINISTRO ANDREAZZA;11;3;Governador;44;UNIÃO;UNIÃO BRASIL;UNIÃO / REPUBLICANOS / AVANTE / MDB / PATRIOTA / PSC / Federação PSDB Cidadania(PSDB/CIDADANIA);2084
2022;1;RO;GUAJARÁ-MIRIM;1;3;Governador;44;UNIÃO;UNIÃO BRASIL;UNIÃO / REPUBLICANOS / AVANTE / MDB / PATRIOTA / PSC / Federação PSDB Cidadania(PSDB/CIDADANIA);5533
2022;1;RO;ROLIM DE MOURA;29;5;Senador;12;PDT;Partido Democrático Trabalhista;Federação Brasil da Esperança - FE BRASIL(PT/PC do B/PV) / PDT / PSB / SOLIDARIEDADE;0
2022;1;RO;CHUPINGUAIA;8;5;Senador;12;PDT;Partido Democrático Trabalhista;Federação Brasil da Esperança - FE BRASIL(PT/PC do B/PV) / PDT / PSB / SOLIDARIEDADE;0
2022;1;RO;SÃO FELIPE D OESTE;19;5;Senador;10;REPUBLICANOS;REPUBLICANOS;REPUBLICANOS / Federação PSDB Cidadania(PSDB/CIDADANIA) / UNIÃO / PSC / AVANTE / PATRIOTA / MDB;792
2022;1;RO;SÃO FRANCISCO DO GUAPORÉ;5;5;Senador;10;REPUBLICANOS;REPUBLICANOS;REPUBLICANOS / Federação PSDB Cidadania(PSDB/CIDADANIA) / UNIÃO / PSC / AVANTE / PATRIOTA / MDB;2578
2022;1;RO;CANDEIAS DO JAMARI;21;6;Deputado Federal;15;MDB;Movimento Democrático Brasileiro;MDB;696
2022;1;RO;CHUPINGUAIA;8;6;Deputado Federal;15;MDB;Movimento Democrático Brasileiro;MDB;666
2022;1;RO;CEREJEIRAS;16;6;Deputado Federal;15;MDB;Movimento Democrático Brasileiro;MDB;394
2022;1;RO;PRESIDENTE MÉDICI;3;7;Deputado Estadual;44;UNIÃO;UNIÃO BRASIL;UNIÃO;679
2022;1;RO;PARECIS;19;7;Deputado Estadual;70;AVANTE;AVANTE;AVANTE;2
2022;1;RO;ALTO PARAÍSO;25;6;Deputado Federal;65;PC do B;Partido Comunista do Brasil;Federação Brasil da Esperança - FE BRASIL(PT/PC do B/PV);8
2022;1;RO;MACHADINHO D OESTE;32;6;Deputado Federal;10;REPUBLICANOS;REPUBLICANOS;REPUBLICANOS;803
2022;1;RO;VALE DO ANARI;32;6;Deputado Federal;10;REPUBLICANOS;REPUBLICANOS;REPUBLICANOS;92
2022;1;RO;BURITIS;34;6;Deputado Federal;43;PV;Partido Verde;Federação Brasil da Esperança - FE BRASIL(PT/PC do B/PV);0
2022;1;RO;ARIQUEMES;7;6;Deputado Federal;90;PROS;Partido Republicano da Ordem Social;PROS;10
2022;1;RO;MACHADINHO D OESTE;32;5;Senador;35;PMB;Partido da Mulher Brasileira;PMB;16
2022;1;RO;PRESIDENTE MÉDICI;3;5;Senador;35;PMB;Partido da Mulher Brasileira;PMB;10
2022;1;RO;PRIMAVERA DE RONDÔNIA;9;5;Senador;35;PMB;Partido da Mulher Brasileira;PMB;0
2022;1;RO;MIRANTE DA SERRA;28;6;Deputado Federal;55;PSD;Partido Social Democrático;PSD;189
2022;1;RO;CACAULÂNDIA;26;7;Deputado Estadual;77;SOLIDARIEDADE;Solidariedade;SOLIDARIEDADE;0
2022;1;RO;PIMENTA BUENO;9;7;Deputado Estadual;77;SOLIDARIEDADE;Solidariedade;SOLIDARIEDADE;16
2022;1;RO;NOVO HORIZONTE DO OESTE;15;7;Deputado Estadual;77;SOLIDARIEDADE;Solidariedade;SOLIDARIEDADE;8
2022;1;RO;PRESIDENTE MÉDICI;3;7;Deputado Estadual;13;PT;Partido dos Trabalhadores;Federação Brasil da Esperança - FE BRASIL(PT/PC do B/PV);300
2022;1;RO;ALTO PARAÍSO;25;7;Deputado Estadual;13;PT;Partido dos Trabalhadores;Federação Brasil da Esperança - FE BRASIL(PT/PC do B/PV);236
2022;1;RO;CASTANHEIRAS;15;7;Deputado Estadual;13;PT;Partido dos Trabalhadores;Federação Brasil da Esperança - FE BRASIL(PT/PC do B/PV);71
2022;1;RO;NOVA UNIÃO;28;7;Deputado Estadual;65;PC do B;Partido Comunista do Brasil;Federação Brasil da Esperança - FE BRASIL(PT/PC do B/PV);0
2022;1;RO;NOVA MAMORÉ;1;7;Deputado Estadual;43;PV;Partido Verde;Federação Brasil da Esperança - FE BRASIL(PT/PC do B/PV);0
2022;1;RO;MINISTRO ANDREAZZA;11;7;Deputado Estadual;43;PV;Partido Verde;Federação Brasil da Esperança - FE BRASIL(PT/PC do B/PV);1
2022;1;RO;MINISTRO ANDREAZZA;11;7;Deputado Estadual;55;PSD;Partido Social Democrático;PSD;1362
2022;1;RO;ALTO ALEGRE DOS PARECIS;19;7;Deputado Estadual;36;AGIR;AGIR;AGIR;0
2022;1;RO;VILHENA;4;6;Deputado Federal;40;PSB;Partido Socialista Brasileiro;PSB;1179
2022;1;RO;URUPÁ;18;6;Deputado Federal;40;PSB;Partido Socialista Brasileiro;PSB;124
2022;1;RO;MIRANTE DA SERRA;28;6;Deputado Federal;40;PSB;Partido Socialista Brasileiro;PSB;69
2022;1;RO;CANDEIAS DO JAMARI;21;6;Deputado Federal;77;SOLIDARIEDADE;Solidariedade;SOLIDARIEDADE;19
2022;1;RO;PRESIDENTE MÉDICI;3;7;Deputado Estadual;40;PSB;Partido Socialista Brasileiro;PSB;235
2022;1;RO;GUAJARÁ-MIRIM;1;7;Deputado Estadual;18;REDE;Rede Sustentabilidade;Federação PSOL REDE(PSOL/REDE);263
2022;2;RO;GUAJARÁ-MIRIM;1;3;Governador;44;UNIÃO;UNIÃO BRASIL;UNIÃO / REPUBLICANOS / AVANTE / MDB / PATRIOTA / PSC / Federação PSDB Cidadania(PSDB/CIDADANIA);7765
2022;2;RO;TEIXEIRÓPOLIS;13;3;Governador;44;UNIÃO;UNIÃO BRASIL;UNIÃO / REPUBLICANOS / AVANTE / MDB / PATRIOTA / PSC / Federação PSDB Cidadania(PSDB/CIDADANIA);1627
2022;1;RO;CUJUBIM;26;3;Governador;44;UNIÃO;UNIÃO BRASIL;UNIÃO / REPUBLICANOS / AVANTE / MDB / PATRIOTA / PSC / Federação PSDB Cidadania(PSDB/CIDADANIA);1961
2022;1;RO;ALTA FLORESTA D OESTE;17;3;Governador;44;UNIÃO;UNIÃO BRASIL;UNIÃO / REPUBLICANOS / AVANTE / MDB / PATRIOTA / PSC / Federação PSDB Cidadania(PSDB/CIDADANIA);8332
2022;1;RO;CASTANHEIRAS;15;5;Senador;12;PDT;Partido Democrático Trabalhista;Federação Brasil da Esperança - FE BRASIL(PT/PC do B/PV) / PDT / PSB / SOLIDARIEDADE;0
2022;1;RO;JI-PARANÁ;3;3;Governador;77;SOLIDARIEDADE;Solidariedade;Federação Brasil da Esperança - FE BRASIL(PT/PC do B/PV) / PSB / SOLIDARIEDADE / PDT;1991
2022;1;RO;ALVORADA DO OESTE;18;6;Deputado Federal;13;PT;Partido dos Trabalhadores;Federação Brasil da Esperança - FE BRASIL(PT/PC do B/PV);736
2022;2;RO;PORTO VELHO;21;3;Governador;22;PL;Partido Liberal;PL / DC / PMB / PTB;20128
2022;2;RO;VALE DO PARAÍSO;28;3;Governador;22;PL;Partido Liberal;PL / DC / PMB / PTB;1956
2022;1;RO;NOVA UNIÃO;28;6;Deputado Federal;18;REDE;Rede Sustentabilidade;Federação PSOL REDE(PSOL/REDE);0
2022;1;RO;VALE DO ANARI;32;6;Deputado Federal;13;PT;Partido dos Trabalhadores;Federação Brasil da Esperança - FE BRASIL(PT/PC do B/PV);297
2022;1;RO;COLORADO DO OESTE;8;6;Deputado Federal;18;REDE;Rede Sustentabilidade;Federação PSOL REDE(PSOL/REDE);0
2022;1;RO;NOVO HORIZONTE DO OESTE;15;7;Deputado Estadual;18;REDE;Rede Sustentabilidade;Federação PSOL REDE(PSOL/REDE);0
2022;1;RO;ESPIGÃO DO OESTE;12;7;Deputado Estadual;18;REDE;Rede Sustentabilidade;Federação PSOL REDE(PSOL/REDE);10
2022;2;RO;ITAPUÃ DO OESTE;2;3;Governador;44;UNIÃO;UNIÃO BRASIL;UNIÃO / REPUBLICANOS / AVANTE / MDB / PATRIOTA / PSC / Federação PSDB Cidadania(PSDB/CIDADANIA);1814
2022;2;RO;ROLIM DE MOURA;29;3;Governador;44;UNIÃO;UNIÃO BRASIL;UNIÃO / REPUBLICANOS / AVANTE / MDB / PATRIOTA / PSC / Federação PSDB Cidadania(PSDB/CIDADANIA);17984
2022;1;RO;RIO CRESPO;26;3;Governador;44;UNIÃO;UNIÃO BRASIL;UNIÃO / REPUBLICANOS / AVANTE / MDB / PATRIOTA / PSC / Federação PSDB Cidadania(PSDB/CIDADANIA);492
2022;1;RO;PORTO VELHO;2;7;Deputado Estadual;23;CIDADANIA;Cidadania;Federação PSDB Cidadania(PSDB/CIDADANIA);0
2022;1;RO;ARIQUEMES;7;5;Senador;12;PDT;Partido Democrático Trabalhista;Federação Brasil da Esperança - FE BRASIL(PT/PC do B/PV) / PDT / PSB / SOLIDARIEDADE;0
2022;1;RO;ITAPUÃ DO OESTE;2;3;Governador;77;SOLIDARIEDADE;Solidariedade;Federação Brasil da Esperança - FE BRASIL(PT/PC do B/PV) / PSB / SOLIDARIEDADE / PDT;320
2022;1;RO;THEOBROMA;27;6;Deputado Federal;13;PT;Partido dos Trabalhadores;Federação Brasil da Esperança - FE BRASIL(PT/PC do B/PV);271
2022;1;RO;NOVA UNIÃO;28;6;Deputado Federal;13;PT;Partido dos Trabalhadores;Federação Brasil da Esperança - FE BRASIL(PT/PC do B/PV);687
2022;2;RO;PRESIDENTE MÉDICI;3;3;Governador;22;PL;Partido Liberal;PL / DC / PMB / PTB;5620
2022;1;RO;CHUPINGUAIA;8;7;Deputado Estadual;23;CIDADANIA;Cidadania;Federação PSDB Cidadania(PSDB/CIDADANIA);0
2022;1;RO;VALE DO ANARI;32;3;Governador;19;PODE;Podemos;PODE / PMN / PSD;409
2022;1;RO;CUJUBIM;26;3;Governador;19;PODE;Podemos;PODE / PMN / PSD;1078
2022;1;RO;MONTE NEGRO;25;3;Governador;19;PODE;Podemos;PODE / PMN / PSD;1563
2022;1;RO;BURITIS;34;7;Deputado Estadual;23;CIDADANIA;Cidadania;Federação PSDB Cidadania(PSDB/CIDADANIA);0
2022;1;RO;CACOAL;11;6;Deputado Federal;18;REDE;Rede Sustentabilidade;Federação PSOL REDE(PSOL/REDE);0
2022;1;RO;NOVA BRASILÂNDIA D OESTE;15;5;Senador;22;PL;Partido Liberal;PL / DC / PTB;2677
2022;1;RO;GUAJARÁ-MIRIM;1;5;Senador;22;PL;Partido Liberal;PL / DC / PTB;5624
2022;1;RO;VALE DO ANARI;32;5;Senador;22;PL;Partido Liberal;PL / DC / PTB;1491
2022;1;RO;CUJUBIM;26;5;Senador;22;PL;Partido Liberal;PL / DC / PTB;2865
2022;1;RO;PORTO VELHO;21;6;Deputado Federal;20;PSC;Partido Social Cristão;PSC;665
2022;1;RO;NOVA MAMORÉ;1;6;Deputado Federal;20;PSC;Partido Social Cristão;PSC;1078
2022;1;RO;PIMENTEIRAS DO OESTE;16;6;Deputado Federal;44;UNIÃO;UNIÃO BRASIL;UNIÃO;221
2022;1;RO;THEOBROMA;27;6;Deputado Federal;44;UNIÃO;UNIÃO BRASIL;UNIÃO;874
2022;1;RO;SÃO MIGUEL DO GUAPORÉ;35;6;Deputado Federal;44;UNIÃO;UNIÃO BRASIL;UNIÃO;2891
2022;1;RO;MINISTRO ANDREAZZA;11;6;Deputado Federal;44;UNIÃO;UNIÃO BRASIL;UNIÃO;536
2022;1;RO;JI-PARANÁ;30;6;Deputado Federal;12;PDT;Partido Democrático Trabalhista;PDT;775
2022;1;RO;SÃO FRANCISCO DO GUAPORÉ;5;6;Deputado Federal;12;PDT;Partido Democrático Trabalhista;PDT;57
2022;1;RO;PRESIDENTE MÉDICI;3;7;Deputado Estadual;20;PSC;Partido Social Cristão;PSC;4381
2022;1;RO;COSTA MARQUES;5;3;Governador;22;PL;Partido Liberal;PL / DC / PMB / PTB;2605
2022;1;RO;PARECIS;19;3;Governador;22;PL;Partido Liberal;PL / DC / PMB / PTB;741
2022;1;RO;SANTA LUZIA D OESTE;19;7;Deputado Estadual;35;PMB;Partido da Mulher Brasileira;PMB;3
2022;1;RO;VALE DO ANARI;32;7;Deputado Estadual;22;PL;Partido Liberal;PL;227
2022;1;RO;JI-PARANÁ;30;7;Deputado Estadual;14;PTB;Partido Trabalhista Brasileiro;PTB;529
2022;1;RO;BURITIS;34;7;Deputado Estadual;14;PTB;Partido Trabalhista Brasileiro;PTB;702
2022;1;RO;PORTO VELHO;6;7;Deputado Estadual;51;PATRIOTA;Patriota;PATRIOTA;8835
2022;1;RO;JARU;10;7;Deputado Estadual;51;PATRIOTA;Patriota;PATRIOTA;577
2022;1;RO;ROLIM DE MOURA;29;7;Deputado Estadual;51;PATRIOTA;Patriota;PATRIOTA;1565
2022;1;RO;CORUMBIARA;16;7;Deputado Estadual;51;PATRIOTA;Patriota;PATRIOTA;151
2022;1;RO;PORTO VELHO;20;6;Deputado Federal;36;AGIR;AGIR;AGIR;192
2022;1;RO;SANTA LUZIA D OESTE;19;6;Deputado Federal;36;AGIR;AGIR;AGIR;15
2022;1;RO;CACAULÂNDIA;26;5;Senador;36;AGIR;AGIR;AGIR / PROS;16
2022;1;RO;PRESIDENTE MÉDICI;3;5;Senador;36;AGIR;AGIR;AGIR / PROS;18
2022;1;RO;VALE DO ANARI;32;5;Senador;36;AGIR;AGIR;AGIR / PROS;5
2022;1;RO;CUJUBIM;26;7;Deputado Estadual;12;PDT;Partido Democrático Trabalhista;PDT;19
2022;1;RO;COSTA MARQUES;5;6;Deputado Federal;14;PTB;Partido Trabalhista Brasileiro;PTB;69
2022;1;RO;SERINGUEIRAS;35;6;Deputado Federal;22;PL;Partido Liberal;PL;1668
2022;1;RO;GUAJARÁ-MIRIM;1;6;Deputado Federal;22;PL;Partido Liberal;PL;2976
2022;1;RO;TEIXEIRÓPOLIS;13;7;Deputado Estadual;45;PSDB;Partido da Social Democracia Brasileira;Federação PSDB Cidadania(PSDB/CIDADANIA);22
2022;1;RO;MINISTRO ANDREAZZA;11;7;Deputado Estadual;45;PSDB;Partido da Social Democracia Brasileira;Federação PSDB Cidadania(PSDB/CIDADANIA);8
2022;1;RO;TEIXEIRÓPOLIS;13;6;Deputado Federal;51;PATRIOTA;Patriota;PATRIOTA;1
2022;1;RO;ARIQUEMES;7;6;Deputado Federal;51;PATRIOTA;Patriota;PATRIOTA;641
2022;1;RO;GOVERNADOR JORGE TEIXEIRA;27;6;Deputado Federal;51;PATRIOTA;Patriota;PATRIOTA;15
2022;1;RO;PIMENTA BUENO;9;7;Deputado Estadual;44;UNIÃO;UNIÃO BRASIL;UNIÃO;973
2022;1;RO;TEIXEIRÓPOLIS;13;7;Deputado Estadual;22;PL;Partido Liberal;PL;257
2022;1;RO;ITAPUÃ DO OESTE;2;7;Deputado Estadual;22;PL;Partido Liberal;PL;370
2022;1;RO;ALTO PARAÍSO;25;7;Deputado Estadual;51;PATRIOTA;Patriota;PATRIOTA;695
2022;1;RO;PORTO VELHO;20;7;Deputado Estadual;14;PTB;Partido Trabalhista Brasileiro;PTB;3603
2022;1;RO;PIMENTA BUENO;9;7;Deputado Estadual;14;PTB;Partido Trabalhista Brasileiro;PTB;186
2022;1;RO;MACHADINHO D OESTE;32;7;Deputado Estadual;14;PTB;Partido Trabalhista Brasileiro;PTB;687
2022;1;RO;NOVA UNIÃO;28;6;Deputado Federal;20;PSC;Partido Social Cristão;PSC;326
2022;1;RO;PRESIDENTE MÉDICI;3;6;Deputado Federal;20;PSC;Partido Social Cristão;PSC;974
2022;1;RO;JI-PARANÁ;3;6;Deputado Federal;20;PSC;Partido Social Cristão;PSC;2117
2022;1;RO;CEREJEIRAS;16;6;Deputado Federal;44;UNIÃO;UNIÃO BRASIL;UNIÃO;3418
2022;1;RO;ALTA FLORESTA D OESTE;17;7;Deputado Estadual;11;PP;PROGRESSISTAS;PP;2753
2022;1;RO;ALTO ALEGRE DOS PARECIS;19;7;Deputado Estadual;11;PP;PROGRESSISTAS;PP;295
2022;1;RO;SÃO FRANCISCO DO GUAPORÉ;5;7;Deputado Estadual;11;PP;PROGRESSISTAS;PP;117
2022;1;RO;NOVA BRASILÂNDIA D OESTE;15;7;Deputado Estadual;11;PP;PROGRESSISTAS;PP;699
2022;1;RO;NOVO HORIZONTE DO OESTE;15;7;Deputado Estadual;11;PP;PROGRESSISTAS;PP;58
2022;1;RO;PIMENTEIRAS DO OESTE;16;7;Deputado Estadual;50;PSOL;Partido Socialismo e Liberdade;Federação PSOL REDE(PSOL/REDE);0
2022;1;RO;ALTO ALEGRE DOS PARECIS;19;7;Deputado Estadual;50;PSOL;Partido Socialismo e Liberdade;Federação PSOL REDE(PSOL/REDE);0
2022;1;RO;CACAULÂNDIA;26;7;Deputado Estadual;15;MDB;Movimento Democrático Brasileiro;MDB;186
2022;1;RO;NOVA BRASILÂNDIA D OESTE;15;7;Deputado Estadual;15;MDB;Movimento Democrático Brasileiro;MDB;452
2022;1;RO;THEOBROMA;27;7;Deputado Estadual;15;MDB;Movimento Democrático Brasileiro;MDB;1421
2022;1;RO;ALTO PARAÍSO;25;7;Deputado Estadual;15;MDB;Movimento Democrático Brasileiro;MDB;120
2022;1;RO;JI-PARANÁ;3;7;Deputado Estadual;15;MDB;Movimento Democrático Brasileiro;MDB;3157
2022;1;RO;ROLIM DE MOURA;29;6;Deputado Federal;12;PDT;Partido Democrático Trabalhista;PDT;107
2022;1;RO;ARIQUEMES;7;6;Deputado Federal;12;PDT;Partido Democrático Trabalhista;PDT;93
2022;1;RO;CEREJEIRAS;16;6;Deputado Federal;12;PDT;Partido Democrático Trabalhista;PDT;20
2022;1;RO;ESPIGÃO DO OESTE;12;6;Deputado Federal;12;PDT;Partido Democrático Trabalhista;PDT;85
2022;1;RO;ITAPUÃ DO OESTE;2;7;Deputado Estadual;20;PSC;Partido Social Cristão;PSC;229
2022;1;RO;NOVA UNIÃO;28;3;Governador;22;PL;Partido Liberal;PL / DC / PMB / PTB;1335
2022;1;RO;CHUPINGUAIA;8;7;Deputado Estadual;22;PL;Partido Liberal;PL;424
2022;1;RO;PORTO VELHO;20;6;Deputado Federal;14;PTB;Partido Trabalhista Brasileiro;PTB;458
2022;1;RO;VILHENA;4;7;Deputado Estadual;12;PDT;Partido Democrático Trabalhista;PDT;141
2022;1;RO;ALTO ALEGRE DOS PARECIS;19;6;Deputado Federal;11;PP;PROGRESSISTAS;PP;233
2022;1;RO;SANTA LUZIA D OESTE;19;6;Deputado Federal;22;PL;Partido Liberal;PL;916
2022;1;RO;PORTO VELHO;20;6;Deputado Federal;22;PL;Partido Liberal;PL;7484
2022;1;RO;RIO CRESPO;26;6;Deputado Federal;22;PL;Partido Liberal;PL;410
2022;1;RO;COLORADO DO OESTE;8;7;Deputado Estadual;45;PSDB;Partido da Social Democracia Brasileira;Federação PSDB Cidadania(PSDB/CIDADANIA);197
2022;1;RO;ESPIGÃO DO OESTE;12;6;Deputado Federal;51;PATRIOTA;Patriota;PATRIOTA;5
2022;1;RO;SÃO MIGUEL DO GUAPORÉ;35;5;Senador;10;REPUBLICANOS;REPUBLICANOS;REPUBLICANOS / Federação PSDB Cidadania(PSDB/CIDADANIA) / UNIÃO / PSC / AVANTE / PATRIOTA / MDB;4768
2022;1;RO;COLORADO DO OESTE;8;5;Senador;10;REPUBLICANOS;REPUBLICANOS;REPUBLICANOS / Federação PSDB Cidadania(PSDB/CIDADANIA) / UNIÃO / PSC / AVANTE / PATRIOTA / MDB;2270
2022;1;RO;BURITIS;34;6;Deputado Federal;15;MDB;Movimento Democrático Brasileiro;MDB;4235
2022;1;RO;BURITIS;34;7;Deputado Estadual;44;UNIÃO;UNIÃO BRASIL;UNIÃO;407
2022;1;RO;COSTA MARQUES;5;7;Deputado Estadual;44;UNIÃO;UNIÃO BRASIL;UNIÃO;2129
2022;1;RO;COLORADO DO OESTE;8;7;Deputado Estadual;70;AVANTE;AVANTE;AVANTE;122
2022;1;RO;VILHENA;4;6;Deputado Federal;65;PC do B;Partido Comunista do Brasil;Federação Brasil da Esperança - FE BRASIL(PT/PC do B/PV);24
2022;1;RO;CHUPINGUAIA;8;6;Deputado Federal;65;PC do B;Partido Comunista do Brasil;Federação Brasil da Esperança - FE BRASIL(PT/PC do B/PV);8
2022;1;RO;ARIQUEMES;7;6;Deputado Federal;65;PC do B;Partido Comunista do Brasil;Federação Brasil da Esperança - FE BRASIL(PT/PC do B/PV);110
2022;1;RO;ALTA FLORESTA D OESTE;17;7;Deputado Estadual;33;PMN;Partido da Mobilização Nacional;PMN;849
2022;1;RO;ALVORADA DO OESTE;18;7;Deputado Estadual;33;PMN;Partido da Mobilização Nacional;PMN;47
2022;1;RO;TEIXEIRÓPOLIS;13;6;Deputado Federal;35;PMB;Partido da Mulher Brasileira;PMB;0
2022;1;RO;NOVA BRASILÂNDIA D OESTE;15;6;Deputado Federal;35;PMB;Partido da Mulher Brasileira;PMB;0
2022;1;RO;BURITIS;34;6;Deputado Federal;35;PMB;Partido da Mulher Brasileira;PMB;0
2022;1;RO;PIMENTA BUENO;9;6;Deputado Federal;35;PMB;Partido da Mulher Brasileira;PMB;0
2022;1;RO;VALE DO ANARI;32;7;Deputado Estadual;12;PDT;Partido Democrático Trabalhista;PDT;7
2022;1;RO;NOVA BRASILÂNDIA D OESTE;15;6;Deputado Federal;11;PP;PROGRESSISTAS;PP;202
2022;1;RO;SERINGUEIRAS;35;6;Deputado Federal;14;PTB;Partido Trabalhista Brasileiro;PTB;138
2022;1;RO;ALTO PARAÍSO;25;7;Deputado Estadual;45;PSDB;Partido da Social Democracia Brasileira;Federação PSDB Cidadania(PSDB/CIDADANIA);23
2022;1;RO;CABIXI;8;7;Deputado Estadual;45;PSDB;Partido da Social Democracia Brasileira;Federação PSDB Cidadania(PSDB/CIDADANIA);18
2022;1;RO;RIO CRESPO;26;7;Deputado Estadual;45;PSDB;Partido da Social Democracia Brasileira;Federação PSDB Cidadania(PSDB/CIDADANIA);37
2022;1;RO;MINISTRO ANDREAZZA;11;6;Deputado Federal;51;PATRIOTA;Patriota;PATRIOTA;0
2022;1;RO;ROLIM DE MOURA;29;5;Senador;10;REPUBLICANOS;REPUBLICANOS;REPUBLICANOS / Federação PSDB Cidadania(PSDB/CIDADANIA) / UNIÃO / PSC / AVANTE / PATRIOTA / MDB;5768
2022;1;RO;COSTA MARQUES;5;5;Senador;10;REPUBLICANOS;REPUBLICANOS;REPUBLICANOS / Federação PSDB Cidadania(PSDB/CIDADANIA) / UNIÃO / PSC / AVANTE / PATRIOTA / MDB;2280
2022;1;RO;CAMPO NOVO DE RONDÔNIA;34;5;Senador;10;REPUBLICANOS;REPUBLICANOS;REPUBLICANOS / Federação PSDB Cidadania(PSDB/CIDADANIA) / UNIÃO / PSC / AVANTE / PATRIOTA / MDB;1241
2022;1;RO;PORTO VELHO;6;6;Deputado Federal;15;MDB;Movimento Democrático Brasileiro;MDB;1525
2022;1;RO;VILHENA;4;6;Deputado Federal;15;MDB;Movimento Democrático Brasileiro;MDB;3728
2022;1;RO;MINISTRO ANDREAZZA;11;6;Deputado Federal;15;MDB;Movimento Democrático Brasileiro;MDB;48
2022;1;RO;PIMENTA BUENO;9;6;Deputado Federal;15;MDB;Movimento Democrático Brasileiro;MDB;1925
2022;1;RO;MONTE NEGRO;25;7;Deputado Estadual;70;AVANTE;AVANTE;AVANTE;42
2022;1;RO;GOVERNADOR JORGE TEIXEIRA;27;6;Deputado Federal;65;PC do B;Partido Comunista do Brasil;Federação Brasil da Esperança - FE BRASIL(PT/PC do B/PV);6
2022;1;RO;PARECIS;19;6;Deputado Federal;10;REPUBLICANOS;REPUBLICANOS;REPUBLICANOS;39
2022;1;RO;JI-PARANÁ;30;7;Deputado Estadual;33;PMN;Partido da Mobilização Nacional;PMN;398
2022;1;RO;CUJUBIM;26;6;Deputado Federal;35;PMB;Partido da Mulher Brasileira;PMB;0
2022;1;RO;CORUMBIARA;16;6;Deputado Federal;35;PMB;Partido da Mulher Brasileira;PMB;0
2022;1;RO;PORTO VELHO;2;6;Deputado Federal;35;PMB;Partido da Mulher Brasileira;PMB;14
2022;1;RO;MINISTRO ANDREAZZA;11;6;Deputado Federal;35;PMB;Partido da Mulher Brasileira;PMB;0
2022;1;RO;ARIQUEMES;7;6;Deputado Federal;43;PV;Partido Verde;Federação Brasil da Esperança - FE BRASIL(PT/PC do B/PV);9
2022;1;RO;OURO PRETO DO OESTE;13;6;Deputado Federal;43;PV;Partido Verde;Federação Brasil da Esperança - FE BRASIL(PT/PC do B/PV);2
2022;1;RO;NOVA UNIÃO;28;6;Deputado Federal;43;PV;Partido Verde;Federação Brasil da Esperança - FE BRASIL(PT/PC do B/PV);1
2022;1;RO;MONTE NEGRO;25;6;Deputado Federal;90;PROS;Partido Republicano da Ordem Social;PROS;0
2022;1;RO;PARECIS;19;6;Deputado Federal;90;PROS;Partido Republicano da Ordem Social;PROS;0
2022;1;RO;ALVORADA DO OESTE;18;6;Deputado Federal;90;PROS;Partido Republicano da Ordem Social;PROS;0
2022;1;RO;NOVA BRASILÂNDIA D OESTE;15;5;Senador;35;PMB;Partido da Mulher Brasileira;PMB;16
2022;1;RO;MONTE NEGRO;25;5;Senador;35;PMB;Partido da Mulher Brasileira;PMB;14
2022;1;RO;PIMENTEIRAS DO OESTE;16;5;Senador;35;PMB;Partido da Mulher Brasileira;PMB;1
2022;1;RO;ROLIM DE MOURA;29;5;Senador;35;PMB;Partido da Mulher Brasileira;PMB;65
2022;1;RO;PIMENTEIRAS DO OESTE;16;6;Deputado Federal;55;PSD;Partido Social Democrático;PSD;113
2022;2;RO;GUAJARÁ-MIRIM;1;3;Governador;22;PL;Partido Liberal;PL / DC / PMB / PTB;11646
2022;2;RO;JI-PARANÁ;30;3;Governador;22;PL;Partido Liberal;PL / DC / PMB / PTB;24131
2022;1;RO;NOVO HORIZONTE DO OESTE;15;3;Governador;50;PSOL;Partido Socialismo e Liberdade;Federação PSOL REDE(PSOL/REDE);5
2022;1;RO;CAMPO NOVO DE RONDÔNIA;34;3;Governador;50;PSOL;Partido Socialismo e Liberdade;Federação PSOL REDE(PSOL/REDE);3
2022;1;RO;TEIXEIRÓPOLIS;13;3;Governador;50;PSOL;Partido Socialismo e Liberdade;Federação PSOL REDE(PSOL/REDE);5
2022;1;RO;PRIMAVERA DE RONDÔNIA;9;7;Deputado Estadual;23;CIDADANIA;Cidadania;Federação PSDB Cidadania(PSDB/CIDADANIA);0
2022;1;RO;PORTO VELHO;21;5;Senador;22;PL;Partido Liberal;PL / DC / PTB;12498
2022;1;RO;COLORADO DO OESTE;8;5;Senador;22;PL;Partido Liberal;PL / DC / PTB;4830
2022;1;RO;SANTA LUZIA D OESTE;19;5;Senador;22;PL;Partido Liberal;PL / DC / PTB;780
2022;1;RO;MACHADINHO D OESTE;32;6;Deputado Federal;20;PSC;Partido Social Cristão;PSC;1841
2022;1;RO;MIRANTE DA SERRA;28;6;Deputado Federal;20;PSC;Partido Social Cristão;PSC;368
2022;1;RO;URUPÁ;18;6;Deputado Federal;20;PSC;Partido Social Cristão;PSC;442
2022;1;RO;ARIQUEMES;7;6;Deputado Federal;20;PSC;Partido Social Cristão;PSC;5629
2022;1;RO;ESPIGÃO DO OESTE;12;6;Deputado Federal;44;UNIÃO;UNIÃO BRASIL;UNIÃO;4231
2022;1;RO;ESPIGÃO DO OESTE;12;7;Deputado Estadual;11;PP;PROGRESSISTAS;PP;71
2022;1;RO;JI-PARANÁ;30;7;Deputado Estadual;11;PP;PROGRESSISTAS;PP;3799
2022;1;RO;COSTA MARQUES;5;7;Deputado Estadual;11;PP;PROGRESSISTAS;PP;123
2022;1;RO;NOVA MAMORÉ;1;7;Deputado Estadual;50;PSOL;Partido Socialismo e Liberdade;Federação PSOL REDE(PSOL/REDE);1
2022;1;RO;VILHENA;4;6;Deputado Federal;18;REDE;Rede Sustentabilidade;Federação PSOL REDE(PSOL/REDE);0
2022;1;RO;SÃO FELIPE D OESTE;19;6;Deputado Federal;18;REDE;Rede Sustentabilidade;Federação PSOL REDE(PSOL/REDE);0
2022;2;RO;MINISTRO ANDREAZZA;11;3;Governador;22;PL;Partido Liberal;PL / DC / PMB / PTB;1554
2022;2;RO;BURITIS;34;3;Governador;22;PL;Partido Liberal;PL / DC / PMB / PTB;8616
2022;2;RO;ROLIM DE MOURA;29;3;Governador;22;PL;Partido Liberal;PL / DC / PMB / PTB;10784
2022;2;RO;TEIXEIRÓPOLIS;13;3;Governador;22;PL;Partido Liberal;PL / DC / PMB / PTB;1261
2022;2;RO;CEREJEIRAS;16;3;Governador;22;PL;Partido Liberal;PL / DC / PMB / PTB;5000
2022;1;RO;CASTANHEIRAS;15;7;Deputado Estadual;23;CIDADANIA;Cidadania;Federação PSDB Cidadania(PSDB/CIDADANIA);0
2022;1;RO;PORTO VELHO;20;6;Deputado Federal;18;REDE;Rede Sustentabilidade;Federação PSOL REDE(PSOL/REDE);0
2022;1;RO;ALTO PARAÍSO;25;3;Governador;19;PODE;Podemos;PODE / PMN / PSD;1584
2022;1;RO;SERINGUEIRAS;35;5;Senador;22;PL;Partido Liberal;PL / DC / PTB;1808
2022;1;RO;VILHENA;4;6;Deputado Federal;20;PSC;Partido Social Cristão;PSC;5597
2022;1;RO;BURITIS;34;6;Deputado Federal;20;PSC;Partido Social Cristão;PSC;1020
2022;1;RO;CACOAL;11;6;Deputado Federal;44;UNIÃO;UNIÃO BRASIL;UNIÃO;3911
2022;1;RO;ITAPUÃ DO OESTE;2;7;Deputado Estadual;11;PP;PROGRESSISTAS;PP;53
2022;1;RO;CEREJEIRAS;16;7;Deputado Estadual;15;MDB;Movimento Democrático Brasileiro;MDB;359
2022;1;RO;PORTO VELHO;20;6;Deputado Federal;12;PDT;Partido Democrático Trabalhista;PDT;671
2022;1;RO;CASTANHEIRAS;15;6;Deputado Federal;12;PDT;Partido Democrático Trabalhista;PDT;4
2022;1;RO;NOVO HORIZONTE DO OESTE;15;3;Governador;22;PL;Partido Liberal;PL / DC / PMB / PTB;1663
2022;1;RO;ITAPUÃ DO OESTE;2;7;Deputado Estadual;35;PMB;Partido da Mulher Brasileira;PMB;21
2022;1;RO;SÃO MIGUEL DO GUAPORÉ;35;7;Deputado Estadual;35;PMB;Partido da Mulher Brasileira;PMB;0
2022;1;RO;URUPÁ;18;7;Deputado Estadual;22;PL;Partido Liberal;PL;490
2022;1;RO;COSTA MARQUES;5;7;Deputado Estadual;22;PL;Partido Liberal;PL;466
2022;1;RO;CUJUBIM;26;7;Deputado Estadual;22;PL;Partido Liberal;PL;182
2022;1;RO;NOVA BRASILÂNDIA D OESTE;15;7;Deputado Estadual;22;PL;Partido Liberal;PL;341
2022;1;RO;COLORADO DO OESTE;8;7;Deputado Estadual;14;PTB;Partido Trabalhista Brasileiro;PTB;85
2022;1;RO;SÃO FELIPE D OESTE;19;7;Deputado Estadual;14;PTB;Partido Trabalhista Brasileiro;PTB;36
2022;1;RO;NOVO HORIZONTE DO OESTE;15;7;Deputado Estadual;51;PATRIOTA;Patriota;PATRIOTA;285
2022;1;RO;ALVORADA DO OESTE;18;6;Deputado Federal;36;AGIR;AGIR;AGIR;9
2022;1;RO;ALTA FLORESTA D OESTE;17;5;Senador;36;AGIR;AGIR;AGIR / PROS;22
2022;1;RO;ALTO ALEGRE DOS PARECIS;19;7;Deputado Estadual;12;PDT;Partido Democrático Trabalhista;PDT;28
2022;1;RO;SÃO MIGUEL DO GUAPORÉ;35;6;Deputado Federal;22;PL;Partido Liberal;PL;1830
2022;1;RO;SÃO FELIPE D OESTE;19;6;Deputado Federal;22;PL;Partido Liberal;PL;538
2022;1;RO;ALVORADA DO OESTE;18;6;Deputado Federal;22;PL;Partido Liberal;PL;2397
2022;1;RO;ESPIGÃO DO OESTE;12;3;Governador;19;PODE;Podemos;PODE / PMN / PSD;1937
2022;1;RO;COSTA MARQUES;5;6;Deputado Federal;44;UNIÃO;UNIÃO BRASIL;UNIÃO;2663
2022;1;RO;NOVA BRASILÂNDIA D OESTE;15;6;Deputado Federal;44;UNIÃO;UNIÃO BRASIL;UNIÃO;1874
2022;1;RO;SÃO MIGUEL DO GUAPORÉ;35;7;Deputado Estadual;11;PP;PROGRESSISTAS;PP;78
2022;1;RO;PIMENTA BUENO;9;7;Deputado Estadual;50;PSOL;Partido Socialismo e Liberdade;Federação PSOL REDE(PSOL/REDE);4
2022;1;RO;ALVORADA DO OESTE;18;7;Deputado Estadual;50;PSOL;Partido Socialismo e Liberdade;Federação PSOL REDE(PSOL/REDE);1
2022;1;RO;PORTO VELHO;20;7;Deputado Estadual;50;PSOL;Partido Socialismo e Liberdade;Federação PSOL REDE(PSOL/REDE);75
2022;1;RO;PIMENTA BUENO;9;6;Deputado Federal;12;PDT;Partido Democrático Trabalhista;PDT;58
2022;1;RO;PRESIDENTE MÉDICI;3;6;Deputado Federal;12;PDT;Partido Democrático Trabalhista;PDT;69
2022;1;RO;GOVERNADOR JORGE TEIXEIRA;27;6;Deputado Federal;12;PDT;Partido Democrático Trabalhista;PDT;27
2022;1;RO;PARECIS;19;7;Deputado Estadual;20;PSC;Partido Social Cristão;PSC;138
2022;1;RO;MIRANTE DA SERRA;28;7;Deputado Estadual;20;PSC;Partido Social Cristão;PSC;963
2022;1;RO;URUPÁ;18;7;Deputado Estadual;20;PSC;Partido Social Cristão;PSC;415
2022;1;RO;CEREJEIRAS;16;7;Deputado Estadual;20;PSC;Partido Social Cristão;PSC;1294
2022;1;RO;SERINGUEIRAS;35;3;Governador;22;PL;Partido Liberal;PL / DC / PMB / PTB;2474
2022;1;RO;GOVERNADOR JORGE TEIXEIRA;27;7;Deputado Estadual;22;PL;Partido Liberal;PL;400
2022;1;RO;COLORADO DO OESTE;8;7;Deputado Estadual;22;PL;Partido Liberal;PL;567
2022;1;RO;PARECIS;19;6;Deputado Federal;35;PMB;Partido da Mulher Brasileira;PMB;0
2022;1;RO;GUAJARÁ-MIRIM;1;6;Deputado Federal;35;PMB;Partido da Mulher Brasileira;PMB;2
2022;1;RO;SÃO FRANCISCO DO GUAPORÉ;5;5;Senador;12;PDT;Partido Democrático Trabalhista;Federação Brasil da Esperança - FE BRASIL(PT/PC do B/PV) / PDT / PSB / SOLIDARIEDADE;0
2022;1;RO;PRESIDENTE MÉDICI;3;3;Governador;77;SOLIDARIEDADE;Solidariedade;Federação Brasil da Esperança - FE BRASIL(PT/PC do B/PV) / PSB / SOLIDARIEDADE / PDT;868
2022;1;RO;PORTO VELHO;21;3;Governador;77;SOLIDARIEDADE;Solidariedade;Federação Brasil da Esperança - FE BRASIL(PT/PC do B/PV) / PSB / SOLIDARIEDADE / PDT;5985
2022;1;RO;JARU;10;6;Deputado Federal;13;PT;Partido dos Trabalhadores;Federação Brasil da Esperança - FE BRASIL(PT/PC do B/PV);1049
2022;1;RO;CUJUBIM;26;5;Senador;11;PP;PROGRESSISTAS;PP;1880
2022;1;RO;NOVA UNIÃO;28;5;Senador;11;PP;PROGRESSISTAS;PP;241
2022;1;RO;PORTO VELHO;21;7;Deputado Estadual;77;SOLIDARIEDADE;Solidariedade;SOLIDARIEDADE;328
2022;1;RO;MONTE NEGRO;25;7;Deputado Estadual;19;PODE;Podemos;PODE;264
2022;1;RO;BURITIS;34;7;Deputado Estadual;13;PT;Partido dos Trabalhadores;Federação Brasil da Esperança - FE BRASIL(PT/PC do B/PV);234
2022;1;RO;VALE DO PARAÍSO;28;7;Deputado Estadual;13;PT;Partido dos Trabalhadores;Federação Brasil da Esperança - FE BRASIL(PT/PC do B/PV);482
2022;1;RO;OURO PRETO DO OESTE;13;7;Deputado Estadual;65;PC do B;Partido Comunista do Brasil;Federação Brasil da Esperança - FE BRASIL(PT/PC do B/PV);0
2022;1;RO;CUJUBIM;26;7;Deputado Estadual;65;PC do B;Partido Comunista do Brasil;Federação Brasil da Esperança - FE BRASIL(PT/PC do B/PV);0
2022;1;RO;CABIXI;8;7;Deputado Estadual;65;PC do B;Partido Comunista do Brasil;Federação Brasil da Esperança - FE BRASIL(PT/PC do B/PV);0
2022;1;RO;CORUMBIARA;16;7;Deputado Estadual;65;PC do B;Partido Comunista do Brasil;Federação Brasil da Esperança - FE BRASIL(PT/PC do B/PV);0
2022;1;RO;PORTO VELHO;20;7;Deputado Estadual;65;PC do B;Partido Comunista do Brasil;Federação Brasil da Esperança - FE BRASIL(PT/PC do B/PV);115
2022;1;RO;PRESIDENTE MÉDICI;3;7;Deputado Estadual;65;PC do B;Partido Comunista do Brasil;Federação Brasil da Esperança - FE BRASIL(PT/PC do B/PV);3
2022;1;RO;CUJUBIM;26;6;Deputado Federal;40;PSB;Partido Socialista Brasileiro;PSB;76
2022;1;RO;COLORADO DO OESTE;8;6;Deputado Federal;77;SOLIDARIEDADE;Solidariedade;SOLIDARIEDADE;10
2022;1;RO;COLORADO DO OESTE;8;7;Deputado Estadual;40;PSB;Partido Socialista Brasileiro;PSB;563
2022;2;RO;URUPÁ;18;3;Governador;44;UNIÃO;UNIÃO BRASIL;UNIÃO / REPUBLICANOS / AVANTE / MDB / PATRIOTA / PSC / Federação PSDB Cidadania(PSDB/CIDADANIA);3048
2022;2;RO;ALTO ALEGRE DOS PARECIS;19;3;Governador;44;UNIÃO;UNIÃO BRASIL;UNIÃO / REPUBLICANOS / AVANTE / MDB / PATRIOTA / PSC / Federação PSDB Cidadania(PSDB/CIDADANIA);4842
2022;1;RO;CHUPINGUAIA;8;3;Governador;44;UNIÃO;UNIÃO BRASIL;UNIÃO / REPUBLICANOS / AVANTE / MDB / PATRIOTA / PSC / Federação PSDB Cidadania(PSDB/CIDADANIA);949
2022;1;RO;VILHENA;4;3;Governador;44;UNIÃO;UNIÃO BRASIL;UNIÃO / REPUBLICANOS / AVANTE / MDB / PATRIOTA / PSC / Federação PSDB Cidadania(PSDB/CIDADANIA);14363
2022;1;RO;PORTO VELHO;20;3;Governador;44;UNIÃO;UNIÃO BRASIL;UNIÃO / REPUBLICANOS / AVANTE / MDB / PATRIOTA / PSC / Federação PSDB Cidadania(PSDB/CIDADANIA);25420
2022;1;RO;CACOAL;11;3;Governador;44;UNIÃO;UNIÃO BRASIL;UNIÃO / REPUBLICANOS / AVANTE / MDB / PATRIOTA / PSC / Federação PSDB Cidadania(PSDB/CIDADANIA);21416
2022;1;RO;ARIQUEMES;7;7;Deputado Estadual;23;CIDADANIA;Cidadania;Federação PSDB Cidadania(PSDB/CIDADANIA);0
2022;1;RO;CAMPO NOVO DE RONDÔNIA;34;5;Senador;12;PDT;Partido Democrático Trabalhista;Federação Brasil da Esperança - FE BRASIL(PT/PC do B/PV) / PDT / PSB / SOLIDARIEDADE;0
2022;1;RO;ALTO ALEGRE DOS PARECIS;19;5;Senador;12;PDT;Partido Democrático Trabalhista;Federação Brasil da Esperança - FE BRASIL(PT/PC do B/PV) / PDT / PSB / SOLIDARIEDADE;0
2022;1;RO;PARECIS;19;5;Senador;12;PDT;Partido Democrático Trabalhista;Federação Brasil da Esperança - FE BRASIL(PT/PC do B/PV) / PDT / PSB / SOLIDARIEDADE;0
2022;1;RO;NOVA BRASILÂNDIA D OESTE;15;5;Senador;12;PDT;Partido Democrático Trabalhista;Federação Brasil da Esperança - FE BRASIL(PT/PC do B/PV) / PDT / PSB / SOLIDARIEDADE;0
2022;1;RO;CUJUBIM;26;7;Deputado Estadual;23;CIDADANIA;Cidadania;Federação PSDB Cidadania(PSDB/CIDADANIA);0
2022;1;RO;PIMENTEIRAS DO OESTE;16;7;Deputado Estadual;23;CIDADANIA;Cidadania;Federação PSDB Cidadania(PSDB/CIDADANIA);0
2022;1;RO;SÃO MIGUEL DO GUAPORÉ;35;3;Governador;77;SOLIDARIEDADE;Solidariedade;Federação Brasil da Esperança - FE BRASIL(PT/PC do B/PV) / PSB / SOLIDARIEDADE / PDT;1029
2022;1;RO;CACAULÂNDIA;26;3;Governador;77;SOLIDARIEDADE;Solidariedade;Federação Brasil da Esperança - FE BRASIL(PT/PC do B/PV) / PSB / SOLIDARIEDADE / PDT;134
2022;1;RO;TEIXEIRÓPOLIS;13;3;Governador;77;SOLIDARIEDADE;Solidariedade;Federação Brasil da Esperança - FE BRASIL(PT/PC do B/PV) / PSB / SOLIDARIEDADE / PDT;683
2022;1;RO;JI-PARANÁ;3;6;Deputado Federal;13;PT;Partido dos Trabalhadores;Federação Brasil da Esperança - FE BRASIL(PT/PC do B/PV);1111
2022;2;RO;CASTANHEIRAS;15;3;Governador;22;PL;Partido Liberal;PL / DC / PMB / PTB;1219
2022;1;RO;CACAULÂNDIA;26;7;Deputado Estadual;23;CIDADANIA;Cidadania;Federação PSDB Cidadania(PSDB/CIDADANIA);0
2022;1;RO;ALTO PARAÍSO;25;6;Deputado Federal;18;REDE;Rede Sustentabilidade;Federação PSOL REDE(PSOL/REDE);0
2022;1;RO;PRIMAVERA DE RONDÔNIA;9;6;Deputado Federal;18;REDE;Rede Sustentabilidade;Federação PSOL REDE(PSOL/REDE);0
2022;1;RO;CACAULÂNDIA;26;3;Governador;19;PODE;Podemos;PODE / PMN / PSD;651
2022;1;RO;ROLIM DE MOURA;29;3;Governador;19;PODE;Podemos;PODE / PMN / PSD;2734
2022;1;RO;MIRANTE DA SERRA;28;5;Senador;22;PL;Partido Liberal;PL / DC / PTB;1790
2022;1;RO;ESPIGÃO DO OESTE;12;6;Deputado Federal;20;PSC;Partido Social Cristão;PSC;922
2022;1;RO;NOVO HORIZONTE DO OESTE;15;6;Deputado Federal;44;UNIÃO;UNIÃO BRASIL;UNIÃO;1482
2022;1;RO;RIO CRESPO;26;6;Deputado Federal;44;UNIÃO;UNIÃO BRASIL;UNIÃO;198
2022;1;RO;MACHADINHO D OESTE;32;6;Deputado Federal;43;PV;Partido Verde;Federação Brasil da Esperança - FE BRASIL(PT/PC do B/PV);3
2022;1;RO;CACAULÂNDIA;26;6;Deputado Federal;43;PV;Partido Verde;Federação Brasil da Esperança - FE BRASIL(PT/PC do B/PV);0
2022;1;RO;MIRANTE DA SERRA;28;6;Deputado Federal;43;PV;Partido Verde;Federação Brasil da Esperança - FE BRASIL(PT/PC do B/PV);0
2022;1;RO;VILHENA;4;6;Deputado Federal;43;PV;Partido Verde;Federação Brasil da Esperança - FE BRASIL(PT/PC do B/PV);248
2022;1;RO;VILHENA;4;6;Deputado Federal;90;PROS;Partido Republicano da Ordem Social;PROS;15
2022;1;RO;SANTA LUZIA D OESTE;19;6;Deputado Federal;90;PROS;Partido Republicano da Ordem Social;PROS;1
2022;1;RO;RIO CRESPO;26;5;Senador;35;PMB;Partido da Mulher Brasileira;PMB;5
2022;1;RO;MIRANTE DA SERRA;28;5;Senador;35;PMB;Partido da Mulher Brasileira;PMB;5
2022;1;RO;THEOBROMA;27;5;Senador;35;PMB;Partido da Mulher Brasileira;PMB;14
2022;1;RO;CHUPINGUAIA;8;5;Senador;35;PMB;Partido da Mulher Brasileira;PMB;7
2022;1;RO;SÃO FELIPE D OESTE;19;5;Senador;35;PMB;Partido da Mulher Brasileira;PMB;3
2022;1;RO;JI-PARANÁ;3;6;Deputado Federal;55;PSD;Partido Social Democrático;PSD;1110
2022;1;RO;COSTA MARQUES;5;6;Deputado Federal;55;PSD;Partido Social Democrático;PSD;759
2022;1;RO;JI-PARANÁ;30;6;Deputado Federal;55;PSD;Partido Social Democrático;PSD;2042
2022;1;RO;SÃO FRANCISCO DO GUAPORÉ;5;6;Deputado Federal;55;PSD;Partido Social Democrático;PSD;272
2022;1;RO;PRESIDENTE MÉDICI;3;6;Deputado Federal;70;AVANTE;AVANTE;AVANTE;44
2022;1;RO;OURO PRETO DO OESTE;13;6;Deputado Federal;70;AVANTE;AVANTE;AVANTE;139
2022;1;RO;ITAPUÃ DO OESTE;2;7;Deputado Estadual;10;REPUBLICANOS;REPUBLICANOS;REPUBLICANOS;490
2022;1;RO;MINISTRO ANDREAZZA;11;3;Governador;50;PSOL;Partido Socialismo e Liberdade;Federação PSOL REDE(PSOL/REDE);6
2022;1;RO;PORTO VELHO;20;6;Deputado Federal;19;PODE;Podemos;PODE;5810
2022;1;RO;CAMPO NOVO DE RONDÔNIA;34;6;Deputado Federal;50;PSOL;Partido Socialismo e Liberdade;Federação PSOL REDE(PSOL/REDE);0
2022;1;RO;CUJUBIM;26;6;Deputado Federal;50;PSOL;Partido Socialismo e Liberdade;Federação PSOL REDE(PSOL/REDE);6
2022;1;RO;CASTANHEIRAS;15;6;Deputado Federal;50;PSOL;Partido Socialismo e Liberdade;Federação PSOL REDE(PSOL/REDE);0
2022;1;RO;PRESIDENTE MÉDICI;3;7;Deputado Estadual;77;SOLIDARIEDADE;Solidariedade;SOLIDARIEDADE;24
2022;1;RO;PORTO VELHO;21;7;Deputado Estadual;19;PODE;Podemos;PODE;2554
2022;1;RO;ALTO PARAÍSO;25;7;Deputado Estadual;19;PODE;Podemos;PODE;352
2022;1;RO;MIRANTE DA SERRA;28;7;Deputado Estadual;19;PODE;Podemos;PODE;275
2022;1;RO;ARIQUEMES;7;7;Deputado Estadual;19;PODE;Podemos;PODE;602
2022;1;RO;CACOAL;11;7;Deputado Estadual;13;PT;Partido dos Trabalhadores;Federação Brasil da Esperança - FE BRASIL(PT/PC do B/PV);1864
2022;1;RO;MINISTRO ANDREAZZA;11;7;Deputado Estadual;13;PT;Partido dos Trabalhadores;Federação Brasil da Esperança - FE BRASIL(PT/PC do B/PV);218
2022;1;RO;ALVORADA DO OESTE;18;7;Deputado Estadual;43;PV;Partido Verde;Federação Brasil da Esperança - FE BRASIL(PT/PC do B/PV);20
2022;1;RO;PRESIDENTE MÉDICI;3;7;Deputado Estadual;43;PV;Partido Verde;Federação Brasil da Esperança - FE BRASIL(PT/PC do B/PV);2
2022;1;RO;ROLIM DE MOURA;29;7;Deputado Estadual;43;PV;Partido Verde;Federação Brasil da Esperança - FE BRASIL(PT/PC do B/PV);13
2022;1;RO;GUAJARÁ-MIRIM;1;7;Deputado Estadual;55;PSD;Partido Social Democrático;PSD;417
2022;1;RO;NOVA BRASILÂNDIA D OESTE;15;7;Deputado Estadual;36;AGIR;AGIR;AGIR;0
2022;1;RO;CORUMBIARA;16;7;Deputado Estadual;36;AGIR;AGIR;AGIR;0
2022;1;RO;PIMENTA BUENO;9;6;Deputado Federal;40;PSB;Partido Socialista Brasileiro;PSB;1233
2022;1;RO;PRESIDENTE MÉDICI;3;6;Deputado Federal;77;SOLIDARIEDADE;Solidariedade;SOLIDARIEDADE;16
2022;1;RO;PORTO VELHO;6;6;Deputado Federal;77;SOLIDARIEDADE;Solidariedade;SOLIDARIEDADE;160
2022;1;RO;GUAJARÁ-MIRIM;1;6;Deputado Federal;77;SOLIDARIEDADE;Solidariedade;SOLIDARIEDADE;27
2022;1;RO;THEOBROMA;27;6;Deputado Federal;77;SOLIDARIEDADE;Solidariedade;SOLIDARIEDADE;14
2022;1;RO;MACHADINHO D OESTE;32;6;Deputado Federal;77;SOLIDARIEDADE;Solidariedade;SOLIDARIEDADE;628
2022;1;RO;COSTA MARQUES;5;7;Deputado Estadual;40;PSB;Partido Socialista Brasileiro;PSB;825
2022;1;RO;ALTO PARAÍSO;25;7;Deputado Estadual;40;PSB;Partido Socialista Brasileiro;PSB;444
2022;1;RO;CASTANHEIRAS;15;7;Deputado Estadual;40;PSB;Partido Socialista Brasileiro;PSB;92
2022;2;RO;SÃO FRANCISCO DO GUAPORÉ;5;3;Governador;44;UNIÃO;UNIÃO BRASIL;UNIÃO / REPUBLICANOS / AVANTE / MDB / PATRIOTA / PSC / Federação PSDB Cidadania(PSDB/CIDADANIA);3955
2022;2;RO;VILHENA;4;3;Governador;44;UNIÃO;UNIÃO BRASIL;UNIÃO / REPUBLICANOS / AVANTE / MDB / PATRIOTA / PSC / Federação PSDB Cidadania(PSDB/CIDADANIA);21506
2022;2;RO;MIRANTE DA SERRA;28;3;Governador;44;UNIÃO;UNIÃO BRASIL;UNIÃO / REPUBLICANOS / AVANTE / MDB / PATRIOTA / PSC / Federação PSDB Cidadania(PSDB/CIDADANIA);3090
2022;1;RO;JI-PARANÁ;3;7;Deputado Estadual;23;CIDADANIA;Cidadania;Federação PSDB Cidadania(PSDB/CIDADANIA);0
2022;1;RO;JARU;10;3;Governador;77;SOLIDARIEDADE;Solidariedade;Federação Brasil da Esperança - FE BRASIL(PT/PC do B/PV) / PSB / SOLIDARIEDADE / PDT;1846
2022;1;RO;PORTO VELHO;20;6;Deputado Federal;43;PV;Partido Verde;Federação Brasil da Esperança - FE BRASIL(PT/PC do B/PV);151
2022;1;RO;NOVO HORIZONTE DO OESTE;15;6;Deputado Federal;43;PV;Partido Verde;Federação Brasil da Esperança - FE BRASIL(PT/PC do B/PV);0
2022;1;RO;ALTA FLORESTA D OESTE;17;6;Deputado Federal;90;PROS;Partido Republicano da Ordem Social;PROS;3
2022;1;RO;GUAJARÁ-MIRIM;1;6;Deputado Federal;90;PROS;Partido Republicano da Ordem Social;PROS;26
2022;1;RO;VALE DO PARAÍSO;28;6;Deputado Federal;90;PROS;Partido Republicano da Ordem Social;PROS;0
2022;1;RO;GOVERNADOR JORGE TEIXEIRA;27;6;Deputado Federal;55;PSD;Partido Social Democrático;PSD;204
2022;1;RO;CUJUBIM;26;6;Deputado Federal;70;AVANTE;AVANTE;AVANTE;45
2022;1;RO;NOVO HORIZONTE DO OESTE;15;6;Deputado Federal;70;AVANTE;AVANTE;AVANTE;12
2022;1;RO;MACHADINHO D OESTE;32;6;Deputado Federal;70;AVANTE;AVANTE;AVANTE;92
2022;1;RO;CACOAL;11;7;Deputado Estadual;77;SOLIDARIEDADE;Solidariedade;SOLIDARIEDADE;52
2022;1;RO;NOVA MAMORÉ;1;7;Deputado Estadual;77;SOLIDARIEDADE;Solidariedade;SOLIDARIEDADE;87
2022;1;RO;NOVA UNIÃO;28;7;Deputado Estadual;19;PODE;Podemos;PODE;36
2022;1;RO;RIO CRESPO;26;7;Deputado Estadual;19;PODE;Podemos;PODE;73
2022;1;RO;PORTO VELHO;2;7;Deputado Estadual;18;REDE;Rede Sustentabilidade;Federação PSOL REDE(PSOL/REDE);180
2022;1;RO;CUJUBIM;26;7;Deputado Estadual;18;REDE;Rede Sustentabilidade;Federação PSOL REDE(PSOL/REDE);0
2022;1;RO;VALE DO ANARI;32;7;Deputado Estadual;13;PT;Partido dos Trabalhadores;Federação Brasil da Esperança - FE BRASIL(PT/PC do B/PV);172
2022;1;RO;URUPÁ;18;7;Deputado Estadual;43;PV;Partido Verde;Federação Brasil da Esperança - FE BRASIL(PT/PC do B/PV);1
2022;1;RO;NOVA BRASILÂNDIA D OESTE;15;7;Deputado Estadual;43;PV;Partido Verde;Federação Brasil da Esperança - FE BRASIL(PT/PC do B/PV);0
2022;1;RO;CABIXI;8;7;Deputado Estadual;55;PSD;Partido Social Democrático;PSD;73
2022;1;RO;MINISTRO ANDREAZZA;11;7;Deputado Estadual;36;AGIR;AGIR;AGIR;9
2022;1;RO;NOVA MAMORÉ;1;7;Deputado Estadual;36;AGIR;AGIR;AGIR;1
2022;1;RO;ITAPUÃ DO OESTE;2;6;Deputado Federal;77;SOLIDARIEDADE;Solidariedade;SOLIDARIEDADE;5
2022;1;RO;GOVERNADOR JORGE TEIXEIRA;27;6;Deputado Federal;77;SOLIDARIEDADE;Solidariedade;SOLIDARIEDADE;5
2022;1;RO;SÃO FELIPE D OESTE;19;7;Deputado Estadual;40;PSB;Partido Socialista Brasileiro;PSB;75
2022;1;RO;ESPIGÃO DO OESTE;12;7;Deputado Estadual;40;PSB;Partido Socialista Brasileiro;PSB;953
2022;1;RO;NOVA MAMORÉ;1;7;Deputado Estadual;45;PSDB;Partido da Social Democracia Brasileira;Federação PSDB Cidadania(PSDB/CIDADANIA);65
2022;1;RO;CACAULÂNDIA;26;6;Deputado Federal;51;PATRIOTA;Patriota;PATRIOTA;6
2022;1;RO;ITAPUÃ DO OESTE;2;6;Deputado Federal;51;PATRIOTA;Patriota;PATRIOTA;11
2022;1;RO;CAMPO NOVO DE RONDÔNIA;34;6;Deputado Federal;51;PATRIOTA;Patriota;PATRIOTA;3
2022;1;RO;ALTA FLORESTA D OESTE;17;6;Deputado Federal;51;PATRIOTA;Patriota;PATRIOTA;21
2022;1;RO;SERINGUEIRAS;35;5;Senador;10;REPUBLICANOS;REPUBLICANOS;REPUBLICANOS / Federação PSDB Cidadania(PSDB/CIDADANIA) / UNIÃO / PSC / AVANTE / PATRIOTA / MDB;2429
2022;1;RO;ALTO ALEGRE DOS PARECIS;19;6;Deputado Federal;15;MDB;Movimento Democrático Brasileiro;MDB;1242
2022;1;RO;GOVERNADOR JORGE TEIXEIRA;27;6;Deputado Federal;15;MDB;Movimento Democrático Brasileiro;MDB;1378
2022;1;RO;SERINGUEIRAS;35;7;Deputado Estadual;44;UNIÃO;UNIÃO BRASIL;UNIÃO;1441
2022;1;RO;TEIXEIRÓPOLIS;13;7;Deputado Estadual;70;AVANTE;AVANTE;AVANTE;15
2022;1;RO;ALTO ALEGRE DOS PARECIS;19;6;Deputado Federal;65;PC do B;Partido Comunista do Brasil;Federação Brasil da Esperança - FE BRASIL(PT/PC do B/PV);20
2022;1;RO;COLORADO DO OESTE;8;6;Deputado Federal;65;PC do B;Partido Comunista do Brasil;Federação Brasil da Esperança - FE BRASIL(PT/PC do B/PV);8
2022;1;RO;URUPÁ;18;6;Deputado Federal;10;REPUBLICANOS;REPUBLICANOS;REPUBLICANOS;140
2022;1;RO;COSTA MARQUES;5;6;Deputado Federal;10;REPUBLICANOS;REPUBLICANOS;REPUBLICANOS;234
2022;1;RO;CAMPO NOVO DE RONDÔNIA;34;7;Deputado Estadual;33;PMN;Partido da Mobilização Nacional;PMN;60
2022;1;RO;CORUMBIARA;16;7;Deputado Estadual;33;PMN;Partido da Mobilização Nacional;PMN;34
2022;1;RO;ALTO PARAÍSO;25;6;Deputado Federal;90;PROS;Partido Republicano da Ordem Social;PROS;8
2022;1;RO;TEIXEIRÓPOLIS;13;6;Deputado Federal;90;PROS;Partido Republicano da Ordem Social;PROS;4
2022;1;RO;NOVO HORIZONTE DO OESTE;15;5;Senador;35;PMB;Partido da Mulher Brasileira;PMB;7
2022;1;RO;PORTO VELHO;21;5;Senador;35;PMB;Partido da Mulher Brasileira;PMB;2064
2022;1;RO;VALE DO ANARI;32;5;Senador;35;PMB;Partido da Mulher Brasileira;PMB;12
2022;1;RO;SÃO MIGUEL DO GUAPORÉ;35;6;Deputado Federal;55;PSD;Partido Social Democrático;PSD;490
2022;1;RO;SÃO FRANCISCO DO GUAPORÉ;5;7;Deputado Estadual;10;REPUBLICANOS;REPUBLICANOS;REPUBLICANOS;322
2022;1;RO;ALTO ALEGRE DOS PARECIS;19;7;Deputado Estadual;10;REPUBLICANOS;REPUBLICANOS;REPUBLICANOS;126
2022;1;RO;VILHENA;4;7;Deputado Estadual;10;REPUBLICANOS;REPUBLICANOS;REPUBLICANOS;2456
2022;1;RO;RIO CRESPO;26;3;Governador;50;PSOL;Partido Socialismo e Liberdade;Federação PSOL REDE(PSOL/REDE);0
2022;1;RO;CAMPO NOVO DE RONDÔNIA;34;7;Deputado Estadual;44;UNIÃO;UNIÃO BRASIL;UNIÃO;441
2022;1;RO;CABIXI;8;7;Deputado Estadual;44;UNIÃO;UNIÃO BRASIL;UNIÃO;590
2022;1;RO;GUAJARÁ-MIRIM;1;7;Deputado Estadual;70;AVANTE;AVANTE;AVANTE;490
2022;1;RO;CAMPO NOVO DE RONDÔNIA;34;7;Deputado Estadual;70;AVANTE;AVANTE;AVANTE;40
2022;1;RO;VALE DO PARAÍSO;28;6;Deputado Federal;65;PC do B;Partido Comunista do Brasil;Federação Brasil da Esperança - FE BRASIL(PT/PC do B/PV);28
2022;1;RO;MIRANTE DA SERRA;28;6;Deputado Federal;65;PC do B;Partido Comunista do Brasil;Federação Brasil da Esperança - FE BRASIL(PT/PC do B/PV);26
2022;1;RO;PRIMAVERA DE RONDÔNIA;9;6;Deputado Federal;10;REPUBLICANOS;REPUBLICANOS;REPUBLICANOS;59
2022;1;RO;NOVA MAMORÉ;1;6;Deputado Federal;10;REPUBLICANOS;REPUBLICANOS;REPUBLICANOS;491
2022;1;RO;PIMENTEIRAS DO OESTE;16;6;Deputado Federal;10;REPUBLICANOS;REPUBLICANOS;REPUBLICANOS;146
2022;1;RO;SÃO FRANCISCO DO GUAPORÉ;5;6;Deputado Federal;10;REPUBLICANOS;REPUBLICANOS;REPUBLICANOS;396
2022;1;RO;CANDEIAS DO JAMARI;21;7;Deputado Estadual;33;PMN;Partido da Mobilização Nacional;PMN;160
2022;1;RO;CEREJEIRAS;16;6;Deputado Federal;35;PMB;Partido da Mulher Brasileira;PMB;0
2022;1;RO;VALE DO ANARI;32;6;Deputado Federal;77;SOLIDARIEDADE;Solidariedade;SOLIDARIEDADE;8
2022;1;RO;VILHENA;4;7;Deputado Estadual;18;REDE;Rede Sustentabilidade;Federação PSOL REDE(PSOL/REDE);26
2022;1;RO;NOVA BRASILÂNDIA D OESTE;15;7;Deputado Estadual;18;REDE;Rede Sustentabilidade;Federação PSOL REDE(PSOL/REDE);0
2022;1;RO;PORTO VELHO;20;7;Deputado Estadual;18;REDE;Rede Sustentabilidade;Federação PSOL REDE(PSOL/REDE);117
2022;2;RO;CACAULÂNDIA;26;3;Governador;44;UNIÃO;UNIÃO BRASIL;UNIÃO / REPUBLICANOS / AVANTE / MDB / PATRIOTA / PSC / Federação PSDB Cidadania(PSDB/CIDADANIA);944
2022;2;RO;ARIQUEMES;7;3;Governador;44;UNIÃO;UNIÃO BRASIL;UNIÃO / REPUBLICANOS / AVANTE / MDB / PATRIOTA / PSC / Federação PSDB Cidadania(PSDB/CIDADANIA);21110
2022;2;RO;SANTA LUZIA D OESTE;19;3;Governador;44;UNIÃO;UNIÃO BRASIL;UNIÃO / REPUBLICANOS / AVANTE / MDB / PATRIOTA / PSC / Federação PSDB Cidadania(PSDB/CIDADANIA);3442
2022;2;RO;PARECIS;19;3;Governador;44;UNIÃO;UNIÃO BRASIL;UNIÃO / REPUBLICANOS / AVANTE / MDB / PATRIOTA / PSC / Federação PSDB Cidadania(PSDB/CIDADANIA);1327
2022;1;RO;PORTO VELHO;6;3;Governador;44;UNIÃO;UNIÃO BRASIL;UNIÃO / REPUBLICANOS / AVANTE / MDB / PATRIOTA / PSC / Federação PSDB Cidadania(PSDB/CIDADANIA);20783
2022;1;RO;PORTO VELHO;21;7;Deputado Estadual;40;PSB;Partido Socialista Brasileiro;PSB;1205
2022;1;RO;CORUMBIARA;16;7;Deputado Estadual;40;PSB;Partido Socialista Brasileiro;PSB;886
2022;1;RO;CEREJEIRAS;16;5;Senador;12;PDT;Partido Democrático Trabalhista;Federação Brasil da Esperança - FE BRASIL(PT/PC do B/PV) / PDT / PSB / SOLIDARIEDADE;0
2022;1;RO;PORTO VELHO;2;5;Senador;12;PDT;Partido Democrático Trabalhista;Federação Brasil da Esperança - FE BRASIL(PT/PC do B/PV) / PDT / PSB / SOLIDARIEDADE;0
2022;1;RO;NOVO HORIZONTE DO OESTE;15;5;Senador;12;PDT;Partido Democrático Trabalhista;Federação Brasil da Esperança - FE BRASIL(PT/PC do B/PV) / PDT / PSB / SOLIDARIEDADE;0
2022;1;RO;PRIMAVERA DE RONDÔNIA;9;5;Senador;12;PDT;Partido Democrático Trabalhista;Federação Brasil da Esperança - FE BRASIL(PT/PC do B/PV) / PDT / PSB / SOLIDARIEDADE;0
2022;1;RO;SANTA LUZIA D OESTE;19;6;Deputado Federal;18;REDE;Rede Sustentabilidade;Federação PSOL REDE(PSOL/REDE);0
2022;1;RO;ALTO ALEGRE DOS PARECIS;19;6;Deputado Federal;18;REDE;Rede Sustentabilidade;Federação PSOL REDE(PSOL/REDE);0
2022;1;RO;TEIXEIRÓPOLIS;13;5;Senador;11;PP;PROGRESSISTAS;PP;324
2022;1;RO;PRIMAVERA DE RONDÔNIA;9;5;Senador;11;PP;PROGRESSISTAS;PP;608
2022;1;RO;OURO PRETO DO OESTE;13;5;Senador;55;PSD;Partido Social Democrático;PODE / PSD / PMN;3565
2022;1;RO;VALE DO ANARI;32;5;Senador;55;PSD;Partido Social Democrático;PODE / PSD / PMN;382
2022;1;RO;CACAULÂNDIA;26;5;Senador;55;PSD;Partido Social Democrático;PODE / PSD / PMN;319
2022;2;RO;ALTA FLORESTA D OESTE;17;3;Governador;22;PL;Partido Liberal;PL / DC / PMB / PTB;3861
2022;2;RO;ARIQUEMES;7;3;Governador;22;PL;Partido Liberal;PL / DC / PMB / PTB;28212
2022;1;RO;CORUMBIARA;16;7;Deputado Estadual;23;CIDADANIA;Cidadania;Federação PSDB Cidadania(PSDB/CIDADANIA);0
2022;1;RO;ESPIGÃO DO OESTE;12;7;Deputado Estadual;23;CIDADANIA;Cidadania;Federação PSDB Cidadania(PSDB/CIDADANIA);0
2022;1;RO;SERINGUEIRAS;35;3;Governador;19;PODE;Podemos;PODE / PMN / PSD;848
2022;1;RO;JI-PARANÁ;30;6;Deputado Federal;18;REDE;Rede Sustentabilidade;Federação PSOL REDE(PSOL/REDE);0
2022;1;RO;ALTO ALEGRE DOS PARECIS;19;5;Senador;22;PL;Partido Liberal;PL / DC / PTB;1055
2022;1;RO;CACOAL;11;6;Deputado Federal;20;PSC;Partido Social Cristão;PSC;4450
2022;1;RO;CACAULÂNDIA;26;6;Deputado Federal;20;PSC;Partido Social Cristão;PSC;421
2022;1;RO;SANTA LUZIA D OESTE;19;5;Senador;11;PP;PROGRESSISTAS;PP;1234
2022;1;RO;CANDEIAS DO JAMARI;21;5;Senador;11;PP;PROGRESSISTAS;PP;946
2022;1;RO;PIMENTA BUENO;9;5;Senador;11;PP;PROGRESSISTAS;PP;2676
2022;1;RO;THEOBROMA;27;5;Senador;55;PSD;Partido Social Democrático;PODE / PSD / PMN;1044
2022;1;RO;CEREJEIRAS;16;5;Senador;55;PSD;Partido Social Democrático;PODE / PSD / PMN;299
2022;1;RO;CASTANHEIRAS;15;6;Deputado Federal;13;PT;Partido dos Trabalhadores;Federação Brasil da Esperança - FE BRASIL(PT/PC do B/PV);144
2022;1;RO;ALTO ALEGRE DOS PARECIS;19;6;Deputado Federal;13;PT;Partido dos Trabalhadores;Federação Brasil da Esperança - FE BRASIL(PT/PC do B/PV);586
2022;2;RO;CUJUBIM;26;3;Governador;44;UNIÃO;UNIÃO BRASIL;UNIÃO / REPUBLICANOS / AVANTE / MDB / PATRIOTA / PSC / Federação PSDB Cidadania(PSDB/CIDADANIA);2523
2022;2;RO;JARU;10;3;Governador;44;UNIÃO;UNIÃO BRASIL;UNIÃO / REPUBLICANOS / AVANTE / MDB / PATRIOTA / PSC / Federação PSDB Cidadania(PSDB/CIDADANIA);15392
2022;1;RO;JI-PARANÁ;3;3;Governador;44;UNIÃO;UNIÃO BRASIL;UNIÃO / REPUBLICANOS / AVANTE / MDB / PATRIOTA / PSC / Federação PSDB Cidadania(PSDB/CIDADANIA);7815
2022;1;RO;ROLIM DE MOURA;29;3;Governador;44;UNIÃO;UNIÃO BRASIL;UNIÃO / REPUBLICANOS / AVANTE / MDB / PATRIOTA / PSC / Federação PSDB Cidadania(PSDB/CIDADANIA);14636
2022;1;RO;PORTO VELHO;6;7;Deputado Estadual;23;CIDADANIA;Cidadania;Federação PSDB Cidadania(PSDB/CIDADANIA);0
2022;1;RO;SERINGUEIRAS;35;3;Governador;77;SOLIDARIEDADE;Solidariedade;Federação Brasil da Esperança - FE BRASIL(PT/PC do B/PV) / PSB / SOLIDARIEDADE / PDT;716
2022;1;RO;ALVORADA DO OESTE;18;3;Governador;77;SOLIDARIEDADE;Solidariedade;Federação Brasil da Esperança - FE BRASIL(PT/PC do B/PV) / PSB / SOLIDARIEDADE / PDT;978
2022;1;RO;THEOBROMA;27;3;Governador;77;SOLIDARIEDADE;Solidariedade;Federação Brasil da Esperança - FE BRASIL(PT/PC do B/PV) / PSB / SOLIDARIEDADE / PDT;577
2022;1;RO;CEREJEIRAS;16;3;Governador;77;SOLIDARIEDADE;Solidariedade;Federação Brasil da Esperança - FE BRASIL(PT/PC do B/PV) / PSB / SOLIDARIEDADE / PDT;786
2022;1;RO;CUJUBIM;26;6;Deputado Federal;18;REDE;Rede Sustentabilidade;Federação PSOL REDE(PSOL/REDE);0
2022;1;RO;TEIXEIRÓPOLIS;13;6;Deputado Federal;13;PT;Partido dos Trabalhadores;Federação Brasil da Esperança - FE BRASIL(PT/PC do B/PV);695
2022;1;RO;VILHENA;4;5;Senador;11;PP;PROGRESSISTAS;PP;2720
2022;1;RO;COSTA MARQUES;5;5;Senador;11;PP;PROGRESSISTAS;PP;694
2022;1;RO;VILHENA;4;5;Senador;55;PSD;Partido Social Democrático;PODE / PSD / PMN;1913
2022;1;RO;ALTO PARAÍSO;25;5;Senador;55;PSD;Partido Social Democrático;PODE / PSD / PMN;1044
2022;2;RO;CAMPO NOVO DE RONDÔNIA;34;3;Governador;22;PL;Partido Liberal;PL / DC / PMB / PTB;3263
2022;1;RO;TEIXEIRÓPOLIS;13;7;Deputado Estadual;23;CIDADANIA;Cidadania;Federação PSDB Cidadania(PSDB/CIDADANIA);0
2022;1;RO;VALE DO ANARI;32;7;Deputado Estadual;23;CIDADANIA;Cidadania;Federação PSDB Cidadania(PSDB/CIDADANIA);0
2022;1;RO;CASTANHEIRAS;15;6;Deputado Federal;18;REDE;Rede Sustentabilidade;Federação PSOL REDE(PSOL/REDE);0
2022;1;RO;COSTA MARQUES;5;6;Deputado Federal;18;REDE;Rede Sustentabilidade;Federação PSOL REDE(PSOL/REDE);0
2022;1;RO;CHUPINGUAIA;8;7;Deputado Estadual;50;PSOL;Partido Socialismo e Liberdade;Federação PSOL REDE(PSOL/REDE);0
2022;1;RO;ALTA FLORESTA D OESTE;17;7;Deputado Estadual;50;PSOL;Partido Socialismo e Liberdade;Federação PSOL REDE(PSOL/REDE);2
2022;1;RO;PIMENTEIRAS DO OESTE;16;7;Deputado Estadual;15;MDB;Movimento Democrático Brasileiro;MDB;28
2022;1;RO;MINISTRO ANDREAZZA;11;6;Deputado Federal;12;PDT;Partido Democrático Trabalhista;PDT;350
2022;1;RO;CANDEIAS DO JAMARI;21;7;Deputado Estadual;20;PSC;Partido Social Cristão;PSC;133
2022;1;RO;ALTA FLORESTA D OESTE;17;7;Deputado Estadual;20;PSC;Partido Social Cristão;PSC;553
2022;1;RO;OURO PRETO DO OESTE;13;7;Deputado Estadual;35;PMB;Partido da Mulher Brasileira;PMB;27
2022;1;RO;BURITIS;34;7;Deputado Estadual;35;PMB;Partido da Mulher Brasileira;PMB;27
2022;1;RO;BURITIS;34;7;Deputado Estadual;22;PL;Partido Liberal;PL;340
2022;1;RO;PRIMAVERA DE RONDÔNIA;9;7;Deputado Estadual;14;PTB;Partido Trabalhista Brasileiro;PTB;20
2022;1;RO;NOVA UNIÃO;28;7;Deputado Estadual;14;PTB;Partido Trabalhista Brasileiro;PTB;97
2022;1;RO;OURO PRETO DO OESTE;13;7;Deputado Estadual;14;PTB;Partido Trabalhista Brasileiro;PTB;458
2022;1;RO;PORTO VELHO;6;7;Deputado Estadual;14;PTB;Partido Trabalhista Brasileiro;PTB;9070
2022;1;RO;PORTO VELHO;21;7;Deputado Estadual;51;PATRIOTA;Patriota;PATRIOTA;8567
2022;1;RO;PORTO VELHO;20;7;Deputado Estadual;51;PATRIOTA;Patriota;PATRIOTA;10038
2022;1;RO;GUAJARÁ-MIRIM;1;7;Deputado Estadual;51;PATRIOTA;Patriota;PATRIOTA;1479
2022;1;RO;ITAPUÃ DO OESTE;2;6;Deputado Federal;36;AGIR;AGIR;AGIR;2
2022;1;RO;SANTA LUZIA D OESTE;19;7;Deputado Estadual;12;PDT;Partido Democrático Trabalhista;PDT;14
2022;1;RO;ALVORADA DO OESTE;18;7;Deputado Estadual;12;PDT;Partido Democrático Trabalhista;PDT;88
2022;1;RO;THEOBROMA;27;7;Deputado Estadual;12;PDT;Partido Democrático Trabalhista;PDT;15
2022;1;RO;RIO CRESPO;26;7;Deputado Estadual;12;PDT;Partido Democrático Trabalhista;PDT;4
2022;1;RO;CACOAL;11;6;Deputado Federal;11;PP;PROGRESSISTAS;PP;1462
2022;1;RO;NOVO HORIZONTE DO OESTE;15;6;Deputado Federal;14;PTB;Partido Trabalhista Brasileiro;PTB;19
2022;1;RO;ROLIM DE MOURA;29;6;Deputado Federal;14;PTB;Partido Trabalhista Brasileiro;PTB;137
2022;1;RO;JI-PARANÁ;3;6;Deputado Federal;14;PTB;Partido Trabalhista Brasileiro;PTB;606
2022;1;RO;GOVERNADOR JORGE TEIXEIRA;27;5;Senador;22;PL;Partido Liberal;PL / DC / PTB;1282
2022;1;RO;PARECIS;19;5;Senador;22;PL;Partido Liberal;PL / DC / PTB;357
2022;1;RO;GOVERNADOR JORGE TEIXEIRA;27;6;Deputado Federal;44;UNIÃO;UNIÃO BRASIL;UNIÃO;1368
2022;1;RO;CANDEIAS DO JAMARI;21;6;Deputado Federal;44;UNIÃO;UNIÃO BRASIL;UNIÃO;2824
2022;1;RO;CAMPO NOVO DE RONDÔNIA;34;7;Deputado Estadual;11;PP;PROGRESSISTAS;PP;1532
2022;1;RO;ALTA FLORESTA D OESTE;17;7;Deputado Estadual;15;MDB;Movimento Democrático Brasileiro;MDB;2705
2022;1;RO;PORTO VELHO;2;7;Deputado Estadual;15;MDB;Movimento Democrático Brasileiro;MDB;2605
2022;1;RO;CORUMBIARA;16;7;Deputado Estadual;15;MDB;Movimento Democrático Brasileiro;MDB;207
2022;2;RO;CACAULÂNDIA;26;3;Governador;22;PL;Partido Liberal;PL / DC / PMB / PTB;1909
2022;2;RO;SÃO FRANCISCO DO GUAPORÉ;5;3;Governador;22;PL;Partido Liberal;PL / DC / PMB / PTB;4945
2022;2;RO;VALE DO ANARI;32;3;Governador;22;PL;Partido Liberal;PL / DC / PMB / PTB;2254
2022;1;RO;CANDEIAS DO JAMARI;21;6;Deputado Federal;18;REDE;Rede Sustentabilidade;Federação PSOL REDE(PSOL/REDE);0
2022;1;RO;CORUMBIARA;16;3;Governador;19;PODE;Podemos;PODE / PMN / PSD;427
2022;1;RO;PORTO VELHO;21;3;Governador;19;PODE;Podemos;PODE / PMN / PSD;11545
2022;1;RO;PORTO VELHO;20;5;Senador;55;PSD;Partido Social Democrático;PODE / PSD / PMN;5843
2022;1;RO;SÃO MIGUEL DO GUAPORÉ;35;5;Senador;55;PSD;Partido Social Democrático;PODE / PSD / PMN;1422
2022;1;RO;PRESIDENTE MÉDICI;3;7;Deputado Estadual;23;CIDADANIA;Cidadania;Federação PSDB Cidadania(PSDB/CIDADANIA);0
2022;1;RO;PIMENTA BUENO;9;6;Deputado Federal;18;REDE;Rede Sustentabilidade;Federação PSOL REDE(PSOL/REDE);0
2022;1;RO;SÃO MIGUEL DO GUAPORÉ;35;5;Senador;22;PL;Partido Liberal;PL / DC / PTB;3285
2022;1;RO;PIMENTA BUENO;9;6;Deputado Federal;20;PSC;Partido Social Cristão;PSC;959
2022;1;RO;PARECIS;19;6;Deputado Federal;20;PSC;Partido Social Cristão;PSC;118
2022;1;RO;CUJUBIM;26;6;Deputado Federal;20;PSC;Partido Social Cristão;PSC;868
2022;1;RO;NOVA MAMORÉ;1;6;Deputado Federal;44;UNIÃO;UNIÃO BRASIL;UNIÃO;2064
2022;1;RO;THEOBROMA;27;7;Deputado Estadual;11;PP;PROGRESSISTAS;PP;56
2022;1;RO;NOVA MAMORÉ;1;7;Deputado Estadual;11;PP;PROGRESSISTAS;PP;705
2022;1;RO;URUPÁ;18;7;Deputado Estadual;50;PSOL;Partido Socialismo e Liberdade;Federação PSOL REDE(PSOL/REDE);0
2022;1;RO;PARECIS;19;7;Deputado Estadual;15;MDB;Movimento Democrático Brasileiro;MDB;44
2022;1;RO;ALTO ALEGRE DOS PARECIS;19;3;Governador;19;PODE;Podemos;PODE / PMN / PSD;265
2022;1;RO;NOVA MAMORÉ;1;5;Senador;55;PSD;Partido Social Democrático;PODE / PSD / PMN;716
2022;1;RO;CASTANHEIRAS;15;5;Senador;55;PSD;Partido Social Democrático;PODE / PSD / PMN;363
2022;1;RO;ALTA FLORESTA D OESTE;17;5;Senador;22;PL;Partido Liberal;PL / DC / PTB;3029
2022;1;RO;CORUMBIARA;16;6;Deputado Federal;20;PSC;Partido Social Cristão;PSC;337
2022;1;RO;PORTO VELHO;6;6;Deputado Federal;20;PSC;Partido Social Cristão;PSC;2381
2022;1;RO;SÃO FELIPE D OESTE;19;6;Deputado Federal;44;UNIÃO;UNIÃO BRASIL;UNIÃO;550
2022;1;RO;ALTO PARAÍSO;25;6;Deputado Federal;44;UNIÃO;UNIÃO BRASIL;UNIÃO;478
2022;1;RO;ALVORADA DO OESTE;18;7;Deputado Estadual;11;PP;PROGRESSISTAS;PP;103
2022;1;RO;SÃO FELIPE D OESTE;19;7;Deputado Estadual;11;PP;PROGRESSISTAS;PP;71
2022;1;RO;NOVA UNIÃO;28;7;Deputado Estadual;50;PSOL;Partido Socialismo e Liberdade;Federação PSOL REDE(PSOL/REDE);0
2022;1;RO;JARU;10;7;Deputado Estadual;50;PSOL;Partido Socialismo e Liberdade;Federação PSOL REDE(PSOL/REDE);4
2022;1;RO;PARECIS;19;7;Deputado Estadual;50;PSOL;Partido Socialismo e Liberdade;Federação PSOL REDE(PSOL/REDE);0
2022;1;RO;CACOAL;11;7;Deputado Estadual;15;MDB;Movimento Democrático Brasileiro;MDB;3068
2022;1;RO;VALE DO ANARI;32;7;Deputado Estadual;15;MDB;Movimento Democrático Brasileiro;MDB;525
2022;1;RO;OURO PRETO DO OESTE;13;7;Deputado Estadual;15;MDB;Movimento Democrático Brasileiro;MDB;3370
2022;1;RO;PORTO VELHO;6;6;Deputado Federal;12;PDT;Partido Democrático Trabalhista;PDT;555
2022;1;RO;MIRANTE DA SERRA;28;6;Deputado Federal;12;PDT;Partido Democrático Trabalhista;PDT;75
2022;1;RO;CUJUBIM;26;7;Deputado Estadual;20;PSC;Partido Social Cristão;PSC;75
2022;1;RO;VILHENA;4;7;Deputado Estadual;20;PSC;Partido Social Cristão;PSC;6646
2022;1;RO;MACHADINHO D OESTE;32;7;Deputado Estadual;20;PSC;Partido Social Cristão;PSC;960
2022;1;RO;ARIQUEMES;7;3;Governador;22;PL;Partido Liberal;PL / DC / PMB / PTB;23335
2022;1;RO;RIO CRESPO;26;3;Governador;22;PL;Partido Liberal;PL / DC / PMB / PTB;1395
2022;1;RO;GUAJARÁ-MIRIM;1;3;Governador;22;PL;Partido Liberal;PL / DC / PMB / PTB;8612
2022;1;RO;ROLIM DE MOURA;29;7;Deputado Estadual;35;PMB;Partido da Mulher Brasileira;PMB;21
2022;1;RO;ALTO PARAÍSO;25;7;Deputado Estadual;35;PMB;Partido da Mulher Brasileira;PMB;6
2022;1;RO;NOVO HORIZONTE DO OESTE;15;7;Deputado Estadual;35;PMB;Partido da Mulher Brasileira;PMB;5
2022;1;RO;SÃO FELIPE D OESTE;19;7;Deputado Estadual;35;PMB;Partido da Mulher Brasileira;PMB;12
2022;1;RO;CACOAL;11;3;Governador;50;PSOL;Partido Socialismo e Liberdade;Federação PSOL REDE(PSOL/REDE);150
2022;1;RO;ESPIGÃO DO OESTE;12;7;Deputado Estadual;77;SOLIDARIEDADE;Solidariedade;SOLIDARIEDADE;5
2022;1;RO;MINISTRO ANDREAZZA;11;7;Deputado Estadual;44;UNIÃO;UNIÃO BRASIL;UNIÃO;1374
2022;1;RO;PORTO VELHO;6;7;Deputado Estadual;44;UNIÃO;UNIÃO BRASIL;UNIÃO;8993
2022;1;RO;PORTO VELHO;21;7;Deputado Estadual;44;UNIÃO;UNIÃO BRASIL;UNIÃO;8818
2022;1;RO;ESPIGÃO DO OESTE;12;7;Deputado Estadual;44;UNIÃO;UNIÃO BRASIL;UNIÃO;1925
2022;1;RO;ESPIGÃO DO OESTE;12;7;Deputado Estadual;70;AVANTE;AVANTE;AVANTE;83
2022;1;RO;SÃO FRANCISCO DO GUAPORÉ;5;7;Deputado Estadual;70;AVANTE;AVANTE;AVANTE;26
2022;1;RO;CUJUBIM;26;6;Deputado Federal;65;PC do B;Partido Comunista do Brasil;Federação Brasil da Esperança - FE BRASIL(PT/PC do B/PV);5
2022;1;RO;ROLIM DE MOURA;29;6;Deputado Federal;65;PC do B;Partido Comunista do Brasil;Federação Brasil da Esperança - FE BRASIL(PT/PC do B/PV);48
2022;1;RO;CANDEIAS DO JAMARI;21;6;Deputado Federal;65;PC do B;Partido Comunista do Brasil;Federação Brasil da Esperança - FE BRASIL(PT/PC do B/PV);89
2022;1;RO;GUAJARÁ-MIRIM;1;6;Deputado Federal;10;REPUBLICANOS;REPUBLICANOS;REPUBLICANOS;6389
2022;1;RO;PIMENTA BUENO;9;6;Deputado Federal;10;REPUBLICANOS;REPUBLICANOS;REPUBLICANOS;696
2022;1;RO;PORTO VELHO;6;6;Deputado Federal;35;PMB;Partido da Mulher Brasileira;PMB;23
2022;1;RO;ESPIGÃO DO OESTE;12;6;Deputado Federal;35;PMB;Partido da Mulher Brasileira;PMB;1
2022;1;RO;ALTA FLORESTA D OESTE;17;6;Deputado Federal;35;PMB;Partido da Mulher Brasileira;PMB;0
2022;1;RO;CABIXI;8;6;Deputado Federal;43;PV;Partido Verde;Federação Brasil da Esperança - FE BRASIL(PT/PC do B/PV);5
2022;1;RO;PIMENTEIRAS DO OESTE;16;6;Deputado Federal;90;PROS;Partido Republicano da Ordem Social;PROS;0
2022;1;RO;GOVERNADOR JORGE TEIXEIRA;27;6;Deputado Federal;90;PROS;Partido Republicano da Ordem Social;PROS;1
2022;1;RO;OURO PRETO DO OESTE;13;6;Deputado Federal;11;PP;PROGRESSISTAS;PP;172
2022;1;RO;THEOBROMA;27;6;Deputado Federal;11;PP;PROGRESSISTAS;PP;193
2022;1;RO;CASTANHEIRAS;15;6;Deputado Federal;11;PP;PROGRESSISTAS;PP;95
2022;1;RO;OURO PRETO DO OESTE;13;7;Deputado Estadual;18;REDE;Rede Sustentabilidade;Federação PSOL REDE(PSOL/REDE);9
2022;1;RO;PORTO VELHO;21;7;Deputado Estadual;18;REDE;Rede Sustentabilidade;Federação PSOL REDE(PSOL/REDE);48
2022;1;RO;MACHADINHO D OESTE;32;7;Deputado Estadual;18;REDE;Rede Sustentabilidade;Federação PSOL REDE(PSOL/REDE);8
2022;1;RO;CEREJEIRAS;16;7;Deputado Estadual;18;REDE;Rede Sustentabilidade;Federação PSOL REDE(PSOL/REDE);0
2022;1;RO;MINISTRO ANDREAZZA;11;7;Deputado Estadual;18;REDE;Rede Sustentabilidade;Federação PSOL REDE(PSOL/REDE);6
2022;1;RO;OURO PRETO DO OESTE;13;6;Deputado Federal;12;PDT;Partido Democrático Trabalhista;PDT;99
2022;1;RO;PORTO VELHO;20;7;Deputado Estadual;20;PSC;Partido Social Cristão;PSC;1513
2022;1;RO;ALVORADA DO OESTE;18;7;Deputado Estadual;20;PSC;Partido Social Cristão;PSC;1034
2022;1;RO;GUAJARÁ-MIRIM;1;7;Deputado Estadual;20;PSC;Partido Social Cristão;PSC;6646
2022;1;RO;CORUMBIARA;16;7;Deputado Estadual;35;PMB;Partido da Mulher Brasileira;PMB;2
2022;1;RO;CHUPINGUAIA;8;7;Deputado Estadual;35;PMB;Partido da Mulher Brasileira;PMB;5
2022;1;RO;CEREJEIRAS;16;3;Governador;22;PL;Partido Liberal;PL / DC / PMB / PTB;3562
2022;1;RO;THEOBROMA;27;7;Deputado Estadual;51;PATRIOTA;Patriota;PATRIOTA;85
2022;1;RO;CACOAL;11;7;Deputado Estadual;22;PL;Partido Liberal;PL;3352
2022;1;RO;MONTE NEGRO;25;7;Deputado Estadual;22;PL;Partido Liberal;PL;435
2022;1;RO;PRESIDENTE MÉDICI;3;7;Deputado Estadual;22;PL;Partido Liberal;PL;480
2022;1;RO;ALTO PARAÍSO;25;7;Deputado Estadual;14;PTB;Partido Trabalhista Brasileiro;PTB;294
2022;1;RO;GOVERNADOR JORGE TEIXEIRA;27;6;Deputado Federal;14;PTB;Partido Trabalhista Brasileiro;PTB;310
2022;1;RO;PORTO VELHO;6;7;Deputado Estadual;43;PV;Partido Verde;Federação Brasil da Esperança - FE BRASIL(PT/PC do B/PV);175
2022;1;RO;MONTE NEGRO;25;7;Deputado Estadual;43;PV;Partido Verde;Federação Brasil da Esperança - FE BRASIL(PT/PC do B/PV);0
2022;1;RO;PORTO VELHO;20;7;Deputado Estadual;43;PV;Partido Verde;Federação Brasil da Esperança - FE BRASIL(PT/PC do B/PV);350
2022;1;RO;SÃO FRANCISCO DO GUAPORÉ;5;6;Deputado Federal;51;PATRIOTA;Patriota;PATRIOTA;7
2022;1;RO;NOVA BRASILÂNDIA D OESTE;15;5;Senador;10;REPUBLICANOS;REPUBLICANOS;REPUBLICANOS / Federação PSDB Cidadania(PSDB/CIDADANIA) / UNIÃO / PSC / AVANTE / PATRIOTA / MDB;2289
2022;1;RO;RIO CRESPO;26;6;Deputado Federal;15;MDB;Movimento Democrático Brasileiro;MDB;536
2022;1;RO;THEOBROMA;27;6;Deputado Federal;15;MDB;Movimento Democrático Brasileiro;MDB;1603
2022;1;RO;CASTANHEIRAS;15;7;Deputado Estadual;44;UNIÃO;UNIÃO BRASIL;UNIÃO;209
2022;1;RO;NOVA BRASILÂNDIA D OESTE;15;7;Deputado Estadual;44;UNIÃO;UNIÃO BRASIL;UNIÃO;879
2022;1;RO;SÃO FELIPE D OESTE;19;7;Deputado Estadual;44;UNIÃO;UNIÃO BRASIL;UNIÃO;430
2022;1;RO;RIO CRESPO;26;7;Deputado Estadual;44;UNIÃO;UNIÃO BRASIL;UNIÃO;143
2022;1;RO;ALVORADA DO OESTE;18;6;Deputado Federal;65;PC do B;Partido Comunista do Brasil;Federação Brasil da Esperança - FE BRASIL(PT/PC do B/PV);2
2022;1;RO;THEOBROMA;27;7;Deputado Estadual;50;PSOL;Partido Socialismo e Liberdade;Federação PSOL REDE(PSOL/REDE);0
2022;1;RO;NOVA UNIÃO;28;6;Deputado Federal;12;PDT;Partido Democrático Trabalhista;PDT;14
2022;1;RO;NOVO HORIZONTE DO OESTE;15;6;Deputado Federal;12;PDT;Partido Democrático Trabalhista;PDT;9
2022;1;RO;RIO CRESPO;26;6;Deputado Federal;12;PDT;Partido Democrático Trabalhista;PDT;8
2022;1;RO;VALE DO ANARI;32;7;Deputado Estadual;20;PSC;Partido Social Cristão;PSC;192
2022;1;RO;NOVA MAMORÉ;1;7;Deputado Estadual;20;PSC;Partido Social Cristão;PSC;829
2022;1;RO;GOVERNADOR JORGE TEIXEIRA;27;7;Deputado Estadual;20;PSC;Partido Social Cristão;PSC;235
2022;1;RO;BURITIS;34;3;Governador;22;PL;Partido Liberal;PL / DC / PMB / PTB;6983
2022;1;RO;VILHENA;4;3;Governador;22;PL;Partido Liberal;PL / DC / PMB / PTB;21365
2022;1;RO;CUJUBIM;26;7;Deputado Estadual;35;PMB;Partido da Mulher Brasileira;PMB;5
2022;1;RO;GUAJARÁ-MIRIM;1;7;Deputado Estadual;35;PMB;Partido da Mulher Brasileira;PMB;18
2022;1;RO;PIMENTA BUENO;9;6;Deputado Federal;43;PV;Partido Verde;Federação Brasil da Esperança - FE BRASIL(PT/PC do B/PV);1
2022;1;RO;CACAULÂNDIA;26;6;Deputado Federal;55;PSD;Partido Social Democrático;PSD;245
2022;1;RO;SÃO FELIPE D OESTE;19;6;Deputado Federal;55;PSD;Partido Social Democrático;PSD;687
2022;1;RO;ALVORADA DO OESTE;18;6;Deputado Federal;55;PSD;Partido Social Democrático;PSD;595
2022;1;RO;CACAULÂNDIA;26;6;Deputado Federal;70;AVANTE;AVANTE;AVANTE;3
2022;1;RO;ARIQUEMES;7;7;Deputado Estadual;10;REPUBLICANOS;REPUBLICANOS;REPUBLICANOS;16390
2022;1;RO;VALE DO PARAÍSO;28;3;Governador;50;PSOL;Partido Socialismo e Liberdade;Federação PSOL REDE(PSOL/REDE);2
2022;1;RO;SÃO MIGUEL DO GUAPORÉ;35;3;Governador;50;PSOL;Partido Socialismo e Liberdade;Federação PSOL REDE(PSOL/REDE);8
2022;1;RO;ALVORADA DO OESTE;18;3;Governador;50;PSOL;Partido Socialismo e Liberdade;Federação PSOL REDE(PSOL/REDE);5
2022;1;RO;COLORADO DO OESTE;8;6;Deputado Federal;19;PODE;Podemos;PODE;444
2022;1;RO;MIRANTE DA SERRA;28;6;Deputado Federal;19;PODE;Podemos;PODE;49
2022;1;RO;JARU;10;6;Deputado Federal;50;PSOL;Partido Socialismo e Liberdade;Federação PSOL REDE(PSOL/REDE);1
2022;1;RO;GUAJARÁ-MIRIM;1;6;Deputado Federal;50;PSOL;Partido Socialismo e Liberdade;Federação PSOL REDE(PSOL/REDE);27
2022;1;RO;ALVORADA DO OESTE;18;6;Deputado Federal;50;PSOL;Partido Socialismo e Liberdade;Federação PSOL REDE(PSOL/REDE);1
2022;1;RO;VALE DO ANARI;32;7;Deputado Estadual;77;SOLIDARIEDADE;Solidariedade;SOLIDARIEDADE;30
2022;1;RO;CEREJEIRAS;16;7;Deputado Estadual;77;SOLIDARIEDADE;Solidariedade;SOLIDARIEDADE;26
2022;1;RO;CUJUBIM;26;7;Deputado Estadual;19;PODE;Podemos;PODE;255
2022;1;RO;ALTA FLORESTA D OESTE;17;7;Deputado Estadual;19;PODE;Podemos;PODE;182
2022;1;RO;VILHENA;4;7;Deputado Estadual;19;PODE;Podemos;PODE;6815
2022;1;RO;SÃO MIGUEL DO GUAPORÉ;35;7;Deputado Estadual;19;PODE;Podemos;PODE;23
2022;1;RO;PIMENTEIRAS DO OESTE;16;7;Deputado Estadual;13;PT;Partido dos Trabalhadores;Federação Brasil da Esperança - FE BRASIL(PT/PC do B/PV);43
2022;1;RO;JI-PARANÁ;3;7;Deputado Estadual;13;PT;Partido dos Trabalhadores;Federação Brasil da Esperança - FE BRASIL(PT/PC do B/PV);1438
2022;1;RO;PORTO VELHO;20;7;Deputado Estadual;13;PT;Partido dos Trabalhadores;Federação Brasil da Esperança - FE BRASIL(PT/PC do B/PV);2575
2022;1;RO;ARIQUEMES;7;7;Deputado Estadual;65;PC do B;Partido Comunista do Brasil;Federação Brasil da Esperança - FE BRASIL(PT/PC do B/PV);19
2022;1;RO;COLORADO DO OESTE;8;7;Deputado Estadual;43;PV;Partido Verde;Federação Brasil da Esperança - FE BRASIL(PT/PC do B/PV);5
2022;1;RO;SÃO MIGUEL DO GUAPORÉ;35;7;Deputado Estadual;55;PSD;Partido Social Democrático;PSD;1066
2022;1;RO;CUJUBIM;26;7;Deputado Estadual;36;AGIR;AGIR;AGIR;5
2022;1;RO;PORTO VELHO;6;7;Deputado Estadual;36;AGIR;AGIR;AGIR;188
2022;1;RO;SÃO FELIPE D OESTE;19;7;Deputado Estadual;36;AGIR;AGIR;AGIR;1
2022;1;RO;PORTO VELHO;21;6;Deputado Federal;40;PSB;Partido Socialista Brasileiro;PSB;3000
2022;1;RO;CABIXI;8;6;Deputado Federal;40;PSB;Partido Socialista Brasileiro;PSB;116
2022;1;RO;PIMENTEIRAS DO OESTE;16;6;Deputado Federal;40;PSB;Partido Socialista Brasileiro;PSB;116
2022;1;RO;CAMPO NOVO DE RONDÔNIA;34;6;Deputado Federal;77;SOLIDARIEDADE;Solidariedade;SOLIDARIEDADE;2
2022;1;RO;SÃO FELIPE D OESTE;19;6;Deputado Federal;77;SOLIDARIEDADE;Solidariedade;SOLIDARIEDADE;0
2022;1;RO;NOVA BRASILÂNDIA D OESTE;15;6;Deputado Federal;77;SOLIDARIEDADE;Solidariedade;SOLIDARIEDADE;1
2022;1;RO;BURITIS;34;6;Deputado Federal;77;SOLIDARIEDADE;Solidariedade;SOLIDARIEDADE;6
2022;1;RO;PORTO VELHO;6;6;Deputado Federal;18;REDE;Rede Sustentabilidade;Federação PSOL REDE(PSOL/REDE);0
2022;1;RO;CHUPINGUAIA;8;6;Deputado Federal;18;REDE;Rede Sustentabilidade;Federação PSOL REDE(PSOL/REDE);0
2022;1;RO;BURITIS;34;7;Deputado Estadual;18;REDE;Rede Sustentabilidade;Federação PSOL REDE(PSOL/REDE);0
2022;1;RO;PORTO VELHO;6;7;Deputado Estadual;18;REDE;Rede Sustentabilidade;Federação PSOL REDE(PSOL/REDE);143
2022;1;RO;PORTO VELHO;2;6;Deputado Federal;44;UNIÃO;UNIÃO BRASIL;UNIÃO;26448
2022;1;RO;PRESIDENTE MÉDICI;3;6;Deputado Federal;44;UNIÃO;UNIÃO BRASIL;UNIÃO;1525
2022;1;RO;CASTANHEIRAS;15;6;Deputado Federal;44;UNIÃO;UNIÃO BRASIL;UNIÃO;369
2022;1;RO;ITAPUÃ DO OESTE;2;5;Senador;36;AGIR;AGIR;AGIR / PROS;9
2022;1;RO;ROLIM DE MOURA;29;5;Senador;36;AGIR;AGIR;AGIR / PROS;77
2022;1;RO;CACOAL;11;7;Deputado Estadual;12;PDT;Partido Democrático Trabalhista;PDT;121
2022;1;RO;ESPIGÃO DO OESTE;12;7;Deputado Estadual;12;PDT;Partido Democrático Trabalhista;PDT;24
2022;1;RO;CORUMBIARA;16;7;Deputado Estadual;12;PDT;Partido Democrático Trabalhista;PDT;5
2022;1;RO;VALE DO PARAÍSO;28;6;Deputado Federal;11;PP;PROGRESSISTAS;PP;25
2022;1;RO;RIO CRESPO;26;6;Deputado Federal;11;PP;PROGRESSISTAS;PP;19
2022;1;RO;NOVO HORIZONTE DO OESTE;15;6;Deputado Federal;22;PL;Partido Liberal;PL;650
2022;1;RO;SÃO FRANCISCO DO GUAPORÉ;5;7;Deputado Estadual;45;PSDB;Partido da Social Democracia Brasileira;Federação PSDB Cidadania(PSDB/CIDADANIA);33
2022;1;RO;RIO CRESPO;26;6;Deputado Federal;51;PATRIOTA;Patriota;PATRIOTA;3
2022;1;RO;COSTA MARQUES;5;6;Deputado Federal;51;PATRIOTA;Patriota;PATRIOTA;6
2022;1;RO;VALE DO PARAÍSO;28;5;Senador;10;REPUBLICANOS;REPUBLICANOS;REPUBLICANOS / Federação PSDB Cidadania(PSDB/CIDADANIA) / UNIÃO / PSC / AVANTE / PATRIOTA / MDB;1535
2022;1;RO;MACHADINHO D OESTE;32;5;Senador;10;REPUBLICANOS;REPUBLICANOS;REPUBLICANOS / Federação PSDB Cidadania(PSDB/CIDADANIA) / UNIÃO / PSC / AVANTE / PATRIOTA / MDB;3910
2022;1;RO;PIMENTEIRAS DO OESTE;16;5;Senador;10;REPUBLICANOS;REPUBLICANOS;REPUBLICANOS / Federação PSDB Cidadania(PSDB/CIDADANIA) / UNIÃO / PSC / AVANTE / PATRIOTA / MDB;578
2022;1;RO;PIMENTA BUENO;9;5;Senador;10;REPUBLICANOS;REPUBLICANOS;REPUBLICANOS / Federação PSDB Cidadania(PSDB/CIDADANIA) / UNIÃO / PSC / AVANTE / PATRIOTA / MDB;5471
2022;1;RO;VALE DO ANARI;32;7;Deputado Estadual;70;AVANTE;AVANTE;AVANTE;20
2022;1;RO;VILHENA;4;7;Deputado Estadual;70;AVANTE;AVANTE;AVANTE;518
2022;1;RO;ALTA FLORESTA D OESTE;17;7;Deputado Estadual;70;AVANTE;AVANTE;AVANTE;26
2022;1;RO;CABIXI;8;6;Deputado Federal;65;PC do B;Partido Comunista do Brasil;Federação Brasil da Esperança - FE BRASIL(PT/PC do B/PV);0
2022;1;RO;NOVA BRASILÂNDIA D OESTE;15;6;Deputado Federal;65;PC do B;Partido Comunista do Brasil;Federação Brasil da Esperança - FE BRASIL(PT/PC do B/PV);4
2022;1;RO;CACOAL;11;6;Deputado Federal;10;REPUBLICANOS;REPUBLICANOS;REPUBLICANOS;3749
2022;1;RO;ROLIM DE MOURA;29;6;Deputado Federal;10;REPUBLICANOS;REPUBLICANOS;REPUBLICANOS;3550
2022;1;RO;PARECIS;19;7;Deputado Estadual;33;PMN;Partido da Mobilização Nacional;PMN;73
2022;1;RO;SERINGUEIRAS;35;6;Deputado Federal;35;PMB;Partido da Mulher Brasileira;PMB;0
2022;1;RO;NOVO HORIZONTE DO OESTE;15;6;Deputado Federal;35;PMB;Partido da Mulher Brasileira;PMB;0
2022;1;RO;PORTO VELHO;20;6;Deputado Federal;35;PMB;Partido da Mulher Brasileira;PMB;44
2022;1;RO;OURO PRETO DO OESTE;13;6;Deputado Federal;35;PMB;Partido da Mulher Brasileira;PMB;0
2022;1;RO;JARU;10;6;Deputado Federal;35;PMB;Partido da Mulher Brasileira;PMB;0
2022;1;RO;VALE DO PARAÍSO;28;6;Deputado Federal;35;PMB;Partido da Mulher Brasileira;PMB;0
2022;1;RO;JI-PARANÁ;30;6;Deputado Federal;43;PV;Partido Verde;Federação Brasil da Esperança - FE BRASIL(PT/PC do B/PV);0
2022;1;RO;SERINGUEIRAS;35;6;Deputado Federal;43;PV;Partido Verde;Federação Brasil da Esperança - FE BRASIL(PT/PC do B/PV);0
2022;1;RO;VALE DO ANARI;32;6;Deputado Federal;43;PV;Partido Verde;Federação Brasil da Esperança - FE BRASIL(PT/PC do B/PV);4
2022;1;RO;GOVERNADOR JORGE TEIXEIRA;27;6;Deputado Federal;43;PV;Partido Verde;Federação Brasil da Esperança - FE BRASIL(PT/PC do B/PV);0
2022;1;RO;MONTE NEGRO;25;6;Deputado Federal;43;PV;Partido Verde;Federação Brasil da Esperança - FE BRASIL(PT/PC do B/PV);0
2022;1;RO;ROLIM DE MOURA;29;6;Deputado Federal;90;PROS;Partido Republicano da Ordem Social;PROS;2
2022;1;RO;NOVA UNIÃO;28;6;Deputado Federal;90;PROS;Partido Republicano da Ordem Social;PROS;1
2022;1;RO;NOVA BRASILÂNDIA D OESTE;15;6;Deputado Federal;90;PROS;Partido Republicano da Ordem Social;PROS;0
2022;1;RO;PORTO VELHO;20;5;Senador;35;PMB;Partido da Mulher Brasileira;PMB;1642
2022;1;RO;ALTO ALEGRE DOS PARECIS;19;5;Senador;35;PMB;Partido da Mulher Brasileira;PMB;2
2022;1;RO;CORUMBIARA;16;6;Deputado Federal;55;PSD;Partido Social Democrático;PSD;449
2022;1;RO;ITAPUÃ DO OESTE;2;6;Deputado Federal;55;PSD;Partido Social Democrático;PSD;114
2022;1;RO;PIMENTA BUENO;9;6;Deputado Federal;55;PSD;Partido Social Democrático;PSD;875
2022;1;RO;THEOBROMA;27;6;Deputado Federal;70;AVANTE;AVANTE;AVANTE;35
2022;1;RO;PORTO VELHO;2;7;Deputado Estadual;10;REPUBLICANOS;REPUBLICANOS;REPUBLICANOS;5580
2022;1;RO;SÃO FELIPE D OESTE;19;3;Governador;50;PSOL;Partido Socialismo e Liberdade;Federação PSOL REDE(PSOL/REDE);5
2022;1;RO;CHUPINGUAIA;8;6;Deputado Federal;19;PODE;Podemos;PODE;271
2022;1;RO;ROLIM DE MOURA;29;6;Deputado Federal;50;PSOL;Partido Socialismo e Liberdade;Federação PSOL REDE(PSOL/REDE);3
2022;1;RO;SERINGUEIRAS;35;7;Deputado Estadual;77;SOLIDARIEDADE;Solidariedade;SOLIDARIEDADE;5
2022;1;RO;CASTANHEIRAS;15;3;Governador;50;PSOL;Partido Socialismo e Liberdade;Federação PSOL REDE(PSOL/REDE);1
2022;1;RO;ROLIM DE MOURA;29;3;Governador;50;PSOL;Partido Socialismo e Liberdade;Federação PSOL REDE(PSOL/REDE);62
2022;1;RO;SERINGUEIRAS;35;3;Governador;50;PSOL;Partido Socialismo e Liberdade;Federação PSOL REDE(PSOL/REDE);2
2022;1;RO;VALE DO ANARI;32;3;Governador;50;PSOL;Partido Socialismo e Liberdade;Federação PSOL REDE(PSOL/REDE);5
2022;1;RO;CACAULÂNDIA;26;3;Governador;50;PSOL;Partido Socialismo e Liberdade;Federação PSOL REDE(PSOL/REDE);4
2022;1;RO;ALTA FLORESTA D OESTE;17;6;Deputado Federal;19;PODE;Podemos;PODE;566
2022;1;RO;OURO PRETO DO OESTE;13;6;Deputado Federal;19;PODE;Podemos;PODE;246
2022;1;RO;RIO CRESPO;26;6;Deputado Federal;19;PODE;Podemos;PODE;350
2022;1;RO;COSTA MARQUES;5;6;Deputado Federal;70;AVANTE;AVANTE;AVANTE;120
2022;1;RO;CACOAL;11;6;Deputado Federal;70;AVANTE;AVANTE;AVANTE;125
2022;1;RO;COLORADO DO OESTE;8;6;Deputado Federal;50;PSOL;Partido Socialismo e Liberdade;Federação PSOL REDE(PSOL/REDE);2
2022;1;RO;SÃO FRANCISCO DO GUAPORÉ;5;7;Deputado Estadual;77;SOLIDARIEDADE;Solidariedade;SOLIDARIEDADE;0
2022;1;RO;VALE DO PARAÍSO;28;7;Deputado Estadual;77;SOLIDARIEDADE;Solidariedade;SOLIDARIEDADE;5
2022;1;RO;SÃO MIGUEL DO GUAPORÉ;35;7;Deputado Estadual;77;SOLIDARIEDADE;Solidariedade;SOLIDARIEDADE;5
2022;1;RO;SÃO FELIPE D OESTE;19;7;Deputado Estadual;77;SOLIDARIEDADE;Solidariedade;SOLIDARIEDADE;0
2022;1;RO;ARIQUEMES;7;7;Deputado Estadual;77;SOLIDARIEDADE;Solidariedade;SOLIDARIEDADE;217
2022;1;RO;CORUMBIARA;16;7;Deputado Estadual;19;PODE;Podemos;PODE;91
2022;1;RO;CORUMBIARA;16;7;Deputado Estadual;13;PT;Partido dos Trabalhadores;Federação Brasil da Esperança - FE BRASIL(PT/PC do B/PV);258
2022;1;RO;ALVORADA DO OESTE;18;7;Deputado Estadual;65;PC do B;Partido Comunista do Brasil;Federação Brasil da Esperança - FE BRASIL(PT/PC do B/PV);0
2022;1;RO;CASTANHEIRAS;15;7;Deputado Estadual;55;PSD;Partido Social Democrático;PSD;292
2022;1;RO;RIO CRESPO;26;7;Deputado Estadual;55;PSD;Partido Social Democrático;PSD;186
2022;1;RO;NOVO HORIZONTE DO OESTE;15;7;Deputado Estadual;36;AGIR;AGIR;AGIR;0
2022;1;RO;VALE DO ANARI;32;7;Deputado Estadual;36;AGIR;AGIR;AGIR;0
2022;1;RO;CACAULÂNDIA;26;6;Deputado Federal;40;PSB;Partido Socialista Brasileiro;PSB;52
2022;1;RO;NOVO HORIZONTE DO OESTE;15;6;Deputado Federal;40;PSB;Partido Socialista Brasileiro;PSB;160
2022;1;RO;MACHADINHO D OESTE;32;5;Senador;11;PP;PROGRESSISTAS;PP;2049
2022;1;RO;PORTO VELHO;6;6;Deputado Federal;13;PT;Partido dos Trabalhadores;Federação Brasil da Esperança - FE BRASIL(PT/PC do B/PV);2372
2022;1;RO;PRIMAVERA DE RONDÔNIA;9;6;Deputado Federal;13;PT;Partido dos Trabalhadores;Federação Brasil da Esperança - FE BRASIL(PT/PC do B/PV);72
2022;1;RO;ITAPUÃ DO OESTE;2;6;Deputado Federal;13;PT;Partido dos Trabalhadores;Federação Brasil da Esperança - FE BRASIL(PT/PC do B/PV);147
2022;1;RO;MONTE NEGRO;25;6;Deputado Federal;13;PT;Partido dos Trabalhadores;Federação Brasil da Esperança - FE BRASIL(PT/PC do B/PV);234
2022;1;RO;ALTA FLORESTA D OESTE;17;7;Deputado Estadual;51;PATRIOTA;Patriota;PATRIOTA;737
2022;1;RO;CORUMBIARA;16;6;Deputado Federal;77;SOLIDARIEDADE;Solidariedade;SOLIDARIEDADE;16
2022;1;RO;PIMENTEIRAS DO OESTE;16;6;Deputado Federal;77;SOLIDARIEDADE;Solidariedade;SOLIDARIEDADE;2
2022;1;RO;PORTO VELHO;2;6;Deputado Federal;77;SOLIDARIEDADE;Solidariedade;SOLIDARIEDADE;216
2022;1;RO;ALTO ALEGRE DOS PARECIS;19;6;Deputado Federal;77;SOLIDARIEDADE;Solidariedade;SOLIDARIEDADE;2
2022;1;RO;CACAULÂNDIA;26;6;Deputado Federal;13;PT;Partido dos Trabalhadores;Federação Brasil da Esperança - FE BRASIL(PT/PC do B/PV);75
2022;2;RO;CANDEIAS DO JAMARI;21;3;Governador;44;UNIÃO;UNIÃO BRASIL;UNIÃO / REPUBLICANOS / AVANTE / MDB / PATRIOTA / PSC / Federação PSDB Cidadania(PSDB/CIDADANIA);6570
2022;2;RO;PRESIDENTE MÉDICI;3;3;Governador;44;UNIÃO;UNIÃO BRASIL;UNIÃO / REPUBLICANOS / AVANTE / MDB / PATRIOTA / PSC / Federação PSDB Cidadania(PSDB/CIDADANIA);5372
2022;1;RO;SERINGUEIRAS;35;7;Deputado Estadual;40;PSB;Partido Socialista Brasileiro;PSB;1907
2022;1;RO;OURO PRETO DO OESTE;13;7;Deputado Estadual;40;PSB;Partido Socialista Brasileiro;PSB;531
2022;1;RO;CUJUBIM;26;7;Deputado Estadual;40;PSB;Partido Socialista Brasileiro;PSB;246
2022;1;RO;CEREJEIRAS;16;3;Governador;44;UNIÃO;UNIÃO BRASIL;UNIÃO / REPUBLICANOS / AVANTE / MDB / PATRIOTA / PSC / Federação PSDB Cidadania(PSDB/CIDADANIA);4366
2022;1;RO;PARECIS;19;3;Governador;44;UNIÃO;UNIÃO BRASIL;UNIÃO / REPUBLICANOS / AVANTE / MDB / PATRIOTA / PSC / Federação PSDB Cidadania(PSDB/CIDADANIA);1348
2022;1;RO;SANTA LUZIA D OESTE;19;3;Governador;44;UNIÃO;UNIÃO BRASIL;UNIÃO / REPUBLICANOS / AVANTE / MDB / PATRIOTA / PSC / Federação PSDB Cidadania(PSDB/CIDADANIA);2847
2022;1;RO;NOVO HORIZONTE DO OESTE;15;3;Governador;44;UNIÃO;UNIÃO BRASIL;UNIÃO / REPUBLICANOS / AVANTE / MDB / PATRIOTA / PSC / Federação PSDB Cidadania(PSDB/CIDADANIA);2380
2022;1;RO;RIO CRESPO;26;7;Deputado Estadual;23;CIDADANIA;Cidadania;Federação PSDB Cidadania(PSDB/CIDADANIA);0
2022;1;RO;ITAPUÃ DO OESTE;2;5;Senador;12;PDT;Partido Democrático Trabalhista;Federação Brasil da Esperança - FE BRASIL(PT/PC do B/PV) / PDT / PSB / SOLIDARIEDADE;0
2022;1;RO;PIMENTA BUENO;9;5;Senador;12;PDT;Partido Democrático Trabalhista;Federação Brasil da Esperança - FE BRASIL(PT/PC do B/PV) / PDT / PSB / SOLIDARIEDADE;0
2022;1;RO;JI-PARANÁ;3;5;Senador;12;PDT;Partido Democrático Trabalhista;Federação Brasil da Esperança - FE BRASIL(PT/PC do B/PV) / PDT / PSB / SOLIDARIEDADE;0
2022;1;RO;ITAPUÃ DO OESTE;2;6;Deputado Federal;65;PC do B;Partido Comunista do Brasil;Federação Brasil da Esperança - FE BRASIL(PT/PC do B/PV);9
2022;1;RO;PORTO VELHO;20;6;Deputado Federal;10;REPUBLICANOS;REPUBLICANOS;REPUBLICANOS;5435
2022;1;RO;SÃO MIGUEL DO GUAPORÉ;35;6;Deputado Federal;10;REPUBLICANOS;REPUBLICANOS;REPUBLICANOS;293
2022;1;RO;ARIQUEMES;7;6;Deputado Federal;10;REPUBLICANOS;REPUBLICANOS;REPUBLICANOS;1125
2022;1;RO;SANTA LUZIA D OESTE;19;6;Deputado Federal;10;REPUBLICANOS;REPUBLICANOS;REPUBLICANOS;396
2022;1;RO;PORTO VELHO;6;6;Deputado Federal;10;REPUBLICANOS;REPUBLICANOS;REPUBLICANOS;5606
2022;1;RO;VILHENA;4;6;Deputado Federal;10;REPUBLICANOS;REPUBLICANOS;REPUBLICANOS;1079
2022;1;RO;ALTA FLORESTA D OESTE;17;6;Deputado Federal;10;REPUBLICANOS;REPUBLICANOS;REPUBLICANOS;958
2022;1;RO;MINISTRO ANDREAZZA;11;7;Deputado Estadual;33;PMN;Partido da Mobilização Nacional;PMN;16
2022;1;RO;ESPIGÃO DO OESTE;12;7;Deputado Estadual;33;PMN;Partido da Mobilização Nacional;PMN;830
2022;1;RO;JI-PARANÁ;30;6;Deputado Federal;90;PROS;Partido Republicano da Ordem Social;PROS;7
2022;1;RO;ITAPUÃ DO OESTE;2;6;Deputado Federal;90;PROS;Partido Republicano da Ordem Social;PROS;6
2022;1;RO;CACOAL;11;6;Deputado Federal;55;PSD;Partido Social Democrático;PSD;21519
2022;1;RO;NOVA BRASILÂNDIA D OESTE;15;6;Deputado Federal;70;AVANTE;AVANTE;AVANTE;25
2022;1;RO;BURITIS;34;7;Deputado Estadual;10;REPUBLICANOS;REPUBLICANOS;REPUBLICANOS;547
2022;1;RO;JARU;10;7;Deputado Estadual;10;REPUBLICANOS;REPUBLICANOS;REPUBLICANOS;453
2022;1;RO;PRIMAVERA DE RONDÔNIA;9;7;Deputado Estadual;10;REPUBLICANOS;REPUBLICANOS;REPUBLICANOS;633
2022;1;RO;CASTANHEIRAS;15;7;Deputado Estadual;18;REDE;Rede Sustentabilidade;Federação PSOL REDE(PSOL/REDE);0
2022;1;RO;COSTA MARQUES;5;7;Deputado Estadual;77;SOLIDARIEDADE;Solidariedade;SOLIDARIEDADE;9
2022;1;RO;OURO PRETO DO OESTE;13;7;Deputado Estadual;19;PODE;Podemos;PODE;695
2022;1;RO;VALE DO PARAÍSO;28;7;Deputado Estadual;18;REDE;Rede Sustentabilidade;Federação PSOL REDE(PSOL/REDE);0
2022;1;RO;NOVA UNIÃO;28;7;Deputado Estadual;18;REDE;Rede Sustentabilidade;Federação PSOL REDE(PSOL/REDE);0
2022;1;RO;JI-PARANÁ;30;7;Deputado Estadual;65;PC do B;Partido Comunista do Brasil;Federação Brasil da Esperança - FE BRASIL(PT/PC do B/PV);5
2022;1;RO;ROLIM DE MOURA;29;7;Deputado Estadual;65;PC do B;Partido Comunista do Brasil;Federação Brasil da Esperança - FE BRASIL(PT/PC do B/PV);0
2022;1;RO;VALE DO ANARI;32;7;Deputado Estadual;65;PC do B;Partido Comunista do Brasil;Federação Brasil da Esperança - FE BRASIL(PT/PC do B/PV);1
2022;1;RO;CANDEIAS DO JAMARI;21;7;Deputado Estadual;65;PC do B;Partido Comunista do Brasil;Federação Brasil da Esperança - FE BRASIL(PT/PC do B/PV);6
2022;1;RO;NOVA BRASILÂNDIA D OESTE;15;7;Deputado Estadual;65;PC do B;Partido Comunista do Brasil;Federação Brasil da Esperança - FE BRASIL(PT/PC do B/PV);0
2022;1;RO;SANTA LUZIA D OESTE;19;7;Deputado Estadual;43;PV;Partido Verde;Federação Brasil da Esperança - FE BRASIL(PT/PC do B/PV);2
2022;1;RO;OURO PRETO DO OESTE;13;7;Deputado Estadual;55;PSD;Partido Social Democrático;PSD;4489
2022;1;RO;CEREJEIRAS;16;7;Deputado Estadual;55;PSD;Partido Social Democrático;PSD;129
2022;1;RO;PIMENTA BUENO;9;7;Deputado Estadual;55;PSD;Partido Social Democrático;PSD;574
2022;1;RO;SÃO FELIPE D OESTE;19;7;Deputado Estadual;55;PSD;Partido Social Democrático;PSD;313
2022;1;RO;URUPÁ;18;7;Deputado Estadual;55;PSD;Partido Social Democrático;PSD;1297
2022;1;RO;COSTA MARQUES;5;7;Deputado Estadual;55;PSD;Partido Social Democrático;PSD;1218
2022;1;RO;ROLIM DE MOURA;29;7;Deputado Estadual;55;PSD;Partido Social Democrático;PSD;1054
2022;1;RO;ALVORADA DO OESTE;18;7;Deputado Estadual;36;AGIR;AGIR;AGIR;7
2022;1;RO;ITAPUÃ DO OESTE;2;7;Deputado Estadual;36;AGIR;AGIR;AGIR;3
2022;1;RO;MIRANTE DA SERRA;28;7;Deputado Estadual;36;AGIR;AGIR;AGIR;2
2022;1;RO;OURO PRETO DO OESTE;13;7;Deputado Estadual;36;AGIR;AGIR;AGIR;26
2022;1;RO;ESPIGÃO DO OESTE;12;7;Deputado Estadual;36;AGIR;AGIR;AGIR;10
2022;1;RO;PARECIS;19;7;Deputado Estadual;36;AGIR;AGIR;AGIR;0
2022;1;RO;PORTO VELHO;21;6;Deputado Federal;77;SOLIDARIEDADE;Solidariedade;SOLIDARIEDADE;169
2022;1;RO;CABIXI;8;6;Deputado Federal;77;SOLIDARIEDADE;Solidariedade;SOLIDARIEDADE;3
2022;1;RO;PIMENTA BUENO;9;7;Deputado Estadual;40;PSB;Partido Socialista Brasileiro;PSB;1038
2022;2;RO;JI-PARANÁ;30;3;Governador;44;UNIÃO;UNIÃO BRASIL;UNIÃO / REPUBLICANOS / AVANTE / MDB / PATRIOTA / PSC / Federação PSDB Cidadania(PSDB/CIDADANIA);22093
2022;2;RO;ALTA FLORESTA D OESTE;17;3;Governador;44;UNIÃO;UNIÃO BRASIL;UNIÃO / REPUBLICANOS / AVANTE / MDB / PATRIOTA / PSC / Federação PSDB Cidadania(PSDB/CIDADANIA);9549
2022;2;RO;SERINGUEIRAS;35;3;Governador;44;UNIÃO;UNIÃO BRASIL;UNIÃO / REPUBLICANOS / AVANTE / MDB / PATRIOTA / PSC / Federação PSDB Cidadania(PSDB/CIDADANIA);3578
2022;1;RO;SÃO FELIPE D OESTE;19;3;Governador;44;UNIÃO;UNIÃO BRASIL;UNIÃO / REPUBLICANOS / AVANTE / MDB / PATRIOTA / PSC / Federação PSDB Cidadania(PSDB/CIDADANIA);1444
2022;1;RO;ALTO ALEGRE DOS PARECIS;19;7;Deputado Estadual;23;CIDADANIA;Cidadania;Federação PSDB Cidadania(PSDB/CIDADANIA);0
2022;1;RO;PRESIDENTE MÉDICI;3;5;Senador;12;PDT;Partido Democrático Trabalhista;Federação Brasil da Esperança - FE BRASIL(PT/PC do B/PV) / PDT / PSB / SOLIDARIEDADE;0
2022;1;RO;ALTO ALEGRE DOS PARECIS;19;3;Governador;77;SOLIDARIEDADE;Solidariedade;Federação Brasil da Esperança - FE BRASIL(PT/PC do B/PV) / PSB / SOLIDARIEDADE / PDT;610
2022;1;RO;MACHADINHO D OESTE;32;6;Deputado Federal;18;REDE;Rede Sustentabilidade;Federação PSOL REDE(PSOL/REDE);0
2022;1;RO;MACHADINHO D OESTE;32;3;Governador;77;SOLIDARIEDADE;Solidariedade;Federação Brasil da Esperança - FE BRASIL(PT/PC do B/PV) / PSB / SOLIDARIEDADE / PDT;1920
2022;1;RO;NOVA BRASILÂNDIA D OESTE;15;3;Governador;77;SOLIDARIEDADE;Solidariedade;Federação Brasil da Esperança - FE BRASIL(PT/PC do B/PV) / PSB / SOLIDARIEDADE / PDT;814
2022;1;RO;ESPIGÃO DO OESTE;12;3;Governador;77;SOLIDARIEDADE;Solidariedade;Federação Brasil da Esperança - FE BRASIL(PT/PC do B/PV) / PSB / SOLIDARIEDADE / PDT;1170
2022;1;RO;CACOAL;11;3;Governador;77;SOLIDARIEDADE;Solidariedade;Federação Brasil da Esperança - FE BRASIL(PT/PC do B/PV) / PSB / SOLIDARIEDADE / PDT;4457
2022;1;RO;COSTA MARQUES;5;6;Deputado Federal;13;PT;Partido dos Trabalhadores;Federação Brasil da Esperança - FE BRASIL(PT/PC do B/PV);228
2022;1;RO;NOVO HORIZONTE DO OESTE;15;6;Deputado Federal;13;PT;Partido dos Trabalhadores;Federação Brasil da Esperança - FE BRASIL(PT/PC do B/PV);357
2022;1;RO;GUAJARÁ-MIRIM;1;3;Governador;19;PODE;Podemos;PODE / PMN / PSD;3529
2022;1;RO;RIO CRESPO;26;3;Governador;19;PODE;Podemos;PODE / PMN / PSD;187
2022;1;RO;PIMENTA BUENO;9;5;Senador;55;PSD;Partido Social Democrático;PODE / PSD / PMN;959
2022;1;RO;SÃO FRANCISCO DO GUAPORÉ;5;5;Senador;55;PSD;Partido Social Democrático;PODE / PSD / PMN;1012
2022;1;RO;PRIMAVERA DE RONDÔNIA;9;5;Senador;55;PSD;Partido Social Democrático;PODE / PSD / PMN;211
2022;1;RO;TEIXEIRÓPOLIS;13;5;Senador;55;PSD;Partido Social Democrático;PODE / PSD / PMN;480
2022;1;RO;SERINGUEIRAS;35;7;Deputado Estadual;23;CIDADANIA;Cidadania;Federação PSDB Cidadania(PSDB/CIDADANIA);0
2022;1;RO;MONTE NEGRO;25;6;Deputado Federal;18;REDE;Rede Sustentabilidade;Federação PSOL REDE(PSOL/REDE);0
2022;1;RO;MACHADINHO D OESTE;32;5;Senador;22;PL;Partido Liberal;PL / DC / PTB;6264
2022;1;RO;PRESIDENTE MÉDICI;3;5;Senador;22;PL;Partido Liberal;PL / DC / PTB;2964
2022;1;RO;VALE DO PARAÍSO;28;6;Deputado Federal;20;PSC;Partido Social Cristão;PSC;191
2022;1;RO;SANTA LUZIA D OESTE;19;6;Deputado Federal;44;UNIÃO;UNIÃO BRASIL;UNIÃO;929
2022;1;RO;PORTO VELHO;6;6;Deputado Federal;44;UNIÃO;UNIÃO BRASIL;UNIÃO;20920
2022;1;RO;JARU;10;6;Deputado Federal;44;UNIÃO;UNIÃO BRASIL;UNIÃO;4952
2022;1;RO;CABIXI;8;7;Deputado Estadual;11;PP;PROGRESSISTAS;PP;140
2022;1;RO;ALTO PARAÍSO;25;7;Deputado Estadual;11;PP;PROGRESSISTAS;PP;62
2022;1;RO;TEIXEIRÓPOLIS;13;7;Deputado Estadual;50;PSOL;Partido Socialismo e Liberdade;Federação PSOL REDE(PSOL/REDE);0
2022;1;RO;MIRANTE DA SERRA;28;7;Deputado Estadual;50;PSOL;Partido Socialismo e Liberdade;Federação PSOL REDE(PSOL/REDE);0
2022;1;RO;MONTE NEGRO;25;7;Deputado Estadual;50;PSOL;Partido Socialismo e Liberdade;Federação PSOL REDE(PSOL/REDE);0
2022;1;RO;PRESIDENTE MÉDICI;3;7;Deputado Estadual;15;MDB;Movimento Democrático Brasileiro;MDB;305
2022;1;RO;SANTA LUZIA D OESTE;19;7;Deputado Estadual;15;MDB;Movimento Democrático Brasileiro;MDB;1046
2022;1;RO;ARIQUEMES;7;7;Deputado Estadual;15;MDB;Movimento Democrático Brasileiro;MDB;797
2022;2;RO;MONTE NEGRO;25;3;Governador;22;PL;Partido Liberal;PL / DC / PMB / PTB;4489
2022;2;RO;CACOAL;11;3;Governador;22;PL;Partido Liberal;PL / DC / PMB / PTB;19096
2022;2;RO;PORTO VELHO;6;3;Governador;22;PL;Partido Liberal;PL / DC / PMB / PTB;31052
2022;1;RO;NOVO HORIZONTE DO OESTE;15;3;Governador;19;PODE;Podemos;PODE / PMN / PSD;456
2022;1;RO;PRIMAVERA DE RONDÔNIA;9;3;Governador;19;PODE;Podemos;PODE / PMN / PSD;319
2022;1;RO;ROLIM DE MOURA;29;5;Senador;22;PL;Partido Liberal;PL / DC / PTB;7898
2022;1;RO;MONTE NEGRO;25;5;Senador;22;PL;Partido Liberal;PL / DC / PTB;2622
2022;1;RO;PIMENTEIRAS DO OESTE;16;5;Senador;22;PL;Partido Liberal;PL / DC / PTB;461
2022;1;RO;THEOBROMA;27;6;Deputado Federal;20;PSC;Partido Social Cristão;PSC;200
2022;1;RO;ROLIM DE MOURA;29;6;Deputado Federal;44;UNIÃO;UNIÃO BRASIL;UNIÃO;5761
2022;1;RO;COLORADO DO OESTE;8;6;Deputado Federal;44;UNIÃO;UNIÃO BRASIL;UNIÃO;1977
2022;1;RO;PORTO VELHO;21;6;Deputado Federal;44;UNIÃO;UNIÃO BRASIL;UNIÃO;20105
2022;1;RO;GUAJARÁ-MIRIM;1;6;Deputado Federal;44;UNIÃO;UNIÃO BRASIL;UNIÃO;3225
2022;1;RO;PORTO VELHO;20;7;Deputado Estadual;11;PP;PROGRESSISTAS;PP;1889
2022;1;RO;RIO CRESPO;26;7;Deputado Estadual;50;PSOL;Partido Socialismo e Liberdade;Federação PSOL REDE(PSOL/REDE);0
2022;1;RO;CACAULÂNDIA;26;7;Deputado Estadual;50;PSOL;Partido Socialismo e Liberdade;Federação PSOL REDE(PSOL/REDE);2
2022;1;RO;VALE DO PARAÍSO;28;7;Deputado Estadual;50;PSOL;Partido Socialismo e Liberdade;Federação PSOL REDE(PSOL/REDE);0
2022;1;RO;CABIXI;8;7;Deputado Estadual;15;MDB;Movimento Democrático Brasileiro;MDB;157
2022;1;RO;NOVA MAMORÉ;1;7;Deputado Estadual;15;MDB;Movimento Democrático Brasileiro;MDB;679
2022;1;RO;PIMENTA BUENO;9;7;Deputado Estadual;15;MDB;Movimento Democrático Brasileiro;MDB;325
2022;1;RO;ROLIM DE MOURA;29;7;Deputado Estadual;15;MDB;Movimento Democrático Brasileiro;MDB;1631
2022;1;RO;MIRANTE DA SERRA;28;6;Deputado Federal;15;MDB;Movimento Democrático Brasileiro;MDB;1054
2022;1;RO;CACOAL;11;6;Deputado Federal;15;MDB;Movimento Democrático Brasileiro;MDB;1370
2022;1;RO;GUAJARÁ-MIRIM;1;7;Deputado Estadual;44;UNIÃO;UNIÃO BRASIL;UNIÃO;948
2022;1;RO;SÃO MIGUEL DO GUAPORÉ;35;7;Deputado Estadual;44;UNIÃO;UNIÃO BRASIL;UNIÃO;1595
2022;1;RO;CASTANHEIRAS;15;6;Deputado Federal;10;REPUBLICANOS;REPUBLICANOS;REPUBLICANOS;64
2022;1;RO;SERINGUEIRAS;35;7;Deputado Estadual;33;PMN;Partido da Mobilização Nacional;PMN;620
2022;1;RO;THEOBROMA;27;7;Deputado Estadual;33;PMN;Partido da Mobilização Nacional;PMN;17
2022;1;RO;COLORADO DO OESTE;8;6;Deputado Federal;35;PMB;Partido da Mulher Brasileira;PMB;0
2022;1;RO;VALE DO ANARI;32;6;Deputado Federal;35;PMB;Partido da Mulher Brasileira;PMB;0
2022;1;RO;CANDEIAS DO JAMARI;21;6;Deputado Federal;35;PMB;Partido da Mulher Brasileira;PMB;5
2022;1;RO;SÃO FRANCISCO DO GUAPORÉ;5;6;Deputado Federal;20;PSC;Partido Social Cristão;PSC;181
2022;1;RO;VALE DO ANARI;32;6;Deputado Federal;20;PSC;Partido Social Cristão;PSC;309
2022;1;RO;TEIXEIRÓPOLIS;13;6;Deputado Federal;20;PSC;Partido Social Cristão;PSC;220
2022;1;RO;RIO CRESPO;26;6;Deputado Federal;20;PSC;Partido Social Cristão;PSC;190
2022;1;RO;SERINGUEIRAS;35;6;Deputado Federal;20;PSC;Partido Social Cristão;PSC;347
2022;1;RO;BURITIS;34;6;Deputado Federal;18;REDE;Rede Sustentabilidade;Federação PSOL REDE(PSOL/REDE);0
2022;1;RO;PIMENTA BUENO;9;7;Deputado Estadual;18;REDE;Rede Sustentabilidade;Federação PSOL REDE(PSOL/REDE);7
2022;1;RO;PIMENTEIRAS DO OESTE;16;7;Deputado Estadual;18;REDE;Rede Sustentabilidade;Federação PSOL REDE(PSOL/REDE);0
2022;2;RO;PORTO VELHO;21;3;Governador;44;UNIÃO;UNIÃO BRASIL;UNIÃO / REPUBLICANOS / AVANTE / MDB / PATRIOTA / PSC / Federação PSDB Cidadania(PSDB/CIDADANIA);31146
2022;1;RO;ALTO ALEGRE DOS PARECIS;19;7;Deputado Estadual;40;PSB;Partido Socialista Brasileiro;PSB;204
2022;1;RO;ROLIM DE MOURA;29;7;Deputado Estadual;40;PSB;Partido Socialista Brasileiro;PSB;1422
2022;1;RO;CANDEIAS DO JAMARI;21;7;Deputado Estadual;40;PSB;Partido Socialista Brasileiro;PSB;1488
2022;1;RO;MACHADINHO D OESTE;32;3;Governador;44;UNIÃO;UNIÃO BRASIL;UNIÃO / REPUBLICANOS / AVANTE / MDB / PATRIOTA / PSC / Federação PSDB Cidadania(PSDB/CIDADANIA);4020
2022;1;RO;MINISTRO ANDREAZZA;11;7;Deputado Estadual;23;CIDADANIA;Cidadania;Federação PSDB Cidadania(PSDB/CIDADANIA);0
2022;1;RO;VILHENA;4;5;Senador;12;PDT;Partido Democrático Trabalhista;Federação Brasil da Esperança - FE BRASIL(PT/PC do B/PV) / PDT / PSB / SOLIDARIEDADE;0
2022;1;RO;SÃO FELIPE D OESTE;19;5;Senador;12;PDT;Partido Democrático Trabalhista;Federação Brasil da Esperança - FE BRASIL(PT/PC do B/PV) / PDT / PSB / SOLIDARIEDADE;0
2022;1;RO;PORTO VELHO;6;5;Senador;12;PDT;Partido Democrático Trabalhista;Federação Brasil da Esperança - FE BRASIL(PT/PC do B/PV) / PDT / PSB / SOLIDARIEDADE;0
2022;1;RO;ESPIGÃO DO OESTE;12;5;Senador;12;PDT;Partido Democrático Trabalhista;Federação Brasil da Esperança - FE BRASIL(PT/PC do B/PV) / PDT / PSB / SOLIDARIEDADE;0
2022;1;RO;ALTO PARAÍSO;25;3;Governador;77;SOLIDARIEDADE;Solidariedade;Federação Brasil da Esperança - FE BRASIL(PT/PC do B/PV) / PSB / SOLIDARIEDADE / PDT;623
2022;1;RO;ALTO ALEGRE DOS PARECIS;19;7;Deputado Estadual;77;SOLIDARIEDADE;Solidariedade;SOLIDARIEDADE;1
2022;1;RO;CABIXI;8;7;Deputado Estadual;19;PODE;Podemos;PODE;57
2022;1;RO;ROLIM DE MOURA;29;7;Deputado Estadual;11;PP;PROGRESSISTAS;PP;877
2022;1;RO;MIRANTE DA SERRA;28;7;Deputado Estadual;11;PP;PROGRESSISTAS;PP;110
2022;1;RO;NOVA UNIÃO;28;7;Deputado Estadual;11;PP;PROGRESSISTAS;PP;52
2022;1;RO;VALE DO ANARI;32;7;Deputado Estadual;11;PP;PROGRESSISTAS;PP;87
2022;1;RO;PRIMAVERA DE RONDÔNIA;9;7;Deputado Estadual;50;PSOL;Partido Socialismo e Liberdade;Federação PSOL REDE(PSOL/REDE);0
2022;1;RO;NOVO HORIZONTE DO OESTE;15;7;Deputado Estadual;15;MDB;Movimento Democrático Brasileiro;MDB;956
2022;1;RO;SÃO FRANCISCO DO GUAPORÉ;5;7;Deputado Estadual;15;MDB;Movimento Democrático Brasileiro;MDB;152
2022;1;RO;JI-PARANÁ;30;7;Deputado Estadual;15;MDB;Movimento Democrático Brasileiro;MDB;6365
2022;1;RO;TEIXEIRÓPOLIS;13;7;Deputado Estadual;15;MDB;Movimento Democrático Brasileiro;MDB;64
2022;1;RO;PRIMAVERA DE RONDÔNIA;9;6;Deputado Federal;12;PDT;Partido Democrático Trabalhista;PDT;3
2022;1;RO;TEIXEIRÓPOLIS;13;6;Deputado Federal;12;PDT;Partido Democrático Trabalhista;PDT;8
2022;1;RO;PIMENTA BUENO;9;7;Deputado Estadual;20;PSC;Partido Social Cristão;PSC;226
2022;1;RO;NOVA UNIÃO;28;7;Deputado Estadual;20;PSC;Partido Social Cristão;PSC;848
2022;1;RO;CUJUBIM;26;3;Governador;22;PL;Partido Liberal;PL / DC / PMB / PTB;3961
2022;1;RO;CORUMBIARA;16;3;Governador;22;PL;Partido Liberal;PL / DC / PMB / PTB;1215
2022;1;RO;CEREJEIRAS;16;7;Deputado Estadual;22;PL;Partido Liberal;PL;545
2022;1;RO;PRIMAVERA DE RONDÔNIA;9;7;Deputado Estadual;22;PL;Partido Liberal;PL;324
2022;1;RO;VALE DO ANARI;32;7;Deputado Estadual;51;PATRIOTA;Patriota;PATRIOTA;199
2022;1;RO;VALE DO ANARI;32;7;Deputado Estadual;14;PTB;Partido Trabalhista Brasileiro;PTB;125
2022;1;RO;SANTA LUZIA D OESTE;19;7;Deputado Estadual;14;PTB;Partido Trabalhista Brasileiro;PTB;94
2022;1;RO;OURO PRETO DO OESTE;13;3;Governador;44;UNIÃO;UNIÃO BRASIL;UNIÃO / REPUBLICANOS / AVANTE / MDB / PATRIOTA / PSC / Federação PSDB Cidadania(PSDB/CIDADANIA);7485
2022;1;RO;SÃO MIGUEL DO GUAPORÉ;35;3;Governador;44;UNIÃO;UNIÃO BRASIL;UNIÃO / REPUBLICANOS / AVANTE / MDB / PATRIOTA / PSC / Federação PSDB Cidadania(PSDB/CIDADANIA);6222
2022;1;RO;MIRANTE DA SERRA;28;3;Governador;44;UNIÃO;UNIÃO BRASIL;UNIÃO / REPUBLICANOS / AVANTE / MDB / PATRIOTA / PSC / Federação PSDB Cidadania(PSDB/CIDADANIA);1790
2022;1;RO;VILHENA;4;3;Governador;77;SOLIDARIEDADE;Solidariedade;Federação Brasil da Esperança - FE BRASIL(PT/PC do B/PV) / PSB / SOLIDARIEDADE / PDT;3489
2022;1;RO;CUJUBIM;26;3;Governador;77;SOLIDARIEDADE;Solidariedade;Federação Brasil da Esperança - FE BRASIL(PT/PC do B/PV) / PSB / SOLIDARIEDADE / PDT;374
2022;1;RO;RIO CRESPO;26;3;Governador;77;SOLIDARIEDADE;Solidariedade;Federação Brasil da Esperança - FE BRASIL(PT/PC do B/PV) / PSB / SOLIDARIEDADE / PDT;156
2022;1;RO;PORTO VELHO;21;5;Senador;12;PDT;Partido Democrático Trabalhista;Federação Brasil da Esperança - FE BRASIL(PT/PC do B/PV) / PDT / PSB / SOLIDARIEDADE;0
2022;1;RO;PIMENTEIRAS DO OESTE;16;5;Senador;12;PDT;Partido Democrático Trabalhista;Federação Brasil da Esperança - FE BRASIL(PT/PC do B/PV) / PDT / PSB / SOLIDARIEDADE;0
2022;1;RO;CABIXI;8;5;Senador;12;PDT;Partido Democrático Trabalhista;Federação Brasil da Esperança - FE BRASIL(PT/PC do B/PV) / PDT / PSB / SOLIDARIEDADE;0
2022;1;RO;CACOAL;11;5;Senador;12;PDT;Partido Democrático Trabalhista;Federação Brasil da Esperança - FE BRASIL(PT/PC do B/PV) / PDT / PSB / SOLIDARIEDADE;0
2022;1;RO;ITAPUÃ DO OESTE;2;6;Deputado Federal;18;REDE;Rede Sustentabilidade;Federação PSOL REDE(PSOL/REDE);0
2022;1;RO;GUAJARÁ-MIRIM;1;6;Deputado Federal;18;REDE;Rede Sustentabilidade;Federação PSOL REDE(PSOL/REDE);0
2022;1;RO;PORTO VELHO;20;5;Senador;11;PP;PROGRESSISTAS;PP;3317
2022;1;RO;SANTA LUZIA D OESTE;19;6;Deputado Federal;13;PT;Partido dos Trabalhadores;Federação Brasil da Esperança - FE BRASIL(PT/PC do B/PV);304
2022;1;RO;CANDEIAS DO JAMARI;21;6;Deputado Federal;13;PT;Partido dos Trabalhadores;Federação Brasil da Esperança - FE BRASIL(PT/PC do B/PV);458
2022;1;RO;SÃO MIGUEL DO GUAPORÉ;35;7;Deputado Estadual;23;CIDADANIA;Cidadania;Federação PSDB Cidadania(PSDB/CIDADANIA);0
2022;1;RO;PIMENTA BUENO;9;3;Governador;19;PODE;Podemos;PODE / PMN / PSD;1941
2022;1;RO;TEIXEIRÓPOLIS;13;3;Governador;19;PODE;Podemos;PODE / PMN / PSD;147
2022;1;RO;CEREJEIRAS;16;3;Governador;19;PODE;Podemos;PODE / PMN / PSD;538
2022;1;RO;NOVA BRASILÂNDIA D OESTE;15;7;Deputado Estadual;77;SOLIDARIEDADE;Solidariedade;SOLIDARIEDADE;2
2022;1;RO;GUAJARÁ-MIRIM;1;7;Deputado Estadual;77;SOLIDARIEDADE;Solidariedade;SOLIDARIEDADE;370
2022;1;RO;TEIXEIRÓPOLIS;13;7;Deputado Estadual;19;PODE;Podemos;PODE;177
2022;1;RO;CEREJEIRAS;16;7;Deputado Estadual;19;PODE;Podemos;PODE;225
2022;1;RO;ARIQUEMES;7;7;Deputado Estadual;13;PT;Partido dos Trabalhadores;Federação Brasil da Esperança - FE BRASIL(PT/PC do B/PV);1058
2022;2;RO;NOVO HORIZONTE DO OESTE;15;3;Governador;22;PL;Partido Liberal;PL / DC / PMB / PTB;2236
2022;2;RO;GOVERNADOR JORGE TEIXEIRA;27;3;Governador;22;PL;Partido Liberal;PL / DC / PMB / PTB;2645
2022;2;RO;THEOBROMA;27;3;Governador;22;PL;Partido Liberal;PL / DC / PMB / PTB;2820
2022;1;RO;NOVA BRASILÂNDIA D OESTE;15;6;Deputado Federal;18;REDE;Rede Sustentabilidade;Federação PSOL REDE(PSOL/REDE);0
2022;1;RO;VALE DO PARAÍSO;28;3;Governador;19;PODE;Podemos;PODE / PMN / PSD;122
2022;1;RO;BURITIS;34;3;Governador;19;PODE;Podemos;PODE / PMN / PSD;2115
2022;1;RO;CUJUBIM;26;5;Senador;55;PSD;Partido Social Democrático;PODE / PSD / PMN;262
2022;1;RO;MONTE NEGRO;25;5;Senador;55;PSD;Partido Social Democrático;PODE / PSD / PMN;1128
2022;1;RO;CEREJEIRAS;16;7;Deputado Estadual;23;CIDADANIA;Cidadania;Federação PSDB Cidadania(PSDB/CIDADANIA);0
2022;1;RO;ESPIGÃO DO OESTE;12;5;Senador;22;PL;Partido Liberal;PL / DC / PTB;7600
2022;1;RO;CABIXI;8;5;Senador;22;PL;Partido Liberal;PL / DC / PTB;1114
2022;1;RO;PRIMAVERA DE RONDÔNIA;9;6;Deputado Federal;20;PSC;Partido Social Cristão;PSC;122
2022;1;RO;GOVERNADOR JORGE TEIXEIRA;27;7;Deputado Estadual;11;PP;PROGRESSISTAS;PP;63
2022;1;RO;CANDEIAS DO JAMARI;21;7;Deputado Estadual;11;PP;PROGRESSISTAS;PP;182
2022;2;RO;SÃO MIGUEL DO GUAPORÉ;35;3;Governador;22;PL;Partido Liberal;PL / DC / PMB / PTB;5123
2022;2;RO;PIMENTEIRAS DO OESTE;16;3;Governador;22;PL;Partido Liberal;PL / DC / PMB / PTB;737
2022;1;RO;COLORADO DO OESTE;8;3;Governador;19;PODE;Podemos;PODE / PMN / PSD;705
2022;1;RO;VALE DO ANARI;32;6;Deputado Federal;18;REDE;Rede Sustentabilidade;Federação PSOL REDE(PSOL/REDE);0
2022;1;RO;OURO PRETO DO OESTE;13;5;Senador;22;PL;Partido Liberal;PL / DC / PTB;7347
2022;1;RO;PRIMAVERA DE RONDÔNIA;9;5;Senador;22;PL;Partido Liberal;PL / DC / PTB;531
2022;1;RO;CHUPINGUAIA;8;5;Senador;22;PL;Partido Liberal;PL / DC / PTB;1881
2022;1;RO;ALTO ALEGRE DOS PARECIS;19;6;Deputado Federal;44;UNIÃO;UNIÃO BRASIL;UNIÃO;1092
2022;1;RO;MIRANTE DA SERRA;28;6;Deputado Federal;44;UNIÃO;UNIÃO BRASIL;UNIÃO;1273
2022;1;RO;VALE DO ANARI;32;6;Deputado Federal;44;UNIÃO;UNIÃO BRASIL;UNIÃO;473
2022;1;RO;URUPÁ;18;6;Deputado Federal;44;UNIÃO;UNIÃO BRASIL;UNIÃO;1172
2022;1;RO;PORTO VELHO;6;7;Deputado Estadual;50;PSOL;Partido Socialismo e Liberdade;Federação PSOL REDE(PSOL/REDE);64
2022;1;RO;COLORADO DO OESTE;8;7;Deputado Estadual;15;MDB;Movimento Democrático Brasileiro;MDB;346
2022;1;RO;URUPÁ;18;5;Senador;12;PDT;Partido Democrático Trabalhista;Federação Brasil da Esperança - FE BRASIL(PT/PC do B/PV) / PDT / PSB / SOLIDARIEDADE;0
2022;1;RO;COSTA MARQUES;5;3;Governador;77;SOLIDARIEDADE;Solidariedade;Federação Brasil da Esperança - FE BRASIL(PT/PC do B/PV) / PSB / SOLIDARIEDADE / PDT;406
2022;1;RO;RIO CRESPO;26;6;Deputado Federal;18;REDE;Rede Sustentabilidade;Federação PSOL REDE(PSOL/REDE);0
2022;1;RO;MINISTRO ANDREAZZA;11;6;Deputado Federal;18;REDE;Rede Sustentabilidade;Federação PSOL REDE(PSOL/REDE);0
2022;1;RO;CACAULÂNDIA;26;5;Senador;11;PP;PROGRESSISTAS;PP;304
2022;1;RO;VALE DO ANARI;32;5;Senador;11;PP;PROGRESSISTAS;PP;544
2022;1;RO;MONTE NEGRO;25;5;Senador;11;PP;PROGRESSISTAS;PP;613
2022;1;RO;BURITIS;34;6;Deputado Federal;13;PT;Partido dos Trabalhadores;Federação Brasil da Esperança - FE BRASIL(PT/PC do B/PV);767
2022;2;RO;MACHADINHO D OESTE;32;3;Governador;22;PL;Partido Liberal;PL / DC / PMB / PTB;9473
2022;1;RO;CANDEIAS DO JAMARI;21;7;Deputado Estadual;23;CIDADANIA;Cidadania;Federação PSDB Cidadania(PSDB/CIDADANIA);0
2022;1;RO;PORTO VELHO;2;6;Deputado Federal;18;REDE;Rede Sustentabilidade;Federação PSOL REDE(PSOL/REDE);0
2022;1;RO;THEOBROMA;27;3;Governador;19;PODE;Podemos;PODE / PMN / PSD;1171
2022;1;RO;MIRANTE DA SERRA;28;5;Senador;55;PSD;Partido Social Democrático;PODE / PSD / PMN;1030
2022;1;RO;ROLIM DE MOURA;29;7;Deputado Estadual;23;CIDADANIA;Cidadania;Federação PSDB Cidadania(PSDB/CIDADANIA);0
2022;1;RO;VALE DO PARAÍSO;28;5;Senador;22;PL;Partido Liberal;PL / DC / PTB;703
2022;1;RO;PIMENTA BUENO;9;5;Senador;22;PL;Partido Liberal;PL / DC / PTB;7120
2022;1;RO;CEREJEIRAS;16;5;Senador;22;PL;Partido Liberal;PL / DC / PTB;4133
